"OverrideNamedEngramEntries=(EngramClassName=""EngramEntry_Campfire_C"",EngramLevelRequirement=2,EngramPointsCost=3,EngramHidden=True,RemoveEngramPreReq=True)",THE ISLAND / BASE,https://ark-engram-editor.pages.dev/EngramsEditor,,,,,
"OverrideNamedEngramEntries=(EngramClassName=""EngramEntry_HideSleepingBag_C"",EngramLevelRequirement=4,EngramPointsCost=3,EngramHidden=True,RemoveEngramPreReq=True)",,,,,,,
"OverrideNamedEngramEntries=(EngramClassName=""EngramEntry_NotePaper_C"",EngramLevelRequirement=1,EngramPointsCost=0,EngramHidden=False,RemoveEngramPreReq=True)",,,,,,,
"OverrideNamedEngramEntries=(EngramClassName=""EngramEntry_StonePick_C"",EngramLevelRequirement=1,EngramPointsCost=0,EngramHidden=False,RemoveEngramPreReq=True)",,,,,,,
"OverrideNamedEngramEntries=(EngramClassName=""EngramEntry_Torch_C"",EngramLevelRequirement=1,EngramPointsCost=0,EngramHidden=False,RemoveEngramPreReq=True)",,,,,,,bOnlyAllowSpecifiedEngrams=true
"OverrideNamedEngramEntries=(EngramClassName=""EngramEntry_Campfire_C"",EngramLevelRequirement=2,EngramPointsCost=3,EngramHidden=False,RemoveEngramPreReq=True)",,,,,,,
"OverrideNamedEngramEntries=(EngramClassName=""EngramEntry_Spear_C"",EngramLevelRequirement=2,EngramPointsCost=3,EngramHidden=False,RemoveEngramPreReq=True)",,,,,,,
"OverrideNamedEngramEntries=(EngramClassName=""EngramEntry_StoneHatchet_C"",EngramLevelRequirement=2,EngramPointsCost=3,EngramHidden=False,RemoveEngramPreReq=True)",,,,,,,
"OverrideNamedEngramEntries=(EngramClassName=""EngramEntry_ClothBoots_C"",EngramLevelRequirement=3,EngramPointsCost=3,EngramHidden=False,RemoveEngramPreReq=True)",,,,,,,
"OverrideNamedEngramEntries=(EngramClassName=""EngramEntry_ClothGloves_C"",EngramLevelRequirement=3,EngramPointsCost=3,EngramHidden=False,RemoveEngramPreReq=True)",,,,,,,
"OverrideNamedEngramEntries=(EngramClassName=""EngramEntry_ClothHelmet_C"",EngramLevelRequirement=3,EngramPointsCost=3,EngramHidden=False,RemoveEngramPreReq=True)",,,,,,,
"OverrideNamedEngramEntries=(EngramClassName=""EngramEntry_ClothPants_C"",EngramLevelRequirement=3,EngramPointsCost=3,EngramHidden=False,RemoveEngramPreReq=True)",,,,,,,
"OverrideNamedEngramEntries=(EngramClassName=""EngramEntry_ClothShirt_C"",EngramLevelRequirement=3,EngramPointsCost=3,EngramHidden=False,RemoveEngramPreReq=True)",,,,,,,
"OverrideNamedEngramEntries=(EngramClassName=""EngramEntry_Waterskin_C"",EngramLevelRequirement=3,EngramPointsCost=6,EngramHidden=False,RemoveEngramPreReq=True)",,,,,,,
"OverrideNamedEngramEntries=(EngramClassName=""EngramEntry_DecorBox_C"",EngramLevelRequirement=4,EngramPointsCost=2,EngramHidden=False,RemoveEngramPreReq=True)",,,,,,,
"OverrideNamedEngramEntries=(EngramClassName=""EngramEntry_HideSleepingBag_C"",EngramLevelRequirement=4,EngramPointsCost=3,EngramHidden=False,RemoveEngramPreReq=True)",,,,,,,
"OverrideNamedEngramEntries=(EngramClassName=""EngramEntry_StorageBox_Small_C"",EngramLevelRequirement=4,EngramPointsCost=6,EngramHidden=False,RemoveEngramPreReq=True)",,,,,,,
"OverrideNamedEngramEntries=(EngramClassName=""EngramEntry_ThatchCeiling_C"",EngramLevelRequirement=4,EngramPointsCost=3,EngramHidden=False,RemoveEngramPreReq=True)",,,,,,,
"OverrideNamedEngramEntries=(EngramClassName=""EngramEntry_ThatchDoor_C"",EngramLevelRequirement=4,EngramPointsCost=3,EngramHidden=False,RemoveEngramPreReq=True)",,,,,,,
"OverrideNamedEngramEntries=(EngramClassName=""EngramEntry_ThatchFloor_C"",EngramLevelRequirement=4,EngramPointsCost=3,EngramHidden=False,RemoveEngramPreReq=True)",,,,,,,
"OverrideNamedEngramEntries=(EngramClassName=""EngramEntry_ThatchWall_C"",EngramLevelRequirement=4,EngramPointsCost=3,EngramHidden=False,RemoveEngramPreReq=True)",,,,,,,
"OverrideNamedEngramEntries=(EngramClassName=""EngramEntry_Ladder_Thatch_C"",EngramLevelRequirement=4,EngramPointsCost=3,EngramHidden=True,RemoveEngramPreReq=False)",not on website,,,,,,
"OverrideNamedEngramEntries=(EngramClassName=""EngramEntry_ThatchPillar_C"",EngramLevelRequirement=4,EngramPointsCost=3,EngramHidden=False,RemoveEngramPreReq=True)",not on website,,,,,,
"OverrideNamedEngramEntries=(EngramClassName=""EngramEntry_TriFoundation_Thatch_C"",EngramLevelRequirement=4,EngramPointsCost=3,EngramHidden=False,RemoveEngramPreReq=True)",not on website,,,,,,
"OverrideNamedEngramEntries=(EngramClassName=""EngramEntry_TriCeiling_Thatch_C"",EngramLevelRequirement=4,EngramPointsCost=3,EngramHidden=True,RemoveEngramPreReq=False)",not on website,,,,,,
"OverrideNamedEngramEntries=(EngramClassName=""EngramEntry_Saddle_Phiomia_C"",EngramLevelRequirement=5,EngramPointsCost=6,EngramHidden=False,RemoveEngramPreReq=True)",,,,,,,
"OverrideNamedEngramEntries=(EngramClassName=""EngramEntry_Slingshot_C"",EngramLevelRequirement=5,EngramPointsCost=6,EngramHidden=False,RemoveEngramPreReq=True)",,,,,,,
"OverrideNamedEngramEntries=(EngramClassName=""EngramEntry_ThatchRoof_C"",EngramLevelRequirement=5,EngramPointsCost=3,EngramHidden=False,RemoveEngramPreReq=True)",,,,,,,
"OverrideNamedEngramEntries=(EngramClassName=""EngramEntry_ThatchSlopedWall_left_C"",EngramLevelRequirement=5,EngramPointsCost=3,EngramHidden=False,RemoveEngramPreReq=True)",,,,,,,
"OverrideNamedEngramEntries=(EngramClassName=""EngramEntry_TriRoof_Thatch_C"",EngramLevelRequirement=5,EngramPointsCost=2,EngramHidden=False,RemoveEngramPreReq=True)",,,,,,,
"OverrideNamedEngramEntries=(EngramClassName=""EngramEntry_FenceFoundation_Thatch_C"",EngramLevelRequirement=5,EngramPointsCost=3,EngramHidden=False,RemoveEngramPreReq=True)",not on website,,,,,,
"OverrideNamedEngramEntries=(EngramClassName=""EngramEntry_WoodSign_C"",EngramLevelRequirement=5,EngramPointsCost=3,EngramHidden=False,RemoveEngramPreReq=True)",,,,,,,
"OverrideNamedEngramEntries=(EngramClassName=""EngramEntry_BloodExtractor_C"",EngramLevelRequirement=6,EngramPointsCost=6,EngramHidden=False,RemoveEngramPreReq=True)",,,,,,,
"OverrideNamedEngramEntries=(EngramClassName=""EngramEntry_MortarAndPestle_C"",EngramLevelRequirement=6,EngramPointsCost=6,EngramHidden=False,RemoveEngramPreReq=True)",,,,,,,
"OverrideNamedEngramEntries=(EngramClassName=""EngramEntry_Railing_Thatch_C"",EngramLevelRequirement=6,EngramPointsCost=3,EngramHidden=False,RemoveEngramPreReq=True)",not on website,,,,,,
"OverrideNamedEngramEntries=(EngramClassName=""EngramEntry_Narcotic_C"",EngramLevelRequirement=6,EngramPointsCost=6,EngramHidden=False,RemoveEngramPreReq=True)",,,,,,,
"OverrideNamedEngramEntries=(EngramClassName=""EngramEntry_Sparkpowder_C"",EngramLevelRequirement=6,EngramPointsCost=3,EngramHidden=False,RemoveEngramPreReq=True)",,,,,,,
"OverrideNamedEngramEntries=(EngramClassName=""EngramEntry_SimpleBed_C"",EngramLevelRequirement=7,EngramPointsCost=8,EngramHidden=False,RemoveEngramPreReq=True)",,,,,,,
"OverrideNamedEngramEntries=(EngramClassName=""EngramEntry_Spyglass_C"",EngramLevelRequirement=7,EngramPointsCost=2,EngramHidden=False,RemoveEngramPreReq=True)",,,,,,,
"OverrideNamedEngramEntries=(EngramClassName=""EngramEntry_StandingTorch_C"",EngramLevelRequirement=7,EngramPointsCost=6,EngramHidden=False,RemoveEngramPreReq=True)",,,,,,,
"OverrideNamedEngramEntries=(EngramClassName=""EngramEntry_CookingPot_C"",EngramLevelRequirement=8,EngramPointsCost=9,EngramHidden=False,RemoveEngramPreReq=True)",,,,,,,
"OverrideNamedEngramEntries=(EngramClassName=""EngramEntry_Flag_C"",EngramLevelRequirement=8,EngramPointsCost=6,EngramHidden=False,RemoveEngramPreReq=True)",,,,,,,
"OverrideNamedEngramEntries=(EngramClassName=""EngramEntry_StoneClub_C"",EngramLevelRequirement=8,EngramPointsCost=4,EngramHidden=False,RemoveEngramPreReq=True)",,,,,,,
"OverrideNamedEngramEntries=(EngramClassName=""EngramEntry_Bola_C"",EngramLevelRequirement=9,EngramPointsCost=8,EngramHidden=False,RemoveEngramPreReq=True)",,,,,,,
"OverrideNamedEngramEntries=(EngramClassName=""EngramEntry_Paintbrush_C"",EngramLevelRequirement=9,EngramPointsCost=3,EngramHidden=False,RemoveEngramPreReq=True)",,,,,,,
"OverrideNamedEngramEntries=(EngramClassName=""EngramEntry_Saddle_Para_C"",EngramLevelRequirement=9,EngramPointsCost=9,EngramHidden=False,RemoveEngramPreReq=True)",,,,,,,
"OverrideNamedEngramEntries=(EngramClassName=""EngramEntry_TrainingDummy_C"",EngramLevelRequirement=9,EngramPointsCost=8,EngramHidden=False,RemoveEngramPreReq=True)",,,,,,,
"OverrideNamedEngramEntries=(EngramClassName=""EngramEntry_Bow_C"",EngramLevelRequirement=10,EngramPointsCost=11,EngramHidden=False,RemoveEngramPreReq=True)",,,,,,,
"OverrideNamedEngramEntries=(EngramClassName=""EngramEntry_Saddle_Turtle_C"",EngramLevelRequirement=10,EngramPointsCost=12,EngramHidden=False,RemoveEngramPreReq=True)",,,,,,,
"OverrideNamedEngramEntries=(EngramClassName=""EngramEntry_CropPlot_Small_C"",EngramLevelRequirement=10,EngramPointsCost=9,EngramHidden=False,RemoveEngramPreReq=True)",,,,,,,
"OverrideNamedEngramEntries=(EngramClassName=""EngramEntry_ArrowStone_C"",EngramLevelRequirement=10,EngramPointsCost=2,EngramHidden=False,RemoveEngramPreReq=True)",,,,,,,
"OverrideNamedEngramEntries=(EngramClassName=""EngramEntry_Stimulant_C"",EngramLevelRequirement=11,EngramPointsCost=6,EngramHidden=False,RemoveEngramPreReq=True)",,,,,,,
"OverrideNamedEngramEntries=(EngramClassName=""EngramEntry_WoodCeiling_C"",EngramLevelRequirement=11,EngramPointsCost=6,EngramHidden=False,RemoveEngramPreReq=True)",,,,,,,
"OverrideNamedEngramEntries=(EngramClassName=""EngramEntry_WoodDoor_C"",EngramLevelRequirement=11,EngramPointsCost=4,EngramHidden=False,RemoveEngramPreReq=True)",,,,,,,
"OverrideNamedEngramEntries=(EngramClassName=""EngramEntry_TriFoundation_Wood_C"",EngramLevelRequirement=11,EngramPointsCost=6,EngramHidden=False,RemoveEngramPreReq=True)",,,,,,,
"OverrideNamedEngramEntries=(EngramClassName=""EngramEntry_WoodFenceFoundation_C"",EngramLevelRequirement=11,EngramPointsCost=6,EngramHidden=False,RemoveEngramPreReq=True)",,,,,,,
"OverrideNamedEngramEntries=(EngramClassName=""EngramEntry_WoodFloor_C"",EngramLevelRequirement=11,EngramPointsCost=6,EngramHidden=False,RemoveEngramPreReq=True)",,,,,,,
"OverrideNamedEngramEntries=(EngramClassName=""EngramEntry_TriCeiling_Wood_C"",EngramLevelRequirement=11,EngramPointsCost=6,EngramHidden=False,RemoveEngramPreReq=True)",,,,,,,
"OverrideNamedEngramEntries=(EngramClassName=""EngramEntry_WoodWall_C"",EngramLevelRequirement=11,EngramPointsCost=7,EngramHidden=False,RemoveEngramPreReq=True)",,,,,,,
"OverrideNamedEngramEntries=(EngramClassName=""EngramEntry_WoodCage_C"",EngramLevelRequirement=12,EngramPointsCost=10,EngramHidden=False,RemoveEngramPreReq=True)",,,,,,,
"OverrideNamedEngramEntries=(EngramClassName=""EngramEntry_WoodShield_C"",EngramLevelRequirement=12,EngramPointsCost=7,EngramHidden=False,RemoveEngramPreReq=True)",,,,,,,
"OverrideNamedEngramEntries=(EngramClassName=""EngramEntry_WoodPillar_C"",EngramLevelRequirement=12,EngramPointsCost=9,EngramHidden=False,RemoveEngramPreReq=True)",,,,,,,
"OverrideNamedEngramEntries=(EngramClassName=""EngramEntry_Ramp_Wood_C"",EngramLevelRequirement=12,EngramPointsCost=3,EngramHidden=False,RemoveEngramPreReq=True)",,,,,,,
"OverrideNamedEngramEntries=(EngramClassName=""EngramEntry_WoodSlopedWall_Left_C"",EngramLevelRequirement=12,EngramPointsCost=3,EngramHidden=False,RemoveEngramPreReq=True)",,,,,,,
"OverrideNamedEngramEntries=(EngramClassName=""EngramEntry_ChitinPaste_C"",EngramLevelRequirement=13,EngramPointsCost=3,EngramHidden=False,RemoveEngramPreReq=True)",,,,,,,
"OverrideNamedEngramEntries=(EngramClassName=""EngramEntry_Fishbasket_C"",EngramLevelRequirement=13,EngramPointsCost=6,EngramHidden=False,RemoveEngramPreReq=True)",,,,,,,
"OverrideNamedEngramEntries=(EngramClassName=""EngramEntry_Saddle_Dolphin_C"",EngramLevelRequirement=13,EngramPointsCost=8,EngramHidden=False,RemoveEngramPreReq=True)",,,,,,,
"OverrideNamedEngramEntries=(EngramClassName=""EngramEntry_Wardrums_C"",EngramLevelRequirement=13,EngramPointsCost=6,EngramHidden=False,RemoveEngramPreReq=True)",,,,,,,
"OverrideNamedEngramEntries=(EngramClassName=""EngramEntry_WoodLadder_C"",EngramLevelRequirement=13,EngramPointsCost=6,EngramHidden=False,RemoveEngramPreReq=True)",,,,,,,
"OverrideNamedEngramEntries=(EngramClassName=""EngramEntry_WoodRailing_C"",EngramLevelRequirement=14,EngramPointsCost=3,EngramHidden=False,RemoveEngramPreReq=True)",not on website,,,,,,
"OverrideNamedEngramEntries=(EngramClassName=""EngramEntry_TriRoof_Wood_C"",EngramLevelRequirement=14,EngramPointsCost=4,EngramHidden=False,RemoveEngramPreReq=True)",not on website,,,,,,
"OverrideNamedEngramEntries=(EngramClassName=""EngramEntry_WoodSpikeWall_C"",EngramLevelRequirement=13,EngramPointsCost=4,EngramHidden=False,RemoveEngramPreReq=True)",,,,,,,
"OverrideNamedEngramEntries=(EngramClassName=""EngramEntry_Saddle_Pachy_C"",EngramLevelRequirement=14,EngramPointsCost=9,EngramHidden=False,RemoveEngramPreReq=True)",,,,,,,
"OverrideNamedEngramEntries=(EngramClassName=""EngramEntry_WoodRailing_C"",EngramLevelRequirement=14,EngramPointsCost=3,EngramHidden=False,RemoveEngramPreReq=True)",,,,,,,
"OverrideNamedEngramEntries=(EngramClassName=""EngramEntry_TriRoof_Wood_C"",EngramLevelRequirement=14,EngramPointsCost=4,EngramHidden=False,RemoveEngramPreReq=True)",,,,,,,
"OverrideNamedEngramEntries=(EngramClassName=""EngramEntry_TriCeiling_Adobe_C"",EngramLevelRequirement=15,EngramPointsCost=5,EngramHidden=False,RemoveEngramPreReq=True)",,,,,,,
"OverrideNamedEngramEntries=(EngramClassName=""EngramEntry_TriFoundation_Adobe_C"",EngramLevelRequirement=15,EngramPointsCost=6,EngramHidden=False,RemoveEngramPreReq=True)",,,,,,,
"OverrideNamedEngramEntries=(EngramClassName=""EngramEntry_CompostBin_C"",EngramLevelRequirement=15,EngramPointsCost=6,EngramHidden=False,RemoveEngramPreReq=True)",,,,,,,
"OverrideNamedEngramEntries=(EngramClassName=""EngramEntry_FlareLauncher_C"",EngramLevelRequirement=15,EngramPointsCost=6,EngramHidden=False,RemoveEngramPreReq=True)",,,,,,,
"OverrideNamedEngramEntries=(EngramClassName=""EngramEntry_Gunpowder_C"",EngramLevelRequirement=15,EngramPointsCost=2,EngramHidden=False,RemoveEngramPreReq=True)",,,,,,,
"OverrideNamedEngramEntries=(EngramClassName=""EngramEntry_HideBoots_C"",EngramLevelRequirement=15,EngramPointsCost=7,EngramHidden=False,RemoveEngramPreReq=True)",,,,,,,
"OverrideNamedEngramEntries=(EngramClassName=""EngramEntry_HideGloves_C"",EngramLevelRequirement=15,EngramPointsCost=7,EngramHidden=False,RemoveEngramPreReq=True)",,,,,,,
"OverrideNamedEngramEntries=(EngramClassName=""EngramEntry_HideHelmet_C"",EngramLevelRequirement=15,EngramPointsCost=9,EngramHidden=False,RemoveEngramPreReq=True)",,,,,,,
"OverrideNamedEngramEntries=(EngramClassName=""EngramEntry_HidePants_C"",EngramLevelRequirement=15,EngramPointsCost=9,EngramHidden=False,RemoveEngramPreReq=True)",,,,,,,
"OverrideNamedEngramEntries=(EngramClassName=""EngramEntry_HideShirt_C"",EngramLevelRequirement=15,EngramPointsCost=6,EngramHidden=False,RemoveEngramPreReq=True)",,,,,,,
"OverrideNamedEngramEntries=(EngramClassName=""EngramEntry_LargeWall_Wood_C"",EngramLevelRequirement=15,EngramPointsCost=9,EngramHidden=False,RemoveEngramPreReq=True)",,,,,,,
"OverrideNamedEngramEntries=(EngramClassName=""EngramEntry_Ramp_Adobe_C"",EngramLevelRequirement=16,EngramPointsCost=3,EngramHidden=False,RemoveEngramPreReq=True)",,,,,,,
"OverrideNamedEngramEntries=(EngramClassName=""EngramEntry_BugRepel_C"",EngramLevelRequirement=16,EngramPointsCost=12,EngramHidden=False,RemoveEngramPreReq=True)",,,,,,,
"OverrideNamedEngramEntries=(EngramClassName=""EngramEntry_Gravestone_C"",EngramLevelRequirement=16,EngramPointsCost=8,EngramHidden=False,RemoveEngramPreReq=True)",,,,,,,
"OverrideNamedEngramEntries=(EngramClassName=""EngramEntry_StorageBox_Large_C"",EngramLevelRequirement=16,EngramPointsCost=9,EngramHidden=False,RemoveEngramPreReq=True)",,,,,,,
"OverrideNamedEngramEntries=(EngramClassName=""EngramEntry_RopeLadder_C"",EngramLevelRequirement=16,EngramPointsCost=5,EngramHidden=False,RemoveEngramPreReq=True)",,,,,,,
"OverrideNamedEngramEntries=(EngramClassName=""EngramEntry_Saddle_Trike_C"",EngramLevelRequirement=16,EngramPointsCost=12,EngramHidden=False,RemoveEngramPreReq=True)",,,,,,,
"OverrideNamedEngramEntries=(EngramClassName=""EngramEntry_Raft_C"",EngramLevelRequirement=16,EngramPointsCost=11,EngramHidden=False,RemoveEngramPreReq=True)",,,,,,,
"OverrideNamedEngramEntries=(EngramClassName=""EngramEntry_StonePipeIntake_C"",EngramLevelRequirement=17,EngramPointsCost=5,EngramHidden=False,RemoveEngramPreReq=True)",,,,,,,
"OverrideNamedEngramEntries=(EngramClassName=""EngramEntry_StonePipeTap_C"",EngramLevelRequirement=17,EngramPointsCost=5,EngramHidden=False,RemoveEngramPreReq=True)",,,,,,,
"OverrideNamedEngramEntries=(EngramClassName=""EngramEntry_WaterTank_C"",EngramLevelRequirement=17,EngramPointsCost=7,EngramHidden=False,RemoveEngramPreReq=True)",,,,,,,
"OverrideNamedEngramEntries=(EngramClassName=""EngramEntry_TriRoof_Adobe_C"",EngramLevelRequirement=18,EngramPointsCost=5,EngramHidden=False,RemoveEngramPreReq=True)",,,,,,,
"OverrideNamedEngramEntries=(EngramClassName=""EngramEntry_FeedingTrough_C"",EngramLevelRequirement=18,EngramPointsCost=12,EngramHidden=False,RemoveEngramPreReq=True)",,,,,,,
"OverrideNamedEngramEntries=(EngramClassName=""EngramEntry_FishingRod_C"",EngramLevelRequirement=18,EngramPointsCost=15,EngramHidden=False,RemoveEngramPreReq=True)",,,,,,,
"OverrideNamedEngramEntries=(EngramClassName=""EngramEntry_CureLow_C"",EngramLevelRequirement=18,EngramPointsCost=16,EngramHidden=False,RemoveEngramPreReq=True)",,,,,,,
"OverrideNamedEngramEntries=(EngramClassName=""EngramEntry_PreservingBin_C"",EngramLevelRequirement=18,EngramPointsCost=9,EngramHidden=False,RemoveEngramPreReq=True)",,,,,,,
"OverrideNamedEngramEntries=(EngramClassName=""EngramEntry_Saddle_Raptor_C"",EngramLevelRequirement=18,EngramPointsCost=9,EngramHidden=False,RemoveEngramPreReq=True)",,,,,,,
"OverrideNamedEngramEntries=(EngramClassName=""EngramEntry_WoodGate_C"",EngramLevelRequirement=18,EngramPointsCost=5,EngramHidden=False,RemoveEngramPreReq=True)",,,,,,,
"OverrideNamedEngramEntries=(EngramClassName=""EngramEntry_WoodGateway_C"",EngramLevelRequirement=18,EngramPointsCost=7,EngramHidden=False,RemoveEngramPreReq=True)",,,,,,,
"OverrideNamedEngramEntries=(EngramClassName=""EngramEntry_LargeWall_Adobe_C"",EngramLevelRequirement=19,EngramPointsCost=9,EngramHidden=False,RemoveEngramPreReq=True)",,,,,,,
"OverrideNamedEngramEntries=(EngramClassName=""EngramEntry_Saddle_Hyaenodon_C"",EngramLevelRequirement=19,EngramPointsCost=14,EngramHidden=False,RemoveEngramPreReq=True)",,,,,,,
"OverrideNamedEngramEntries=(EngramClassName=""EngramEntry_WoodSign_Large_C"",EngramLevelRequirement=19,EngramPointsCost=4,EngramHidden=False,RemoveEngramPreReq=True)",,,,,,,
"OverrideNamedEngramEntries=(EngramClassName=""EngramEntry_WoodBench_C"",EngramLevelRequirement=19,EngramPointsCost=10,EngramHidden=False,RemoveEngramPreReq=True)",,,,,,,
"OverrideNamedEngramEntries=(EngramClassName=""EngramEntry_WoodChair_C"",EngramLevelRequirement=19,EngramPointsCost=6,EngramHidden=False,RemoveEngramPreReq=True)",,,,,,,
"OverrideNamedEngramEntries=(EngramClassName=""EngramEntry_Furniture_WoodTable_C"",EngramLevelRequirement=19,EngramPointsCost=7,EngramHidden=False,RemoveEngramPreReq=True)",,,,,,,
"OverrideNamedEngramEntries=(EngramClassName=""EngramEntry_Saddle_Equus_C"",EngramLevelRequirement=20,EngramPointsCost=22,EngramHidden=False,RemoveEngramPreReq=True)",,,,,,,
"OverrideNamedEngramEntries=(EngramClassName=""EngramEntry_MetalHatchet_C"",EngramLevelRequirement=20,EngramPointsCost=6,EngramHidden=False,RemoveEngramPreReq=True)",,,,,,,
"OverrideNamedEngramEntries=(EngramClassName=""EngramEntry_MetalPick_C"",EngramLevelRequirement=20,EngramPointsCost=6,EngramHidden=False,RemoveEngramPreReq=True)",,,,,,,
"OverrideNamedEngramEntries=(EngramClassName=""EngramEntry_Forge_C"",EngramLevelRequirement=20,EngramPointsCost=21,EngramHidden=False,RemoveEngramPreReq=True)",,,,,,,
"OverrideNamedEngramEntries=(EngramClassName=""EngramEntry_AnvilBench_C"",EngramLevelRequirement=20,EngramPointsCost=18,EngramHidden=False,RemoveEngramPreReq=True)",,,,,,,
"OverrideNamedEngramEntries=(EngramClassName=""EngramEntry_Maelizard_Saddle_C"",EngramLevelRequirement=21,EngramPointsCost=24,EngramHidden=False,RemoveEngramPreReq=True)",,,,,,,
"OverrideNamedEngramEntries=(EngramClassName=""EngramEntry_PaintingCanvas_C"",EngramLevelRequirement=21,EngramPointsCost=2,EngramHidden=False,RemoveEngramPreReq=True)",,,,,,,
"OverrideNamedEngramEntries=(EngramClassName=""EngramEntry_Scissors_C"",EngramLevelRequirement=21,EngramPointsCost=10,EngramHidden=False,RemoveEngramPreReq=True)",,,,,,,
"OverrideNamedEngramEntries=(EngramClassName=""EngramEntry_ArrowTranq_C"",EngramLevelRequirement=21,EngramPointsCost=8,EngramHidden=False,RemoveEngramPreReq=True)",,,,,,,
"OverrideNamedEngramEntries=(EngramClassName=""EngramEntry_WallTorch_C"",EngramLevelRequirement=21,EngramPointsCost=8,EngramHidden=False,RemoveEngramPreReq=True)",,,,,,,
"OverrideNamedEngramEntries=(EngramClassName=""EngramEntry_Parachute_C"",EngramLevelRequirement=22,EngramPointsCost=6,EngramHidden=False,RemoveEngramPreReq=True)",,,,,,,
"OverrideNamedEngramEntries=(EngramClassName=""EngramEntry_Saddle_Scorpion_C"",EngramLevelRequirement=22,EngramPointsCost=12,EngramHidden=False,RemoveEngramPreReq=True)",,,,,,,
"OverrideNamedEngramEntries=(EngramClassName=""EngramEntry_AlarmTrap_C"",EngramLevelRequirement=22,EngramPointsCost=7,EngramHidden=False,RemoveEngramPreReq=True)",,,,,,,
"OverrideNamedEngramEntries=(EngramClassName=""EngramEntry_TrophyWall_C"",EngramLevelRequirement=22,EngramPointsCost=10,EngramHidden=False,RemoveEngramPreReq=True)",,,,,,,
"OverrideNamedEngramEntries=(EngramClassName=""EngramEntry_FurBoots_C"",EngramLevelRequirement=23,EngramPointsCost=12,EngramHidden=False,RemoveEngramPreReq=True)",,,,,,,
"OverrideNamedEngramEntries=(EngramClassName=""EngramEntry_FurHelmet_C"",EngramLevelRequirement=23,EngramPointsCost=14,EngramHidden=False,RemoveEngramPreReq=True)",,,,,,,
"OverrideNamedEngramEntries=(EngramClassName=""EngramEntry_FurShirt_C"",EngramLevelRequirement=23,EngramPointsCost=16,EngramHidden=False,RemoveEngramPreReq=True)",,,,,,,
"OverrideNamedEngramEntries=(EngramClassName=""EngramEntry_FurGloves_C"",EngramLevelRequirement=23,EngramPointsCost=12,EngramHidden=False,RemoveEngramPreReq=True)",,,,,,,
"OverrideNamedEngramEntries=(EngramClassName=""EngramEntry_FurPants_C"",EngramLevelRequirement=23,EngramPointsCost=16,EngramHidden=False,RemoveEngramPreReq=True)",,,,,,,
"OverrideNamedEngramEntries=(EngramClassName=""EngramEntry_Saddle_Procop_C"",EngramLevelRequirement=23,EngramPointsCost=35,EngramHidden=False,RemoveEngramPreReq=True)",,,,,,,
"OverrideNamedEngramEntries=(EngramClassName=""EngramEntry_GasGrenade_C"",EngramLevelRequirement=24,EngramPointsCost=18,EngramHidden=False,RemoveEngramPreReq=True)",,,,,,,
"OverrideNamedEngramEntries=(EngramClassName=""EngramEntry_StoneCeiling_C"",EngramLevelRequirement=24,EngramPointsCost=6,EngramHidden=False,RemoveEngramPreReq=True)",,,,,,,
"OverrideNamedEngramEntries=(EngramClassName=""EngramEntry_StoneFloor_C"",EngramLevelRequirement=24,EngramPointsCost=6,EngramHidden=False,RemoveEngramPreReq=True)",,,,,,,
"OverrideNamedEngramEntries=(EngramClassName=""EngramEntry_StoneLadder_C"",EngramLevelRequirement=24,EngramPointsCost=6,EngramHidden=False,RemoveEngramPreReq=True)",,,,,,,
"OverrideNamedEngramEntries=(EngramClassName=""EngramEntry_TriCeiling_Stone_C"",EngramLevelRequirement=24,EngramPointsCost=6,EngramHidden=False,RemoveEngramPreReq=True)",,,,,,,
"OverrideNamedEngramEntries=(EngramClassName=""EngramEntry_StoneDoor_C"",EngramLevelRequirement=24,EngramPointsCost=4,EngramHidden=False,RemoveEngramPreReq=True)",,,,,,,
"OverrideNamedEngramEntries=(EngramClassName=""EngramEntry_Ramp_Stone_C"",EngramLevelRequirement=24,EngramPointsCost=6,EngramHidden=False,RemoveEngramPreReq=True)",,,,,,,
"OverrideNamedEngramEntries=(EngramClassName=""EngramEntry_TriFoundation_Stone_C"",EngramLevelRequirement=24,EngramPointsCost=6,EngramHidden=False,RemoveEngramPreReq=True)",,,,,,,
"OverrideNamedEngramEntries=(EngramClassName=""EngramEntry_StoneWall_C"",EngramLevelRequirement=24,EngramPointsCost=8,EngramHidden=False,RemoveEngramPreReq=True)",,,,,,,
"OverrideNamedEngramEntries=(EngramClassName=""EngramEntry_TrophyBase_C"",EngramLevelRequirement=25,EngramPointsCost=10,EngramHidden=False,RemoveEngramPreReq=True)",,,,,,,
"OverrideNamedEngramEntries=(EngramClassName=""EngramEntry_Crossbow_C"",EngramLevelRequirement=25,EngramPointsCost=12,EngramHidden=False,RemoveEngramPreReq=True)",,,,,,,
"OverrideNamedEngramEntries=(EngramClassName=""EngramEntry_MagnifyingGlass_C"",EngramLevelRequirement=25,EngramPointsCost=16,EngramHidden=False,RemoveEngramPreReq=True)",,,,,,,
"OverrideNamedEngramEntries=(EngramClassName=""EngramEntry_Pike_C"",EngramLevelRequirement=25,EngramPointsCost=10,EngramHidden=False,RemoveEngramPreReq=True)",,,,,,,
"OverrideNamedEngramEntries=(EngramClassName=""EngramEntry_StoneFenceFoundation_C"",EngramLevelRequirement=25,EngramPointsCost=6,EngramHidden=False,RemoveEngramPreReq=True)",,,,,,,
"OverrideNamedEngramEntries=(EngramClassName=""EngramEntry_StonePillar_C"",EngramLevelRequirement=25,EngramPointsCost=8,EngramHidden=False,RemoveEngramPreReq=True)",,,,,,,
"OverrideNamedEngramEntries=(EngramClassName=""EngramEntry_WoodGate_Large_C"",EngramLevelRequirement=25,EngramPointsCost=5,EngramHidden=False,RemoveEngramPreReq=True)",,,,,,,
"OverrideNamedEngramEntries=(EngramClassName=""EngramEntry_WoodGateway_Large_C"",EngramLevelRequirement=25,EngramPointsCost=7,EngramHidden=False,RemoveEngramPreReq=True)",,,,,,,
"OverrideNamedEngramEntries=(EngramClassName=""EngramEntry_FlameArrow_C"",EngramLevelRequirement=26,EngramPointsCost=15,EngramHidden=False,RemoveEngramPreReq=True)",,,,,,,
"OverrideNamedEngramEntries=(EngramClassName=""EngramEntry_CropPlot_Medium_C"",EngramLevelRequirement=26,EngramPointsCost=12,EngramHidden=False,RemoveEngramPreReq=True)",,,,,,,
"OverrideNamedEngramEntries=(EngramClassName=""EngramEntry_Saddle_Stego_C"",EngramLevelRequirement=26,EngramPointsCost=15,EngramHidden=False,RemoveEngramPreReq=True)",,,,,,,
"OverrideNamedEngramEntries=(EngramClassName=""EngramEntry_WaterJar_C"",EngramLevelRequirement=26,EngramPointsCost=12,EngramHidden=False,RemoveEngramPreReq=True)",,,,,,,
"OverrideNamedEngramEntries=(EngramClassName=""EngramEntry_Saddle_PachyRhino_C"",EngramLevelRequirement=27,EngramPointsCost=18,EngramHidden=False,RemoveEngramPreReq=True)",,,,,,,
"OverrideNamedEngramEntries=(EngramClassName=""EngramEntry_StoneGateway_C"",EngramLevelRequirement=27,EngramPointsCost=9,EngramHidden=False,RemoveEngramPreReq=True)",,,,,,,
"OverrideNamedEngramEntries=(EngramClassName=""EngramEntry_StoneGate_C"",EngramLevelRequirement=27,EngramPointsCost=6,EngramHidden=False,RemoveEngramPreReq=True)",,,,,,,
"OverrideNamedEngramEntries=(EngramClassName=""EngramEntry_StoneSlopedWall_Left_C"",EngramLevelRequirement=27,EngramPointsCost=4,EngramHidden=False,RemoveEngramPreReq=True)",,,,,,,
"OverrideNamedEngramEntries=(EngramClassName=""EngramEntry_TriRoof_Stone_C"",EngramLevelRequirement=27,EngramPointsCost=4,EngramHidden=False,RemoveEngramPreReq=True)",,,,,,,
"OverrideNamedEngramEntries=(EngramClassName=""EngramEntry_BearTrap_C"",EngramLevelRequirement=28,EngramPointsCost=9,EngramHidden=False,RemoveEngramPreReq=True)",,,,,,,
"OverrideNamedEngramEntries=(EngramClassName=""EngramEntry_Handcuffs_C"",EngramLevelRequirement=28,EngramPointsCost=16,EngramHidden=False,RemoveEngramPreReq=True)",,,,,,,
"OverrideNamedEngramEntries=(EngramClassName=""EngramEntry_Saddle_Manta_C"",EngramLevelRequirement=28,EngramPointsCost=16,EngramHidden=False,RemoveEngramPreReq=True)",,,,,,,
"OverrideNamedEngramEntries=(EngramClassName=""EngramEntry_Fireplace_C"",EngramLevelRequirement=28,EngramPointsCost=15,EngramHidden=False,RemoveEngramPreReq=True)",,,,,,,
"OverrideNamedEngramEntries=(EngramClassName=""EngramEntry_LargeWall_Stone_C"",EngramLevelRequirement=28,EngramPointsCost=10,EngramHidden=False,RemoveEngramPreReq=True)",,,,,,,
"OverrideNamedEngramEntries=(EngramClassName=""EngramEntry_StoneRailing_C"",EngramLevelRequirement=28,EngramPointsCost=4,EngramHidden=False,RemoveEngramPreReq=True)",,,,,,,
"OverrideNamedEngramEntries=(EngramClassName=""EngramEntry_BallistaTurret_C"",EngramLevelRequirement=29,EngramPointsCost=25,EngramHidden=False,RemoveEngramPreReq=True)",,,,,,,
"OverrideNamedEngramEntries=(EngramClassName=""EngramEntry_Saddle_Galli_C"",EngramLevelRequirement=29,EngramPointsCost=20,EngramHidden=False,RemoveEngramPreReq=True)",,,,,,,
"OverrideNamedEngramEntries=(EngramClassName=""EngramEntry_MetalSpikeWall_C"",EngramLevelRequirement=29,EngramPointsCost=11,EngramHidden=False,RemoveEngramPreReq=True)",,,,,,,
"OverrideNamedEngramEntries=(EngramClassName=""EngramEntry_BallistaArrow_C"",EngramLevelRequirement=29,EngramPointsCost=10,EngramHidden=False,RemoveEngramPreReq=True)",,,,,,,
"OverrideNamedEngramEntries=(EngramClassName=""EngramEntry_PoisonTrap_C"",EngramLevelRequirement=29,EngramPointsCost=9,EngramHidden=False,RemoveEngramPreReq=True)",,,,,,,
"OverrideNamedEngramEntries=(EngramClassName=""EngramEntry_Saddle_Iguanodon_C"",EngramLevelRequirement=30,EngramPointsCost=12,EngramHidden=False,RemoveEngramPreReq=True)",,,,,,,
"OverrideNamedEngramEntries=(EngramClassName=""EngramEntry_Saddle_Stag_C"",EngramLevelRequirement=30,EngramPointsCost=20,EngramHidden=False,RemoveEngramPreReq=True)",,,,,,,
"OverrideNamedEngramEntries=(EngramClassName=""EngramEntry_MetalSickle_C"",EngramLevelRequirement=30,EngramPointsCost=12,EngramHidden=False,RemoveEngramPreReq=True)",,,,,,,
"OverrideNamedEngramEntries=(EngramClassName=""EngramEntry_Sword_C"",EngramLevelRequirement=30,EngramPointsCost=11,EngramHidden=False,RemoveEngramPreReq=True)",,,,,,,
"OverrideNamedEngramEntries=(EngramClassName=""EngramEntry_StoneTrapdoorGiant_C"",EngramLevelRequirement=30,EngramPointsCost=20,EngramHidden=False,RemoveEngramPreReq=True)",,,,,,,
"OverrideNamedEngramEntries=(EngramClassName=""EngramEntry_Ceiling_Door_XL_Wood_C"",EngramLevelRequirement=30,EngramPointsCost=5,EngramHidden=False,RemoveEngramPreReq=True)",,,,,,,
"OverrideNamedEngramEntries=(EngramClassName=""EngramEntry_WoodTrapdoorGiant_C"",EngramLevelRequirement=30,EngramPointsCost=20,EngramHidden=False,RemoveEngramPreReq=True)",,,,,,,
"OverrideNamedEngramEntries=(EngramClassName=""EngramEntry_CatapultTurret_C"",EngramLevelRequirement=31,EngramPointsCost=25,EngramHidden=False,RemoveEngramPreReq=True)",,,,,,,
"OverrideNamedEngramEntries=(EngramClassName=""EngramEntry_BearTrap_Large_C"",EngramLevelRequirement=31,EngramPointsCost=12,EngramHidden=False,RemoveEngramPreReq=True)",,,,,,,
"OverrideNamedEngramEntries=(EngramClassName=""EngramEntry_Saddle_Mammoth_C"",EngramLevelRequirement=31,EngramPointsCost=18,EngramHidden=False,RemoveEngramPreReq=True)",,,,,,,
"OverrideNamedEngramEntries=(EngramClassName=""EngramEntry_StoneGateway_Large_C"",EngramLevelRequirement=31,EngramPointsCost=12,EngramHidden=False,RemoveEngramPreReq=True)",,,,,,,
"OverrideNamedEngramEntries=(EngramClassName=""EngramEntry_StoneGateLarge_C"",EngramLevelRequirement=31,EngramPointsCost=16,EngramHidden=False,RemoveEngramPreReq=True)",,,,,,,
"OverrideNamedEngramEntries=(EngramClassName=""EngramEntry_Saddle_Diplodocus_C"",EngramLevelRequirement=32,EngramPointsCost=30,EngramHidden=False,RemoveEngramPreReq=True)",,,,,,,
"OverrideNamedEngramEntries=(EngramClassName=""EngramEntry_Lance_C"",EngramLevelRequirement=32,EngramPointsCost=30,EngramHidden=False,RemoveEngramPreReq=True)",,,,,,,
"OverrideNamedEngramEntries=(EngramClassName=""EngramEntry_Toilet_C"",EngramLevelRequirement=32,EngramPointsCost=35,EngramHidden=False,RemoveEngramPreReq=True)",,,,,,,
"OverrideNamedEngramEntries=(EngramClassName=""EngramEntry_GhillieBoots_C"",EngramLevelRequirement=33,EngramPointsCost=11,EngramHidden=False,RemoveEngramPreReq=True)",,,,,,,
"OverrideNamedEngramEntries=(EngramClassName=""EngramEntry_GhillieShirt_C"",EngramLevelRequirement=33,EngramPointsCost=11,EngramHidden=False,RemoveEngramPreReq=True)",,,,,,,
"OverrideNamedEngramEntries=(EngramClassName=""EngramEntry_GhillieGloves_C"",EngramLevelRequirement=33,EngramPointsCost=11,EngramHidden=False,RemoveEngramPreReq=True)",,,,,,,
"OverrideNamedEngramEntries=(EngramClassName=""EngramEntry_GhilliePants_C"",EngramLevelRequirement=33,EngramPointsCost=11,EngramHidden=False,RemoveEngramPreReq=True)",,,,,,,
"OverrideNamedEngramEntries=(EngramClassName=""EngramEntry_GhillieHelmet_C"",EngramLevelRequirement=33,EngramPointsCost=13,EngramHidden=False,RemoveEngramPreReq=True)",,,,,,,
"OverrideNamedEngramEntries=(EngramClassName=""EngramEntry_Saddle_TerrorBird_C"",EngramLevelRequirement=33,EngramPointsCost=15,EngramHidden=False,RemoveEngramPreReq=True)",,,,,,,
"OverrideNamedEngramEntries=(EngramClassName=""EngramEntry_TreePlatformWood_C"",EngramLevelRequirement=33,EngramPointsCost=28,EngramHidden=False,RemoveEngramPreReq=True)",,,,,,,
"OverrideNamedEngramEntries=(EngramClassName=""EngramEntry_Cannon_C"",EngramLevelRequirement=34,EngramPointsCost=25,EngramHidden=False,RemoveEngramPreReq=True)",,,,,,,
"OverrideNamedEngramEntries=(EngramClassName=""EngramEntry_CannonBall_C"",EngramLevelRequirement=34,EngramPointsCost=5,EngramHidden=False,RemoveEngramPreReq=True)",,,,,,,
"OverrideNamedEngramEntries=(EngramClassName=""EngramEntry_Saddle_Doed_C"",EngramLevelRequirement=34,EngramPointsCost=20,EngramHidden=False,RemoveEngramPreReq=True)",,,,,,,
"OverrideNamedEngramEntries=(EngramClassName=""EngramEntry_SimpleBullet_C"",EngramLevelRequirement=34,EngramPointsCost=6,EngramHidden=False,RemoveEngramPreReq=True)",,,,,,,
"OverrideNamedEngramEntries=(EngramClassName=""EngramEntry_Pistol_C"",EngramLevelRequirement=34,EngramPointsCost=15,EngramHidden=False,RemoveEngramPreReq=True)",,,,,,,
"OverrideNamedEngramEntries=(EngramClassName=""EngramEntry_DisplayCase_C"",EngramLevelRequirement=35,EngramPointsCost=0,EngramHidden=False,RemoveEngramPreReq=True)",,,,,,,
"OverrideNamedEngramEntries=(EngramClassName=""EngramEntry_SimpleRifle_C"",EngramLevelRequirement=35,EngramPointsCost=18,EngramHidden=False,RemoveEngramPreReq=True)",,,,,,,
"OverrideNamedEngramEntries=(EngramClassName=""EngramEntry_Saddle_Sarco_C"",EngramLevelRequirement=35,EngramPointsCost=15,EngramHidden=False,RemoveEngramPreReq=True)",,,,,,,
"OverrideNamedEngramEntries=(EngramClassName=""EngramEntry_Scope_C"",EngramLevelRequirement=35,EngramPointsCost=13,EngramHidden=False,RemoveEngramPreReq=True)",,,,,,,
"OverrideNamedEngramEntries=(EngramClassName=""EngramEntry_SimpleRifleBullet_C"",EngramLevelRequirement=35,EngramPointsCost=6,EngramHidden=False,RemoveEngramPreReq=True)",,,,,,,
"OverrideNamedEngramEntries=(EngramClassName=""EngramEntry_TreePlatformStone_C"",EngramLevelRequirement=35,EngramPointsCost=30,EngramHidden=False,RemoveEngramPreReq=True)",,,,,,,
"OverrideNamedEngramEntries=(EngramClassName=""EngramEntry_Saddle_Ankylo_C"",EngramLevelRequirement=36,EngramPointsCost=18,EngramHidden=False,RemoveEngramPreReq=True)",,,,,,,
"OverrideNamedEngramEntries=(EngramClassName=""EngramEntry_BeerBarrel_C"",EngramLevelRequirement=36,EngramPointsCost=24,EngramHidden=False,RemoveEngramPreReq=True)",,,,,,,
"OverrideNamedEngramEntries=(EngramClassName=""EngramEntry_CropPlot_Large_C"",EngramLevelRequirement=36,EngramPointsCost=15,EngramHidden=False,RemoveEngramPreReq=True)",,,,,,,
"OverrideNamedEngramEntries=(EngramClassName=""EngramEntry_TreeSapTap_C"",EngramLevelRequirement=36,EngramPointsCost=18,EngramHidden=False,RemoveEngramPreReq=True)",,,,,,,
"OverrideNamedEngramEntries=(EngramClassName=""EngramEntry_ChitinBoots_C"",EngramLevelRequirement=37,EngramPointsCost=15,EngramHidden=False,RemoveEngramPreReq=True)",,,,,,,
"OverrideNamedEngramEntries=(EngramClassName=""EngramEntry_ChitinShirt_C"",EngramLevelRequirement=37,EngramPointsCost=18,EngramHidden=False,RemoveEngramPreReq=True)",,,,,,,
"OverrideNamedEngramEntries=(EngramClassName=""EngramEntry_ChitinGloves_C"",EngramLevelRequirement=37,EngramPointsCost=15,EngramHidden=False,RemoveEngramPreReq=True)",,,,,,,
"OverrideNamedEngramEntries=(EngramClassName=""EngramEntry_ChitinHelmet_C"",EngramLevelRequirement=37,EngramPointsCost=18,EngramHidden=False,RemoveEngramPreReq=True)",,,,,,,
"OverrideNamedEngramEntries=(EngramClassName=""EngramEntry_ChitinPants_C"",EngramLevelRequirement=37,EngramPointsCost=15,EngramHidden=False,RemoveEngramPreReq=True)",,,,,,,
"OverrideNamedEngramEntries=(EngramClassName=""EngramEntry_Saddle_Saber_C"",EngramLevelRequirement=37,EngramPointsCost=18,EngramHidden=False,RemoveEngramPreReq=True)",,,,,,,
"OverrideNamedEngramEntries=(EngramClassName=""EngramEntry_Ceiling_Door_XL_Stone_C"",EngramLevelRequirement=37,EngramPointsCost=20,EngramHidden=False,RemoveEngramPreReq=True)",,,,,,,
"OverrideNamedEngramEntries=(EngramClassName=""EngramEntry_Grenade_C"",EngramLevelRequirement=38,EngramPointsCost=20,EngramHidden=False,RemoveEngramPreReq=True)",,,,,,,
"OverrideNamedEngramEntries=(EngramClassName=""EngramEntry_Saddle_Ptero_C"",EngramLevelRequirement=38,EngramPointsCost=15,EngramHidden=False,RemoveEngramPreReq=True)",,,,,,,
"OverrideNamedEngramEntries=(EngramClassName=""EngramEntry_MiracleGro_C"",EngramLevelRequirement=38,EngramPointsCost=20,EngramHidden=False,RemoveEngramPreReq=True)",,,,,,,
"OverrideNamedEngramEntries=(EngramClassName=""EngramEntry_Saddle_Kaprosuchus_C"",EngramLevelRequirement=39,EngramPointsCost=28,EngramHidden=False,RemoveEngramPreReq=True)",,,,,,,
"OverrideNamedEngramEntries=(EngramClassName=""EngramEntry_MetalShield_C"",EngramLevelRequirement=39,EngramPointsCost=9,EngramHidden=False,RemoveEngramPreReq=True)",,,,,,,
"OverrideNamedEngramEntries=(EngramClassName=""EngramEntry_SimpleShotgun_C"",EngramLevelRequirement=39,EngramPointsCost=18,EngramHidden=False,RemoveEngramPreReq=True)",,,,,,,
"OverrideNamedEngramEntries=(EngramClassName=""EngramEntry_SimpleShotgunBullet_C"",EngramLevelRequirement=39,EngramPointsCost=6,EngramHidden=False,RemoveEngramPreReq=True)",,,,,,,
"OverrideNamedEngramEntries=(EngramClassName=""EngramEntry_Saddle_Spider_C"",EngramLevelRequirement=40,EngramPointsCost=18,EngramHidden=False,RemoveEngramPreReq=True)",,,,,,,
"OverrideNamedEngramEntries=(EngramClassName=""EngramEntry_Saddle_Toad_C"",EngramLevelRequirement=40,EngramPointsCost=16,EngramHidden=False,RemoveEngramPreReq=True)",,,,,,,
"OverrideNamedEngramEntries=(EngramClassName=""EngramEntry_MetalPipeIntake_C"",EngramLevelRequirement=40,EngramPointsCost=15,EngramHidden=False,RemoveEngramPreReq=True)",,,,,,,
"OverrideNamedEngramEntries=(EngramClassName=""EngramEntry_MetalPipeTap_C"",EngramLevelRequirement=40,EngramPointsCost=18,EngramHidden=False,RemoveEngramPreReq=True)",,,,,,,
"OverrideNamedEngramEntries=(EngramClassName=""EngramEntry_PoisonGrenade_C"",EngramLevelRequirement=40,EngramPointsCost=18,EngramHidden=False,RemoveEngramPreReq=True)",,,,,,,
"OverrideNamedEngramEntries=(EngramClassName=""EngramEntry_WaterTankMetal_C"",EngramLevelRequirement=41,EngramPointsCost=20,EngramHidden=False,RemoveEngramPreReq=True)",,,,,,,
"OverrideNamedEngramEntries=(EngramClassName=""EngramEntry_Saddle_Paracer_C"",EngramLevelRequirement=41,EngramPointsCost=18,EngramHidden=False,RemoveEngramPreReq=True)",,,,,,,
"OverrideNamedEngramEntries=(EngramClassName=""EngramEntry_Silencer_C"",EngramLevelRequirement=41,EngramPointsCost=13,EngramHidden=False,RemoveEngramPreReq=True)",,,,,,,
"OverrideNamedEngramEntries=(EngramClassName=""EngramEntry_Saddle_Chalico_C"",EngramLevelRequirement=42,EngramPointsCost=30,EngramHidden=False,RemoveEngramPreReq=True)",,,,,,,
"OverrideNamedEngramEntries=(EngramClassName=""EngramEntry_GreenhouseCeiling_C"",EngramLevelRequirement=42,EngramPointsCost=30,EngramHidden=False,RemoveEngramPreReq=True)",,,,,,,
"OverrideNamedEngramEntries=(EngramClassName=""EngramEntry_TriCeiling_Greenhouse_C"",EngramLevelRequirement=42,EngramPointsCost=30,EngramHidden=False,RemoveEngramPreReq=True)",,,,,,,
"OverrideNamedEngramEntries=(EngramClassName=""EngramEntry_GreenhouseWall_C"",EngramLevelRequirement=42,EngramPointsCost=30,EngramHidden=False,RemoveEngramPreReq=True)",,,,,,,
"OverrideNamedEngramEntries=(EngramClassName=""EngramEntry_Ceiling_Door_XL_Adobe_C"",EngramLevelRequirement=43,EngramPointsCost=12,EngramHidden=False,RemoveEngramPreReq=True)",,,,,,,
"OverrideNamedEngramEntries=(EngramClassName=""EngramEntry_GreenhouseDoor_C"",EngramLevelRequirement=43,EngramPointsCost=15,EngramHidden=False,RemoveEngramPreReq=True)",,,,,,,
"OverrideNamedEngramEntries=(EngramClassName=""EngramEntry_HarpoonGun_C"",EngramLevelRequirement=43,EngramPointsCost=38,EngramHidden=False,RemoveEngramPreReq=True)",,,,,,,
"OverrideNamedEngramEntries=(EngramClassName=""EngramEntry_Saddle_Pela_C"",EngramLevelRequirement=43,EngramPointsCost=30,EngramHidden=False,RemoveEngramPreReq=True)",,,,,,,
"OverrideNamedEngramEntries=(EngramClassName=""EngramEntry_Saddle_Dunkle_C"",EngramLevelRequirement=44,EngramPointsCost=20,EngramHidden=False,RemoveEngramPreReq=True)",,,,,,,
"OverrideNamedEngramEntries=(EngramClassName=""EngramEntry_GreenhouseRoof_C"",EngramLevelRequirement=44,EngramPointsCost=30,EngramHidden=False,RemoveEngramPreReq=True)",,,,,,,
"OverrideNamedEngramEntries=(EngramClassName=""EngramEntry_GreenhouseSlopedWall_Left_C"",EngramLevelRequirement=44,EngramPointsCost=15,EngramHidden=False,RemoveEngramPreReq=True)",,,,,,,
"OverrideNamedEngramEntries=(EngramClassName=""EngramEntry_TriRoof_Greenhouse_C"",EngramLevelRequirement=44,EngramPointsCost=30,EngramHidden=False,RemoveEngramPreReq=True)",,,,,,,
"OverrideNamedEngramEntries=(EngramClassName=""EngramEntry_TripwireC4_C"",EngramLevelRequirement=44,EngramPointsCost=30,EngramHidden=False,RemoveEngramPreReq=True)",,,,,,,
"OverrideNamedEngramEntries=(EngramClassName=""EngramEntry_Saddle_Archelon_ASA_C"",EngramLevelRequirement=45,EngramPointsCost=44,EngramHidden=False,RemoveEngramPreReq=True)",,,,,,,
"OverrideNamedEngramEntries=(EngramClassName=""EngramEntry_Saddle_Direbear_C"",EngramLevelRequirement=45,EngramPointsCost=24,EngramHidden=False,RemoveEngramPreReq=True)",,,,,,,
"OverrideNamedEngramEntries=(EngramClassName=""EngramEntry_MetalCeiling_C"",EngramLevelRequirement=45,EngramPointsCost=15,EngramHidden=False,RemoveEngramPreReq=True)",,,,,,,
"OverrideNamedEngramEntries=(EngramClassName=""EngramEntry_MetalDoor_C"",EngramLevelRequirement=45,EngramPointsCost=12,EngramHidden=False,RemoveEngramPreReq=True)",,,,,,,
"OverrideNamedEngramEntries=(EngramClassName=""EngramEntry_MetalFloor_C"",EngramLevelRequirement=45,EngramPointsCost=24,EngramHidden=False,RemoveEngramPreReq=True)",,,,,,,
"OverrideNamedEngramEntries=(EngramClassName=""EngramEntry_TriCeiling_Metal_C"",EngramLevelRequirement=45,EngramPointsCost=15,EngramHidden=False,RemoveEngramPreReq=True)",,,,,,,
"OverrideNamedEngramEntries=(EngramClassName=""EngramEntry_TriFoundation_Metal_C"",EngramLevelRequirement=45,EngramPointsCost=24,EngramHidden=False,RemoveEngramPreReq=True)",,,,,,,
"OverrideNamedEngramEntries=(EngramClassName=""EngramEntry_MetalWall_C"",EngramLevelRequirement=45,EngramPointsCost=15,EngramHidden=False,RemoveEngramPreReq=True)",,,,,,,
"OverrideNamedEngramEntries=(EngramClassName=""EngramEntry_Pliers_C"",EngramLevelRequirement=45,EngramPointsCost=16,EngramHidden=False,RemoveEngramPreReq=True)",,,,,,,
"OverrideNamedEngramEntries=(EngramClassName=""EngramEntry_Saddle_Carno_C"",EngramLevelRequirement=46,EngramPointsCost=21,EngramHidden=False,RemoveEngramPreReq=True)",,,,,,,
"OverrideNamedEngramEntries=(EngramClassName=""EngramEntry_MetalPillar_C"",EngramLevelRequirement=46,EngramPointsCost=18,EngramHidden=False,RemoveEngramPreReq=True)",,,,,,,
"OverrideNamedEngramEntries=(EngramClassName=""EngramEntry_MetalRailing_C"",EngramLevelRequirement=46,EngramPointsCost=7,EngramHidden=False,RemoveEngramPreReq=True)",,,,,,,
"OverrideNamedEngramEntries=(EngramClassName=""EngramEntry_GrapplingHook_C"",EngramLevelRequirement=47,EngramPointsCost=40,EngramHidden=False,RemoveEngramPreReq=True)",,,,,,,
"OverrideNamedEngramEntries=(EngramClassName=""EngramEntry_Saddle_Megalodon_C"",EngramLevelRequirement=47,EngramPointsCost=18,EngramHidden=False,RemoveEngramPreReq=True)",,,,,,,
"OverrideNamedEngramEntries=(EngramClassName=""EngramEntry_Ramp_Metal_C"",EngramLevelRequirement=47,EngramPointsCost=12,EngramHidden=False,RemoveEngramPreReq=True)",,,,,,,
"OverrideNamedEngramEntries=(EngramClassName=""EngramEntry_MetalSlopedWall_Left_C"",EngramLevelRequirement=47,EngramPointsCost=7,EngramHidden=False,RemoveEngramPreReq=True)",,,,,,,
"OverrideNamedEngramEntries=(EngramClassName=""EngramEntry_TriRoof_Metal_C"",EngramLevelRequirement=47,EngramPointsCost=10,EngramHidden=False,RemoveEngramPreReq=True)",,,,,,,
"OverrideNamedEngramEntries=(EngramClassName=""EngramEntry_Electronics_C"",EngramLevelRequirement=48,EngramPointsCost=6,EngramHidden=False,RemoveEngramPreReq=True)",,,,,,,
"OverrideNamedEngramEntries=(EngramClassName=""EngramEntry_Fabricator_C"",EngramLevelRequirement=48,EngramPointsCost=24,EngramHidden=False,RemoveEngramPreReq=True)",,,,,,,
"OverrideNamedEngramEntries=(EngramClassName=""EngramEntry_MetalFenceFoundation_C"",EngramLevelRequirement=48,EngramPointsCost=12,EngramHidden=False,RemoveEngramPreReq=True)",,,,,,,
"OverrideNamedEngramEntries=(EngramClassName=""EngramEntry_MetalLadder_C"",EngramLevelRequirement=48,EngramPointsCost=21,EngramHidden=False,RemoveEngramPreReq=True)",,,,,,,
"OverrideNamedEngramEntries=(EngramClassName=""EngramEntry_Polymer_C"",EngramLevelRequirement=48,EngramPointsCost=6,EngramHidden=False,RemoveEngramPreReq=True)",,,,,,,
"OverrideNamedEngramEntries=(EngramClassName=""EngramEntry_Saddle_Baryonyx_C"",EngramLevelRequirement=49,EngramPointsCost=24,EngramHidden=False,RemoveEngramPreReq=True)",,,,,,,
"OverrideNamedEngramEntries=(EngramClassName=""EngramEntry_PowerGenerator_C"",EngramLevelRequirement=49,EngramPointsCost=24,EngramHidden=False,RemoveEngramPreReq=True)",,,,,,,
"OverrideNamedEngramEntries=(EngramClassName=""EngramEntry_LargeWall_Metal_C"",EngramLevelRequirement=49,EngramPointsCost=17,EngramHidden=False,RemoveEngramPreReq=True)",,,,,,,
"OverrideNamedEngramEntries=(EngramClassName=""EngramEntry_Camera_C"",EngramLevelRequirement=50,EngramPointsCost=30,EngramHidden=False,RemoveEngramPreReq=True)",,,,,,,
"OverrideNamedEngramEntries=(EngramClassName=""EngramEntry_Grill_C"",EngramLevelRequirement=50,EngramPointsCost=40,EngramHidden=False,RemoveEngramPreReq=True)",,,,,,,
"OverrideNamedEngramEntries=(EngramClassName=""EngramEntry_Lamppost_C"",EngramLevelRequirement=50,EngramPointsCost=20,EngramHidden=False,RemoveEngramPreReq=True)",,,,,,,
"OverrideNamedEngramEntries=(EngramClassName=""EngramEntry_MetalSign_Large_C"",EngramLevelRequirement=50,EngramPointsCost=15,EngramHidden=False,RemoveEngramPreReq=True)",,,,,,,
"OverrideNamedEngramEntries=(EngramClassName=""EngramEntry_MetalSign_C"",EngramLevelRequirement=50,EngramPointsCost=10,EngramHidden=False,RemoveEngramPreReq=True)",,,,,,,
"OverrideNamedEngramEntries=(EngramClassName=""EngramEntry_LamppostOmni_C"",EngramLevelRequirement=50,EngramPointsCost=20,EngramHidden=False,RemoveEngramPreReq=True)",,,,,,,
"OverrideNamedEngramEntries=(EngramClassName=""EngramEntry_Saddle_Paracer_Platform_C"",EngramLevelRequirement=50,EngramPointsCost=24,EngramHidden=False,RemoveEngramPreReq=True)",,,,,,,
"OverrideNamedEngramEntries=(EngramClassName=""EngramEntry_Saddle_YiLing_C"",EngramLevelRequirement=50,EngramPointsCost=35,EngramHidden=False,RemoveEngramPreReq=True)",,,,,,,
"OverrideNamedEngramEntries=(EngramClassName=""EngramEntry_ChainBola_C"",EngramLevelRequirement=51,EngramPointsCost=30,EngramHidden=False,RemoveEngramPreReq=True)",,,,,,,
"OverrideNamedEngramEntries=(EngramClassName=""EngramEntry_Radio_C"",EngramLevelRequirement=51,EngramPointsCost=8,EngramHidden=False,RemoveEngramPreReq=True)",,,,,,,
"OverrideNamedEngramEntries=(EngramClassName=""EngramEntry_Saddle_Thylaco_C"",EngramLevelRequirement=51,EngramPointsCost=18,EngramHidden=False,RemoveEngramPreReq=True)",,,,,,,
"OverrideNamedEngramEntries=(EngramClassName=""EngramEntry_WarMap_C"",EngramLevelRequirement=51,EngramPointsCost=15,EngramHidden=False,RemoveEngramPreReq=True)",,,,,,,
"OverrideNamedEngramEntries=(EngramClassName=""EngramEntry_Flashlight_C"",EngramLevelRequirement=52,EngramPointsCost=18,EngramHidden=False,RemoveEngramPreReq=True)",,,,,,,
"OverrideNamedEngramEntries=(EngramClassName=""EngramEntry_Saddle_Megatherium_C"",EngramLevelRequirement=52,EngramPointsCost=24,EngramHidden=False,RemoveEngramPreReq=True)",,,,,,,
"OverrideNamedEngramEntries=(EngramClassName=""EngramEntry_MetalGate_C"",EngramLevelRequirement=52,EngramPointsCost=8,EngramHidden=False,RemoveEngramPreReq=True)",,,,,,,
"OverrideNamedEngramEntries=(EngramClassName=""EngramEntry_MetalGateway_C"",EngramLevelRequirement=52,EngramPointsCost=12,EngramHidden=False,RemoveEngramPreReq=True)",,,,,,,
"OverrideNamedEngramEntries=(EngramClassName=""EngramEntry_Keypad_C"",EngramLevelRequirement=53,EngramPointsCost=18,EngramHidden=False,RemoveEngramPreReq=True)",,,,,,,
"OverrideNamedEngramEntries=(EngramClassName=""EngramEntry_SprayPainter_C"",EngramLevelRequirement=53,EngramPointsCost=30,EngramHidden=False,RemoveEngramPreReq=True)",,,,,,,
"OverrideNamedEngramEntries=(EngramClassName=""EngramEntry_Saddle_Rhino_C"",EngramLevelRequirement=53,EngramPointsCost=24,EngramHidden=False,RemoveEngramPreReq=True)",,,,,,,
"OverrideNamedEngramEntries=(EngramClassName=""EngramEntry_Saddle_Arthro_C"",EngramLevelRequirement=54,EngramPointsCost=30,EngramHidden=False,RemoveEngramPreReq=True)",,,,,,,
"OverrideNamedEngramEntries=(EngramClassName=""EngramEntry_ModernBed_C"",EngramLevelRequirement=54,EngramPointsCost=28,EngramHidden=False,RemoveEngramPreReq=True)",,,,,,,
"OverrideNamedEngramEntries=(EngramClassName=""EngramEntry_Canteen_C"",EngramLevelRequirement=54,EngramPointsCost=24,EngramHidden=False,RemoveEngramPreReq=True)",,,,,,,
"OverrideNamedEngramEntries=(EngramClassName=""EngramEntry_MetalTrapdoorGiant_C"",EngramLevelRequirement=54,EngramPointsCost=30,EngramHidden=False,RemoveEngramPreReq=True)",,,,,,,
"OverrideNamedEngramEntries=(EngramClassName=""EngramEntry_AdvancedBullet_C"",EngramLevelRequirement=55,EngramPointsCost=8,EngramHidden=False,RemoveEngramPreReq=True)",,,,,,,
"OverrideNamedEngramEntries=(EngramClassName=""EngramEntry_MachinedPistol_C"",EngramLevelRequirement=55,EngramPointsCost=18,EngramHidden=False,RemoveEngramPreReq=True)",,,,,,,
"OverrideNamedEngramEntries=(EngramClassName=""EngramEntry_MachinedShotgun_C"",EngramLevelRequirement=55,EngramPointsCost=18,EngramHidden=False,RemoveEngramPreReq=True)",,,,,,,
"OverrideNamedEngramEntries=(EngramClassName=""EngramEntry_Saddle_Tapejara_C"",EngramLevelRequirement=55,EngramPointsCost=21,EngramHidden=False,RemoveEngramPreReq=True)",,,,,,,
"OverrideNamedEngramEntries=(EngramClassName=""EngramEntry_Saddle_Xiphactinus_ASA_C"",EngramLevelRequirement=55,EngramPointsCost=15,EngramHidden=False,RemoveEngramPreReq=True)",,,,,,,
"OverrideNamedEngramEntries=(EngramClassName=""EngramEntry_MetalBoots_C"",EngramLevelRequirement=56,EngramPointsCost=16,EngramHidden=False,RemoveEngramPreReq=True)",,,,,,,
"OverrideNamedEngramEntries=(EngramClassName=""EngramEntry_MetalShirt_C"",EngramLevelRequirement=56,EngramPointsCost=18,EngramHidden=False,RemoveEngramPreReq=True)",,,,,,,
"OverrideNamedEngramEntries=(EngramClassName=""EngramEntry_MetalGloves_C"",EngramLevelRequirement=56,EngramPointsCost=16,EngramHidden=False,RemoveEngramPreReq=True)",,,,,,,
"OverrideNamedEngramEntries=(EngramClassName=""EngramEntry_MetalHelmet_C"",EngramLevelRequirement=56,EngramPointsCost=20,EngramHidden=False,RemoveEngramPreReq=True)",,,,,,,
"OverrideNamedEngramEntries=(EngramClassName=""EngramEntry_MetalPants_C"",EngramLevelRequirement=56,EngramPointsCost=15,EngramHidden=False,RemoveEngramPreReq=True)",,,,,,,
"OverrideNamedEngramEntries=(EngramClassName=""EngramEntry_Saddle_Megalosaurus_C"",EngramLevelRequirement=57,EngramPointsCost=50,EngramHidden=False,RemoveEngramPreReq=True)",,,,,,,
"OverrideNamedEngramEntries=(EngramClassName=""EngramEntry_MetalGate_Large_C"",EngramLevelRequirement=57,EngramPointsCost=15,EngramHidden=False,RemoveEngramPreReq=True)",,,,,,,
"OverrideNamedEngramEntries=(EngramClassName=""EngramEntry_MetalGateway_Large_C"",EngramLevelRequirement=57,EngramPointsCost=28,EngramHidden=False,RemoveEngramPreReq=True)",,,,,,,
"OverrideNamedEngramEntries=(EngramClassName=""EngramEntry_Motorboat_C"",EngramLevelRequirement=57,EngramPointsCost=45,EngramHidden=False,RemoveEngramPreReq=True)",,,,,,,
"OverrideNamedEngramEntries=(EngramClassName=""EngramEntry_AdvancedRifleBullet_C"",EngramLevelRequirement=58,EngramPointsCost=8,EngramHidden=False,RemoveEngramPreReq=True)",,,,,,,
"OverrideNamedEngramEntries=(EngramClassName=""EngramEntry_MachinedRifle_C"",EngramLevelRequirement=58,EngramPointsCost=24,EngramHidden=False,RemoveEngramPreReq=True)",,,,,,,
"OverrideNamedEngramEntries=(EngramClassName=""EngramEntry_Ceiling_Door_XL_Metal_C"",EngramLevelRequirement=58,EngramPointsCost=30,EngramHidden=False,RemoveEngramPreReq=True)",,,,,,,
"OverrideNamedEngramEntries=(EngramClassName=""EngramEntry_Saddle_Daeodon_C"",EngramLevelRequirement=59,EngramPointsCost=24,EngramHidden=False,RemoveEngramPreReq=True)",,,,,,,
"OverrideNamedEngramEntries=(EngramClassName=""EngramEntry_Laser_C"",EngramLevelRequirement=59,EngramPointsCost=24,EngramHidden=False,RemoveEngramPreReq=True)",,,,,,,
"OverrideNamedEngramEntries=(EngramClassName=""EngramEntry_TreePlatformMetal_C"",EngramLevelRequirement=59,EngramPointsCost=55,EngramHidden=False,RemoveEngramPreReq=True)",,,,,,,
"OverrideNamedEngramEntries=(EngramClassName=""EngramEntry_Saddle_Basilosaurus_C"",EngramLevelRequirement=60,EngramPointsCost=30,EngramHidden=False,RemoveEngramPreReq=True)",,,,,,,
"OverrideNamedEngramEntries=(EngramClassName=""EngramEntry_CeratosaurusSaddle_ASA_C"",EngramLevelRequirement=60,EngramPointsCost=40,EngramHidden=False,RemoveEngramPreReq=True)",,,,,,,
"OverrideNamedEngramEntries=(EngramClassName=""EngramEntry_HemogoblinCocktail_ASA_C"",EngramLevelRequirement=60,EngramPointsCost=25,EngramHidden=False,RemoveEngramPreReq=True)",,,,,,,
"OverrideNamedEngramEntries=(EngramClassName=""EngramEntry_IceBox_C"",EngramLevelRequirement=60,EngramPointsCost=20,EngramHidden=False,RemoveEngramPreReq=True)",,,,,,,
"OverrideNamedEngramEntries=(EngramClassName=""EngramEntry_AirConditioner_C"",EngramLevelRequirement=61,EngramPointsCost=21,EngramHidden=False,RemoveEngramPreReq=True)",,,,,,,
"OverrideNamedEngramEntries=(EngramClassName=""EngramEntry_Saddle_Beaver_C"",EngramLevelRequirement=61,EngramPointsCost=50,EngramHidden=False,RemoveEngramPreReq=True)",,,,,,,
"OverrideNamedEngramEntries=(EngramClassName=""EngramEntry_Saddle_Argentavis_C"",EngramLevelRequirement=62,EngramPointsCost=21,EngramHidden=False,RemoveEngramPreReq=True)",,,,,,,
"OverrideNamedEngramEntries=(EngramClassName=""EngramEntry_TranqDart_C"",EngramLevelRequirement=62,EngramPointsCost=30,EngramHidden=False,RemoveEngramPreReq=True)",,,,,,,
"OverrideNamedEngramEntries=(EngramClassName=""EngramEntry_Saddle_Sauro_C"",EngramLevelRequirement=63,EngramPointsCost=21,EngramHidden=False,RemoveEngramPreReq=True)",,,,,,,
"OverrideNamedEngramEntries=(EngramClassName=""EngramEntry_MinersHelmet_C"",EngramLevelRequirement=63,EngramPointsCost=35,EngramHidden=False,RemoveEngramPreReq=True)",,,,,,,
"OverrideNamedEngramEntries=(EngramClassName=""EngramEntry_Grinder_C"",EngramLevelRequirement=64,EngramPointsCost=45,EngramHidden=False,RemoveEngramPreReq=True)",,,,,,,
"OverrideNamedEngramEntries=(EngramClassName=""EngramEntry_Saddle_Plesia_C"",EngramLevelRequirement=64,EngramPointsCost=40,EngramHidden=False,RemoveEngramPreReq=True)",,,,,,,
"OverrideNamedEngramEntries=(EngramClassName=""EngramEntry_C4Ammo_C"",EngramLevelRequirement=65,EngramPointsCost=12,EngramHidden=False,RemoveEngramPreReq=True)",,,,,,,
"OverrideNamedEngramEntries=(EngramClassName=""EngramEntry_WeaponC4_C"",EngramLevelRequirement=65,EngramPointsCost=24,EngramHidden=False,RemoveEngramPreReq=True)",,,,,,,
"OverrideNamedEngramEntries=(EngramClassName=""EngramEntry_Saddle_Allo_C"",EngramLevelRequirement=67,EngramPointsCost=35,EngramHidden=False,RemoveEngramPreReq=True)",,,,,,,
"OverrideNamedEngramEntries=(EngramClassName=""EngramEntry_Turret_C"",EngramLevelRequirement=68,EngramPointsCost=40,EngramHidden=False,RemoveEngramPreReq=True)",,,,,,,
"OverrideNamedEngramEntries=(EngramClassName=""EngramEntry_Saddle_Gigantoraptor_C"",EngramLevelRequirement=69,EngramPointsCost=40,EngramHidden=False,RemoveEngramPreReq=True)",,,,,,,
"OverrideNamedEngramEntries=(EngramClassName=""EngramEntry_Saddle_Therizino_C"",EngramLevelRequirement=69,EngramPointsCost=40,EngramHidden=False,RemoveEngramPreReq=True)",,,,,,,
"OverrideNamedEngramEntries=(EngramClassName=""EngramEntry_ElevatorTrack_C"",EngramLevelRequirement=70,EngramPointsCost=40,EngramHidden=False,RemoveEngramPreReq=True)",,,,,,,
"OverrideNamedEngramEntries=(EngramClassName=""EngramEntry_Saddle_Fasola_C"",EngramLevelRequirement=70,EngramPointsCost=40,EngramHidden=False,RemoveEngramPreReq=True)",,,,,,,
"OverrideNamedEngramEntries=(EngramClassName=""EngramEntry_ElevatorPlatformSmall_C"",EngramLevelRequirement=70,EngramPointsCost=40,EngramHidden=False,RemoveEngramPreReq=True)",,,,,,,
"OverrideNamedEngramEntries=(EngramClassName=""EngramEntry_Saddle_Spino_C"",EngramLevelRequirement=71,EngramPointsCost=40,EngramHidden=False,RemoveEngramPreReq=True)",,,,,,,
"OverrideNamedEngramEntries=(EngramClassName=""EngramEntry_ElevatorPlatformMedium_C"",EngramLevelRequirement=72,EngramPointsCost=40,EngramHidden=False,RemoveEngramPreReq=True)",,,,,,,
"OverrideNamedEngramEntries=(EngramClassName=""EngramEntry_TranqSpearBolt_C"",EngramLevelRequirement=72,EngramPointsCost=40,EngramHidden=False,RemoveEngramPreReq=True)",,,,,,,
"OverrideNamedEngramEntries=(EngramClassName=""EngramEntry_ElevatorPlatformLarge_C"",EngramLevelRequirement=73,EngramPointsCost=40,EngramHidden=False,RemoveEngramPreReq=True)",,,,,,,
"OverrideNamedEngramEntries=(EngramClassName=""EngramEntry_Saddle_Megalania_C"",EngramLevelRequirement=73,EngramPointsCost=65,EngramHidden=False,RemoveEngramPreReq=True)",,,,,,,
"OverrideNamedEngramEntries=(EngramClassName=""EngramEntry_Saddle_Deinosuchus_ASA_C"",EngramLevelRequirement=74,EngramPointsCost=40,EngramHidden=False,RemoveEngramPreReq=True)",,,,,,,
"OverrideNamedEngramEntries=(EngramClassName=""EngramEntry_Saddle_Rex_C"",EngramLevelRequirement=74,EngramPointsCost=40,EngramHidden=False,RemoveEngramPreReq=True)",,,,,,,
"OverrideNamedEngramEntries=(EngramClassName=""EngramEntry_StorageBox_Huge_C"",EngramLevelRequirement=75,EngramPointsCost=30,EngramHidden=False,RemoveEngramPreReq=True)",,,,,,,
"OverrideNamedEngramEntries=(EngramClassName=""EngramEntry_Saddle_Quetz_C"",EngramLevelRequirement=76,EngramPointsCost=44,EngramHidden=False,RemoveEngramPreReq=True)",,,,,,,
"OverrideNamedEngramEntries=(EngramClassName=""EngramEntry_HoloScope_C"",EngramLevelRequirement=77,EngramPointsCost=24,EngramHidden=False,RemoveEngramPreReq=True)",,,,,,,
"OverrideNamedEngramEntries=(EngramClassName=""EngramEntry_Saddle_Mosa_C"",EngramLevelRequirement=78,EngramPointsCost=60,EngramHidden=False,RemoveEngramPreReq=True)",,,,,,,
"OverrideNamedEngramEntries=(EngramClassName=""EngramEntry_CompoundBow_C"",EngramLevelRequirement=79,EngramPointsCost=40,EngramHidden=False,RemoveEngramPreReq=True)",,,,,,,
"OverrideNamedEngramEntries=(EngramClassName=""EngramEntry_CompoundArrow_C"",EngramLevelRequirement=79,EngramPointsCost=35,EngramHidden=False,RemoveEngramPreReq=True)",,,,,,,
"OverrideNamedEngramEntries=(EngramClassName=""EngramEntry_IndustrialForge_C"",EngramLevelRequirement=80,EngramPointsCost=90,EngramHidden=False,RemoveEngramPreReq=True)",,,,,,,
"OverrideNamedEngramEntries=(EngramClassName=""EngramEntry_Saddle_Yuty_C"",EngramLevelRequirement=80,EngramPointsCost=50,EngramHidden=False,RemoveEngramPreReq=True)",,,,,,,
"OverrideNamedEngramEntries=(EngramClassName=""EngramEntry_ScubaBoots_Flippers_C"",EngramLevelRequirement=81,EngramPointsCost=20,EngramHidden=False,RemoveEngramPreReq=True)",,,,,,,
"OverrideNamedEngramEntries=(EngramClassName=""EngramEntry_ScubaPants_C"",EngramLevelRequirement=81,EngramPointsCost=35,EngramHidden=False,RemoveEngramPreReq=True)",,,,,,,
"OverrideNamedEngramEntries=(EngramClassName=""EngramEntry_ScubaHelmet_Goggles_C"",EngramLevelRequirement=81,EngramPointsCost=25,EngramHidden=False,RemoveEngramPreReq=True)",,,,,,,
"OverrideNamedEngramEntries=(EngramClassName=""EngramEntry_ScubaShirt_SuitWithTank_C"",EngramLevelRequirement=81,EngramPointsCost=35,EngramHidden=False,RemoveEngramPreReq=True)",,,,,,,
"OverrideNamedEngramEntries=(EngramClassName=""EngramEntry_Saddle_Sauro_Platform_C"",EngramLevelRequirement=82,EngramPointsCost=35,EngramHidden=False,RemoveEngramPreReq=True)",,,,,,,
"OverrideNamedEngramEntries=(EngramClassName=""EngramEntry_ChemBench_C"",EngramLevelRequirement=82,EngramPointsCost=65,EngramHidden=False,RemoveEngramPreReq=True)",,,,,,,
"OverrideNamedEngramEntries=(EngramClassName=""EngramEntry_AdvancedSniperBullet_C"",EngramLevelRequirement=83,EngramPointsCost=16,EngramHidden=False,RemoveEngramPreReq=True)",,,,,,,
"OverrideNamedEngramEntries=(EngramClassName=""EngramEntry_MachinedSniper_C"",EngramLevelRequirement=83,EngramPointsCost=36,EngramHidden=False,RemoveEngramPreReq=True)",,,,,,,
"OverrideNamedEngramEntries=(EngramClassName=""EngramEntry_SubstrateAbsorbent_C"",EngramLevelRequirement=84,EngramPointsCost=60,EngramHidden=False,RemoveEngramPreReq=True)",,,,,,,
"OverrideNamedEngramEntries=(EngramClassName=""EngramEntry_Saddle_Plesio_Platform_C"",EngramLevelRequirement=84,EngramPointsCost=80,EngramHidden=False,RemoveEngramPreReq=True)",,,,,,,
"OverrideNamedEngramEntries=(EngramClassName=""EngramEntry_SaddleDeinotherium_ASA_C"",EngramLevelRequirement=85,EngramPointsCost=50,EngramHidden=False,RemoveEngramPreReq=True)",,,,,,,
"OverrideNamedEngramEntries=(EngramClassName=""EngramEntry_GasMask_C"",EngramLevelRequirement=85,EngramPointsCost=100,EngramHidden=False,RemoveEngramPreReq=True)",,,,,,,
"OverrideNamedEngramEntries=(EngramClassName=""EngramEntry_NightVisionGoggles_C"",EngramLevelRequirement=86,EngramPointsCost=100,EngramHidden=False,RemoveEngramPreReq=True)",,,,,,,
"OverrideNamedEngramEntries=(EngramClassName=""EngramEntry_RocketLauncher_C"",EngramLevelRequirement=87,EngramPointsCost=32,EngramHidden=False,RemoveEngramPreReq=True)",,,,,,,
"OverrideNamedEngramEntries=(EngramClassName=""EngramEntry_RocketAmmo_C"",EngramLevelRequirement=87,EngramPointsCost=8,EngramHidden=False,RemoveEngramPreReq=True)",,,,,,,
"OverrideNamedEngramEntries=(EngramClassName=""EngramEntry_SeaMine_C"",EngramLevelRequirement=88,EngramPointsCost=30,EngramHidden=False,RemoveEngramPreReq=True)",,,,,,,
"OverrideNamedEngramEntries=(EngramClassName=""EngramEntry_IndustrialCookingPot_C"",EngramLevelRequirement=89,EngramPointsCost=60,EngramHidden=False,RemoveEngramPreReq=True)",,,,,,,
"OverrideNamedEngramEntries=(EngramClassName=""EngramEntry_AggroTranqDart_C"",EngramLevelRequirement=90,EngramPointsCost=60,EngramHidden=False,RemoveEngramPreReq=True)",,,,,,,
"OverrideNamedEngramEntries=(EngramClassName=""EngramEntry_Saddle_Rhynio_C"",EngramLevelRequirement=90,EngramPointsCost=65,EngramHidden=False,RemoveEngramPreReq=True)",,,,,,,
"OverrideNamedEngramEntries=(EngramClassName=""EngramEntry_Saddle_Tuso_C"",EngramLevelRequirement=91,EngramPointsCost=40,EngramHidden=False,RemoveEngramPreReq=True)",,,,,,,
"OverrideNamedEngramEntries=(EngramClassName=""EngramEntry_RiotShield_C"",EngramLevelRequirement=92,EngramPointsCost=35,EngramHidden=False,RemoveEngramPreReq=True)",,,,,,,
"OverrideNamedEngramEntries=(EngramClassName=""EngramEntry_Saddle_Mosa_Platform_C"",EngramLevelRequirement=93,EngramPointsCost=80,EngramHidden=False,RemoveEngramPreReq=True)",,,,,,,
"OverrideNamedEngramEntries=(EngramClassName=""EngramEntry_MinigunTurret_C"",EngramLevelRequirement=94,EngramPointsCost=80,EngramHidden=False,RemoveEngramPreReq=True)",,,,,,,
"OverrideNamedEngramEntries=(EngramClassName=""EngramEntry_ElectricProd_C"",EngramLevelRequirement=95,EngramPointsCost=60,EngramHidden=False,RemoveEngramPreReq=True)",,,,,,,
"OverrideNamedEngramEntries=(EngramClassName=""EngramEntry_Saddle_Carcha_C"",EngramLevelRequirement=96,EngramPointsCost=75,EngramHidden=False,RemoveEngramPreReq=True)",,,,,,,
"OverrideNamedEngramEntries=(EngramClassName=""EngramEntry_Saddle_Gigant_C"",EngramLevelRequirement=96,EngramPointsCost=75,EngramHidden=False,RemoveEngramPreReq=True)",,,,,,,
"OverrideNamedEngramEntries=(EngramClassName=""EngramEntry_RefinedTranqDart_C"",EngramLevelRequirement=96,EngramPointsCost=30,EngramHidden=False,RemoveEngramPreReq=True)",,,,,,,
"OverrideNamedEngramEntries=(EngramClassName=""EngramEntry_Saddle_Quetz_Platform_C"",EngramLevelRequirement=97,EngramPointsCost=80,EngramHidden=False,RemoveEngramPreReq=True)",,,,,,,
"OverrideNamedEngramEntries=(EngramClassName=""EngramEntry_RiotBoots_C"",EngramLevelRequirement=98,EngramPointsCost=40,EngramHidden=False,RemoveEngramPreReq=True)",,,,,,,
"OverrideNamedEngramEntries=(EngramClassName=""EngramEntry_RiotShirt_C"",EngramLevelRequirement=98,EngramPointsCost=40,EngramHidden=False,RemoveEngramPreReq=True)",,,,,,,
"OverrideNamedEngramEntries=(EngramClassName=""EngramEntry_RiotGloves_C"",EngramLevelRequirement=98,EngramPointsCost=40,EngramHidden=False,RemoveEngramPreReq=True)",,,,,,,
"OverrideNamedEngramEntries=(EngramClassName=""EngramEntry_RiotHelmet_C"",EngramLevelRequirement=98,EngramPointsCost=40,EngramHidden=False,RemoveEngramPreReq=True)",,,,,,,
"OverrideNamedEngramEntries=(EngramClassName=""EngramEntry_RiotPants_C"",EngramLevelRequirement=98,EngramPointsCost=40,EngramHidden=False,RemoveEngramPreReq=True)",,,,,,,
"OverrideNamedEngramEntries=(EngramClassName=""EngramEntry_RocketTurret_C"",EngramLevelRequirement=99,EngramPointsCost=100,EngramHidden=False,RemoveEngramPreReq=True)",,,,,,,
"OverrideNamedEngramEntries=(EngramClassName=""EngramEntry_DreadSaddle_C"",EngramLevelRequirement=100,EngramPointsCost=100,EngramHidden=False,RemoveEngramPreReq=True)",,,,,,,
"OverrideNamedEngramEntries=(EngramClassName=""EngramEntry_HeavyTurret_C"",EngramLevelRequirement=100,EngramPointsCost=100,EngramHidden=False,RemoveEngramPreReq=True)",,,,,,,
"OverrideNamedEngramEntries=(EngramClassName=""EngramEntry_ShastaSaddle_C"",EngramLevelRequirement=100,EngramPointsCost=70,EngramHidden=False,RemoveEngramPreReq=True)",,,,,,,
"OverrideNamedEngramEntries=(EngramClassName=""EngramEntry_Saddle_Titano_Platform_C"",EngramLevelRequirement=100,EngramPointsCost=120,EngramHidden=False,RemoveEngramPreReq=True)",,,,,,,
"OverrideNamedEngramEntries=(EngramClassName=""EngramEntry_AB_GhillieBoots_C"",EngramLevelRequirement=1,EngramPointsCost=0,EngramHidden=False,RemoveEngramPreReq=True)",,,,,,,
"OverrideNamedEngramEntries=(EngramClassName=""EngramEntry_AB_GhillieShirt_C"",EngramLevelRequirement=1,EngramPointsCost=0,EngramHidden=False,RemoveEngramPreReq=True)",,,,,,,
"OverrideNamedEngramEntries=(EngramClassName=""EngramEntry_AB_GhillieGloves_C"",EngramLevelRequirement=1,EngramPointsCost=0,EngramHidden=False,RemoveEngramPreReq=True)",,,,,,,
"OverrideNamedEngramEntries=(EngramClassName=""EngramEntry_AB_GhilliePants_C"",EngramLevelRequirement=1,EngramPointsCost=0,EngramHidden=False,RemoveEngramPreReq=True)",,,,,,,
"OverrideNamedEngramEntries=(EngramClassName=""EngramEntry_AB_GhillieHelmet_C"",EngramLevelRequirement=1,EngramPointsCost=0,EngramHidden=False,RemoveEngramPreReq=True)",,,,,,,
"OverrideNamedEngramEntries=(EngramClassName=""EngramEntry_Steampunk_BeretHat_C"",EngramLevelRequirement=1,EngramPointsCost=0,EngramHidden=False,RemoveEngramPreReq=True)",,,,,,,
"OverrideNamedEngramEntries=(EngramClassName=""EngramEntry_Steampunk_BoaterHat_C"",EngramLevelRequirement=1,EngramPointsCost=0,EngramHidden=False,RemoveEngramPreReq=True)",,,,,,,
"OverrideNamedEngramEntries=(EngramClassName=""EngramEntry_Frontier_BowlerHat_C"",EngramLevelRequirement=1,EngramPointsCost=0,EngramHidden=False,RemoveEngramPreReq=True)",,,,,,,
"OverrideNamedEngramEntries=(EngramClassName=""EngramEntry_Steampunk_CyclistHat_C"",EngramLevelRequirement=1,EngramPointsCost=0,EngramHidden=False,RemoveEngramPreReq=True)",,,,,,,
"OverrideNamedEngramEntries=(EngramClassName=""EngramEntry_Steampunk_Dapper_Boots_C"",EngramLevelRequirement=1,EngramPointsCost=0,EngramHidden=False,RemoveEngramPreReq=True)",,,,,,,
"OverrideNamedEngramEntries=(EngramClassName=""EngramEntry_Steampunk_Dapper_Gloves_C"",EngramLevelRequirement=1,EngramPointsCost=0,EngramHidden=False,RemoveEngramPreReq=True)",,,,,,,
"OverrideNamedEngramEntries=(EngramClassName=""EngramEntry_Steampunk_Dapper_Pants_C"",EngramLevelRequirement=1,EngramPointsCost=0,EngramHidden=False,RemoveEngramPreReq=True)",,,,,,,
"OverrideNamedEngramEntries=(EngramClassName=""EngramEntry_Steampunk_Dapper_Shirt_C"",EngramLevelRequirement=1,EngramPointsCost=0,EngramHidden=False,RemoveEngramPreReq=True)",,,,,,,
"OverrideNamedEngramEntries=(EngramClassName=""EngramEntry_Frontier_DrfiterBoots_C"",EngramLevelRequirement=1,EngramPointsCost=0,EngramHidden=False,RemoveEngramPreReq=True)",,,,,,,
"OverrideNamedEngramEntries=(EngramClassName=""EngramEntry_Frontier_DrfiterGloves_C"",EngramLevelRequirement=1,EngramPointsCost=0,EngramHidden=False,RemoveEngramPreReq=True)",,,,,,,
"OverrideNamedEngramEntries=(EngramClassName=""EngramEntry_Frontier_DrfiterHat_C"",EngramLevelRequirement=1,EngramPointsCost=0,EngramHidden=False,RemoveEngramPreReq=True)",,,,,,,
"OverrideNamedEngramEntries=(EngramClassName=""EngramEntry_Frontier_DrfiterPants_C"",EngramLevelRequirement=1,EngramPointsCost=0,EngramHidden=False,RemoveEngramPreReq=True)",,,,,,,
"OverrideNamedEngramEntries=(EngramClassName=""EngramEntry_Frontier_DrfiterShirt_C"",EngramLevelRequirement=1,EngramPointsCost=0,EngramHidden=False,RemoveEngramPreReq=True)",,,,,,,
"OverrideNamedEngramEntries=(EngramClassName=""EngramEntry_Frontier_Dynamite_C"",EngramLevelRequirement=1,EngramPointsCost=0,EngramHidden=False,RemoveEngramPreReq=True)",,,,,,,
"OverrideNamedEngramEntries=(EngramClassName=""EngramEntry_Steampunk_Engineer_Boots_C"",EngramLevelRequirement=1,EngramPointsCost=0,EngramHidden=False,RemoveEngramPreReq=True)",,,,,,,
"OverrideNamedEngramEntries=(EngramClassName=""EngramEntry_Steampunk_Engineer_Gloves_C"",EngramLevelRequirement=1,EngramPointsCost=0,EngramHidden=False,RemoveEngramPreReq=True)",,,,,,,
"OverrideNamedEngramEntries=(EngramClassName=""EngramEntry_Steampunk_Engineer_Hat_C"",EngramLevelRequirement=1,EngramPointsCost=0,EngramHidden=False,RemoveEngramPreReq=True)",,,,,,,
"OverrideNamedEngramEntries=(EngramClassName=""EngramEntry_Steampunk_Engineer_Pants_C"",EngramLevelRequirement=1,EngramPointsCost=0,EngramHidden=False,RemoveEngramPreReq=True)",,,,,,,
"OverrideNamedEngramEntries=(EngramClassName=""EngramEntry_Steampunk_Engineer_Shirt_C"",EngramLevelRequirement=1,EngramPointsCost=0,EngramHidden=False,RemoveEngramPreReq=True)",,,,,,,
"OverrideNamedEngramEntries=(EngramClassName=""EngramEntry_Frontier_Tileset_Wood_C"",EngramLevelRequirement=1,EngramPointsCost=0,EngramHidden=False,RemoveEngramPreReq=True)",,,,,,,
"OverrideNamedEngramEntries=(EngramClassName=""EngramEntry_Steampunk_Dapper_Hat_Med_C"",EngramLevelRequirement=1,EngramPointsCost=0,EngramHidden=False,RemoveEngramPreReq=True)",,,,,,,
"OverrideNamedEngramEntries=(EngramClassName=""EngramEntry_Frontier_RustlerBoots_C"",EngramLevelRequirement=1,EngramPointsCost=0,EngramHidden=False,RemoveEngramPreReq=True)",,,,,,,
"OverrideNamedEngramEntries=(EngramClassName=""EngramEntry_Frontier_RustlerGloves_C"",EngramLevelRequirement=1,EngramPointsCost=0,EngramHidden=False,RemoveEngramPreReq=True)",,,,,,,
"OverrideNamedEngramEntries=(EngramClassName=""EngramEntry_Frontier_RustlerHat_C"",EngramLevelRequirement=1,EngramPointsCost=0,EngramHidden=False,RemoveEngramPreReq=True)",,,,,,,
"OverrideNamedEngramEntries=(EngramClassName=""EngramEntry_Frontier_RustlerPants_C"",EngramLevelRequirement=1,EngramPointsCost=0,EngramHidden=False,RemoveEngramPreReq=True)",,,,,,,
"OverrideNamedEngramEntries=(EngramClassName=""EngramEntry_Frontier_RustlerShirt_C"",EngramLevelRequirement=1,EngramPointsCost=0,EngramHidden=False,RemoveEngramPreReq=True)",,,,,,,
"OverrideNamedEngramEntries=(EngramClassName=""EngramEntry_Frontier_RancherHat_C"",EngramLevelRequirement=1,EngramPointsCost=0,EngramHidden=False,RemoveEngramPreReq=True)",,,,,,,
"OverrideNamedEngramEntries=(EngramClassName=""EngramEntry_Steampunk_Dapper_Hat_Short_C"",EngramLevelRequirement=1,EngramPointsCost=0,EngramHidden=False,RemoveEngramPreReq=True)",,,,,,,
"OverrideNamedEngramEntries=(EngramClassName=""EngramEntry_Frontier_SinisterHat_C"",EngramLevelRequirement=1,EngramPointsCost=0,EngramHidden=False,RemoveEngramPreReq=True)",,,,,,,
"OverrideNamedEngramEntries=(EngramClassName=""EngramEntry_Steampunk_Goggles_C"",EngramLevelRequirement=1,EngramPointsCost=0,EngramHidden=False,RemoveEngramPreReq=True)",,,,,,,
"OverrideNamedEngramEntries=(EngramClassName=""EngramEntry_Steampunk_GogglesHat_C"",EngramLevelRequirement=1,EngramPointsCost=0,EngramHidden=False,RemoveEngramPreReq=True)",,,,,,,
"OverrideNamedEngramEntries=(EngramClassName=""EngramEntry_Steampunk_RockDrakeSaddle_C"",EngramLevelRequirement=1,EngramPointsCost=0,EngramHidden=False,RemoveEngramPreReq=True)",,,,,,,
"OverrideNamedEngramEntries=(EngramClassName=""EngramEntry_Steampunk_StructureTileset_C"",EngramLevelRequirement=1,EngramPointsCost=0,EngramHidden=False,RemoveEngramPreReq=True)",,,,,,,
"OverrideNamedEngramEntries=(EngramClassName=""EngramEntry_Steampunk_Dapper_Hat_Tall_C"",EngramLevelRequirement=1,EngramPointsCost=0,EngramHidden=False,RemoveEngramPreReq=True)",,,,,,,
"OverrideNamedEngramEntries=(EngramClassName=""EngramEntry_Frontier_Scaffolding_C"",EngramLevelRequirement=12,EngramPointsCost=0,EngramHidden=False,RemoveEngramPreReq=True)",,,,,,,
"OverrideNamedEngramEntries=(EngramClassName=""EngramEntry_Frontier_ShootableBottle_C"",EngramLevelRequirement=14,EngramPointsCost=4,EngramHidden=False,RemoveEngramPreReq=True)",,,,,,,
"OverrideNamedEngramEntries=(EngramClassName=""EngramEntry_Frontier_Coffin_C"",EngramLevelRequirement=20,EngramPointsCost=0,EngramHidden=False,RemoveEngramPreReq=True)",,,,,,,
"OverrideNamedEngramEntries=(EngramClassName=""EngramEntry_Frontier_SaloonChair_C"",EngramLevelRequirement=20,EngramPointsCost=0,EngramHidden=False,RemoveEngramPreReq=True)",,,,,,,
"OverrideNamedEngramEntries=(EngramClassName=""EngramEntry_Frontier_SaloonTable_C"",EngramLevelRequirement=20,EngramPointsCost=0,EngramHidden=False,RemoveEngramPreReq=True)",,,,,,,
"OverrideNamedEngramEntries=(EngramClassName=""EngramEntry_Frontier_Shovel_C"",EngramLevelRequirement=20,EngramPointsCost=6,EngramHidden=False,RemoveEngramPreReq=True)",,,,,,,
"OverrideNamedEngramEntries=(EngramClassName=""EngramEntry_Frontier_SaloonStool_C"",EngramLevelRequirement=20,EngramPointsCost=6,EngramHidden=False,RemoveEngramPreReq=True)",,,,,,,
"OverrideNamedEngramEntries=(EngramClassName=""EngramEntry_Frontier_TreasureCache_C"",EngramLevelRequirement=20,EngramPointsCost=8,EngramHidden=False,RemoveEngramPreReq=True)",not on the website,,,,,,
"OverrideNamedEngramEntries=(EngramClassName=""EngramEntry_Wasteland_DoggoArmor_Saddle_C"",EngramLevelRequirement=21,EngramPointsCost=10,EngramHidden=False,RemoveEngramPreReq=True)",,,,,,,
"OverrideNamedEngramEntries=(EngramClassName=""EngramEntry_Wasteland_DoggoArmor_AmmoBox_C"",EngramLevelRequirement=21,EngramPointsCost=10,EngramHidden=False,RemoveEngramPreReq=True)",,,,,,,
"OverrideNamedEngramEntries=(EngramClassName=""EngramEntry_Wasteland_DoggoArmor_MeatSack_C"",EngramLevelRequirement=21,EngramPointsCost=10,EngramHidden=False,RemoveEngramPreReq=True)",,,,,,,
"OverrideNamedEngramEntries=(EngramClassName=""EngramEntry_Wasteland_DoggoArmor_Spikes_C"",EngramLevelRequirement=21,EngramPointsCost=10,EngramHidden=False,RemoveEngramPreReq=True)",,,,,,,
"OverrideNamedEngramEntries=(EngramClassName=""EngramEntry_Wasteland_DoggoArmor_SleepingBag_C"",EngramLevelRequirement=21,EngramPointsCost=10,EngramHidden=False,RemoveEngramPreReq=True)",,,,,,,
"OverrideNamedEngramEntries=(EngramClassName=""EngramEntry_Wasteland_DoggoArmor_ChibiBasket_C"",EngramLevelRequirement=21,EngramPointsCost=10,EngramHidden=False,RemoveEngramPreReq=True)",,,,,,,
"OverrideNamedEngramEntries=(EngramClassName=""EngramEntry_Wasteland_DoggoArmor_ExtraArmor_C"",EngramLevelRequirement=21,EngramPointsCost=10,EngramHidden=False,RemoveEngramPreReq=True)",,,,,,,
"OverrideNamedEngramEntries=(EngramClassName=""EngramEntry_Wasteland_DoggoArmor_Medkit_C"",EngramLevelRequirement=21,EngramPointsCost=10,EngramHidden=False,RemoveEngramPreReq=True)",,,,,,,
"OverrideNamedEngramEntries=(EngramClassName=""EngramEntry_Wasteland_DoggoArmor_OxygenTank_C"",EngramLevelRequirement=21,EngramPointsCost=10,EngramHidden=False,RemoveEngramPreReq=True)",,,,,,,
"OverrideNamedEngramEntries=(EngramClassName=""EngramEntry_Wasteland_DoggoArmor_FoodBasket_C"",EngramLevelRequirement=21,EngramPointsCost=10,EngramHidden=False,RemoveEngramPreReq=True)",,,,,,,
"OverrideNamedEngramEntries=(EngramClassName=""EngramEntry_Wasteland_DoggoArmor_Bag_C"",EngramLevelRequirement=21,EngramPointsCost=10,EngramHidden=False,RemoveEngramPreReq=True)",,,,,,,
"OverrideNamedEngramEntries=(EngramClassName=""EngramEntry_Wasteland_DoggoArmor_Movespeed_C"",EngramLevelRequirement=21,EngramPointsCost=10,EngramHidden=False,RemoveEngramPreReq=True)",,,,,,,
"OverrideNamedEngramEntries=(EngramClassName=""EngramEntry_Wasteland_DoggoArmor_Spyglass_C"",EngramLevelRequirement=21,EngramPointsCost=10,EngramHidden=False,RemoveEngramPreReq=True)",,,,,,,
"OverrideNamedEngramEntries=(EngramClassName=""EngramEntry_Frontier_DrawingSheet_C"",EngramLevelRequirement=21,EngramPointsCost=0,EngramHidden=False,RemoveEngramPreReq=True)",,,,,,,
"OverrideNamedEngramEntries=(EngramClassName=""EngramEntry_Frontier_Saddle_Carriage_C"",EngramLevelRequirement=22,EngramPointsCost=10,EngramHidden=False,RemoveEngramPreReq=True)",,,,,,,
"OverrideNamedEngramEntries=(EngramClassName=""EngramEntry_Frontier_Sign_Hanging_C"",EngramLevelRequirement=22,EngramPointsCost=5,EngramHidden=False,RemoveEngramPreReq=True)",,,,,,,
"OverrideNamedEngramEntries=(EngramClassName=""EngramEntry_Frontier_Barrel_C"",EngramLevelRequirement=23,EngramPointsCost=9,EngramHidden=False,RemoveEngramPreReq=True)",,,,,,,
"OverrideNamedEngramEntries=(EngramClassName=""EngramEntry_Frontier_PokerTable_C"",EngramLevelRequirement=26,EngramPointsCost=10,EngramHidden=False,RemoveEngramPreReq=True)",,,,,,,
"OverrideNamedEngramEntries=(EngramClassName=""EngramEntry_Frontier_TownBell_C"",EngramLevelRequirement=28,EngramPointsCost=11,EngramHidden=False,RemoveEngramPreReq=True)",,,,,,,
"OverrideNamedEngramEntries=(EngramClassName=""EngramEntry_Frontier_FancyArmchair_C"",EngramLevelRequirement=30,EngramPointsCost=0,EngramHidden=False,RemoveEngramPreReq=True)",,,,,,,
"OverrideNamedEngramEntries=(EngramClassName=""EngramEntry_Frontier_FancyCouch_C"",EngramLevelRequirement=30,EngramPointsCost=0,EngramHidden=False,RemoveEngramPreReq=True)",,,,,,,
"OverrideNamedEngramEntries=(EngramClassName=""EngramEntry_Frontier_PlantPot_C"",EngramLevelRequirement=31,EngramPointsCost=13,EngramHidden=False,RemoveEngramPreReq=True)",,,,,,,
"OverrideNamedEngramEntries=(EngramClassName=""EngramEntry_Frontier_SaloonPiano_C"",EngramLevelRequirement=31,EngramPointsCost=13,EngramHidden=False,RemoveEngramPreReq=True)",,,,,,,
"OverrideNamedEngramEntries=(EngramClassName=""EngramEntry_Frontier_OilLamp_C"",EngramLevelRequirement=33,EngramPointsCost=12,EngramHidden=False,RemoveEngramPreReq=True)",,,,,,,
"OverrideNamedEngramEntries=(EngramClassName=""EngramEntry_Wasteland_TribeTower_C"",EngramLevelRequirement=42,EngramPointsCost=60,EngramHidden=False,RemoveEngramPreReq=True)",,,,,,,
"OverrideNamedEngramEntries=(EngramClassName=""EngramEntry_Frontier_Train_Car_C"",EngramLevelRequirement=43,EngramPointsCost=35,EngramHidden=False,RemoveEngramPreReq=True)",,,,,,,
"OverrideNamedEngramEntries=(EngramClassName=""EngramEntry_Frontier_Train_Platform_C"",EngramLevelRequirement=43,EngramPointsCost=35,EngramHidden=False,RemoveEngramPreReq=True)",,,,,,,
"OverrideNamedEngramEntries=(EngramClassName=""EngramEntry_Frontier_Train_TracksAuto_C"",EngramLevelRequirement=43,EngramPointsCost=10,EngramHidden=False,RemoveEngramPreReq=True)",,,,,,,
"OverrideNamedEngramEntries=(EngramClassName=""EngramEntry_ChargeBattery_Mini_C"",EngramLevelRequirement=45,EngramPointsCost=5,EngramHidden=False,RemoveEngramPreReq=True)",,,,,,,
"OverrideNamedEngramEntries=(EngramClassName=""EngramEntry_Wasteland_Lights_C"",EngramLevelRequirement=48,EngramPointsCost=10,EngramHidden=False,RemoveEngramPreReq=True)",,,,,,,
"OverrideNamedEngramEntries=(EngramClassName=""EngramEntry_Steampunk_Lights_C"",EngramLevelRequirement=48,EngramPointsCost=10,EngramHidden=False,RemoveEngramPreReq=True)",,,,,,,
"OverrideNamedEngramEntries=(EngramClassName=""EngramEntry_Wasteland_VehicleGarage_C"",EngramLevelRequirement=50,EngramPointsCost=30,EngramHidden=False,RemoveEngramPreReq=True)",,,,,,,
"OverrideNamedEngramEntries=(EngramClassName=""EngramEntry_Steampunk_LibraryStorage_C"",EngramLevelRequirement=51,EngramPointsCost=9,EngramHidden=False,RemoveEngramPreReq=True)",,,,,,,
"OverrideNamedEngramEntries=(EngramClassName=""EngramEntry_Frontier_WaterTank_Large_C"",EngramLevelRequirement=53,EngramPointsCost=25,EngramHidden=False,RemoveEngramPreReq=True)",,,,,,,
"OverrideNamedEngramEntries=(EngramClassName=""EngramEntry_Steampunk_Spotlight_C"",EngramLevelRequirement=54,EngramPointsCost=8,EngramHidden=False,RemoveEngramPreReq=True)",,,,,,,
"OverrideNamedEngramEntries=(EngramClassName=""EngramEntry_Frontier_Windmill_C"",EngramLevelRequirement=55,EngramPointsCost=20,EngramHidden=False,RemoveEngramPreReq=True)",,,,,,,
"OverrideNamedEngramEntries=(EngramClassName=""EngramEntry_Wasteland_ExplosiveSpear_C"",EngramLevelRequirement=58,EngramPointsCost=18,EngramHidden=False,RemoveEngramPreReq=True)",,,,,,,
"OverrideNamedEngramEntries=(EngramClassName=""EngramEntry_Wasteland_AntifireGrenade_C"",EngramLevelRequirement=58,EngramPointsCost=18,EngramHidden=False,RemoveEngramPreReq=True)",,,,,,,
"OverrideNamedEngramEntries=(EngramClassName=""EngramEntry_Steampunk_GooGun_C"",EngramLevelRequirement=58,EngramPointsCost=18,EngramHidden=False,RemoveEngramPreReq=True)",,,,,,,
"OverrideNamedEngramEntries=(EngramClassName=""EngramEntry_Steampunk_TinkeringDesk_C"",EngramLevelRequirement=64,EngramPointsCost=21,EngramHidden=False,RemoveEngramPreReq=True)",,,,,,,
"OverrideNamedEngramEntries=(EngramClassName=""EngramEntry_Steampunk_IndustrialPreservingBin_C"",EngramLevelRequirement=68,EngramPointsCost=23,EngramHidden=False,RemoveEngramPreReq=True)",,,,,,,
"OverrideNamedEngramEntries=(EngramClassName=""EngramEntry_Wasteland_BioGrinder_C"",EngramLevelRequirement=85,EngramPointsCost=50,EngramHidden=False,RemoveEngramPreReq=True)",,,,,,,
"OverrideNamedEngramEntries=(EngramClassName=""EngramEntry_Steampunk_GeneScanner_C"",EngramLevelRequirement=86,EngramPointsCost=11,EngramHidden=False,RemoveEngramPreReq=True)",,,,,,,
"OverrideNamedEngramEntries=(EngramClassName=""EngramEntry_Steampunk_GeneInfuser_C"",EngramLevelRequirement=86,EngramPointsCost=17,EngramHidden=False,RemoveEngramPreReq=True)",,,,,,,
"OverrideNamedEngramEntries=(EngramClassName=""EngramEntry_Steampunk_HelperBot_C"",EngramLevelRequirement=86,EngramPointsCost=32,EngramHidden=False,RemoveEngramPreReq=True)",,,,,,,
"OverrideNamedEngramEntries=(EngramClassName=""EngramEntry_Steampunk_EmbryoIncubator_C"",EngramLevelRequirement=89,EngramPointsCost=24,EngramHidden=False,RemoveEngramPreReq=True)",,,,,,,
"OverrideNamedEngramEntries=(EngramClassName=""EngramEntry_Wasteland_AntiFlyerTurret_C"",EngramLevelRequirement=90,EngramPointsCost=30,EngramHidden=False,RemoveEngramPreReq=True)",,,,,,,
"OverrideNamedEngramEntries=(EngramClassName=""EngramEntry_Steampunk_TimeClock_C"",EngramLevelRequirement=91,EngramPointsCost=29,EngramHidden=False,RemoveEngramPreReq=True)",,,,,,,
"OverrideNamedEngramEntries=(EngramClassName=""EngramEntry_Wasteland_TekChemBench_C"",EngramLevelRequirement=92,EngramPointsCost=50,EngramHidden=False,RemoveEngramPreReq=True)",,,,,,,
"OverrideNamedEngramEntries=(EngramClassName=""EngramEntry_Steampunk_Zeppelin_C"",EngramLevelRequirement=92,EngramPointsCost=22,EngramHidden=False,RemoveEngramPreReq=True)",,,,,,,
"OverrideNamedEngramEntries=(EngramClassName=""EngramEntry_Steampunk_MegaForge_C"",EngramLevelRequirement=94,EngramPointsCost=36,EngramHidden=False,RemoveEngramPreReq=True)",,,,,,,
"OverrideNamedEngramEntries=(EngramClassName=""EngramEntry_Steampunk_Stopwatch_C"",EngramLevelRequirement=99,EngramPointsCost=27,EngramHidden=False,RemoveEngramPreReq=True)",,,,,,,
"OverrideNamedEngramEntries=(EngramClassName=""EngramEntry_Steampunk_LinkedStorage_C"",EngramLevelRequirement=100,EngramPointsCost=33,EngramHidden=False,RemoveEngramPreReq=True)",,,,,,,
"OverrideNamedEngramEntries=(EngramClassName=""EngramEntry_Steampunk_TeslaCoil_C"",EngramLevelRequirement=103,EngramPointsCost=30,EngramHidden=False,RemoveEngramPreReq=True)",,,,,,,
"OverrideNamedEngramEntries=(EngramClassName=""EngramEntry_Clay_C"",EngramLevelRequirement=5,EngramPointsCost=3,EngramHidden=False,RemoveEngramPreReq=True)",,,,,,,
"OverrideNamedEngramEntries=(EngramClassName=""EngramEntry_PreservingSalt_C"",EngramLevelRequirement=5,EngramPointsCost=3,EngramHidden=False,RemoveEngramPreReq=True)",,,,,,,
"OverrideNamedEngramEntries=(EngramClassName=""EngramEntry_Tent_C"",EngramLevelRequirement=7,EngramPointsCost=8,EngramHidden=False,RemoveEngramPreReq=True)",,,,,,,
"OverrideNamedEngramEntries=(EngramClassName=""EngramEntry_Boomerang_C"",EngramLevelRequirement=9,EngramPointsCost=2,EngramHidden=False,RemoveEngramPreReq=True)",,,,,,,
"OverrideNamedEngramEntries=(EngramClassName=""EngramEntry_Saddle_Camelsaurus_C"",EngramLevelRequirement=11,EngramPointsCost=11,EngramHidden=False,RemoveEngramPreReq=True)",,,,,,,
"OverrideNamedEngramEntries=(EngramClassName=""EngramEntry_Vessel_C"",EngramLevelRequirement=13,EngramPointsCost=10,EngramHidden=False,RemoveEngramPreReq=True)",,,,,,,
"OverrideNamedEngramEntries=(EngramClassName=""EngramEntry_AdobeCeiling_C"",EngramLevelRequirement=15,EngramPointsCost=5,EngramHidden=False,RemoveEngramPreReq=True)",,,,,,,
"OverrideNamedEngramEntries=(EngramClassName=""EngramEntry_AdobeDoor_C"",EngramLevelRequirement=15,EngramPointsCost=4,EngramHidden=False,RemoveEngramPreReq=True)",,,,,,,
"OverrideNamedEngramEntries=(EngramClassName=""EngramEntry_AdobeFenceFoundation_C"",EngramLevelRequirement=15,EngramPointsCost=6,EngramHidden=False,RemoveEngramPreReq=True)",,,,,,,
"OverrideNamedEngramEntries=(EngramClassName=""EngramEntry_AdobeFloor_C"",EngramLevelRequirement=15,EngramPointsCost=6,EngramHidden=False,RemoveEngramPreReq=True)",,,,,,,
"OverrideNamedEngramEntries=(EngramClassName=""EngramEntry_AdobeWall_C"",EngramLevelRequirement=15,EngramPointsCost=7,EngramHidden=False,RemoveEngramPreReq=True)",,,,,,,
"OverrideNamedEngramEntries=(EngramClassName=""EngramEntry_WaterWell_C"",EngramLevelRequirement=15,EngramPointsCost=10,EngramHidden=False,RemoveEngramPreReq=True)",,,,,,,
"OverrideNamedEngramEntries=(EngramClassName=""EngramEntry_AdobeLadder_C"",EngramLevelRequirement=16,EngramPointsCost=6,EngramHidden=False,RemoveEngramPreReq=True)",,,,,,,
"OverrideNamedEngramEntries=(EngramClassName=""EngramEntry_AdobePillar_C"",EngramLevelRequirement=17,EngramPointsCost=8,EngramHidden=False,RemoveEngramPreReq=True)",,,,,,,
"OverrideNamedEngramEntries=(EngramClassName=""EngramEntry_AdobeRailing_C"",EngramLevelRequirement=17,EngramPointsCost=2,EngramHidden=False,RemoveEngramPreReq=True)",,,,,,,
"OverrideNamedEngramEntries=(EngramClassName=""EngramEntry_AdobeSlopedWall_Left_C"",EngramLevelRequirement=18,EngramPointsCost=3,EngramHidden=False,RemoveEngramPreReq=True)",,,,,,,
"OverrideNamedEngramEntries=(EngramClassName=""EngramEntry_WeaponWhip_C"",EngramLevelRequirement=20,EngramPointsCost=6,EngramHidden=False,RemoveEngramPreReq=True)",,,,,,,
"OverrideNamedEngramEntries=(EngramClassName=""EngramEntry_Propellant_C"",EngramLevelRequirement=22,EngramPointsCost=12,EngramHidden=False,RemoveEngramPreReq=True)",,,,,,,
"OverrideNamedEngramEntries=(EngramClassName=""EngramEntry_OilJar_C"",EngramLevelRequirement=24,EngramPointsCost=15,EngramHidden=False,RemoveEngramPreReq=True)",,,,,,,
"OverrideNamedEngramEntries=(EngramClassName=""EngramEntry_DesertClothBoots_C"",EngramLevelRequirement=28,EngramPointsCost=7,EngramHidden=False,RemoveEngramPreReq=True)",,,,,,,
"OverrideNamedEngramEntries=(EngramClassName=""EngramEntry_DesertClothGloves_C"",EngramLevelRequirement=28,EngramPointsCost=7,EngramHidden=False,RemoveEngramPreReq=True)",,,,,,,
"OverrideNamedEngramEntries=(EngramClassName=""EngramEntry_DesertClothPants_C"",EngramLevelRequirement=28,EngramPointsCost=5,EngramHidden=False,RemoveEngramPreReq=True)",,,,,,,
"OverrideNamedEngramEntries=(EngramClassName=""EngramEntry_DesertClothShirt_C"",EngramLevelRequirement=28,EngramPointsCost=4,EngramHidden=False,RemoveEngramPreReq=True)",,,,,,,
"OverrideNamedEngramEntries=(EngramClassName=""EngramEntry_DesertClothGooglesHelmet_C"",EngramLevelRequirement=28,EngramPointsCost=7,EngramHidden=False,RemoveEngramPreReq=True)",,,,,,,
"OverrideNamedEngramEntries=(EngramClassName=""EngramEntry_AdobeGateway_C"",EngramLevelRequirement=30,EngramPointsCost=8,EngramHidden=False,RemoveEngramPreReq=True)",,,,,,,
"OverrideNamedEngramEntries=(EngramClassName=""EngramEntry_AdobeGate_C"",EngramLevelRequirement=30,EngramPointsCost=12,EngramHidden=False,RemoveEngramPreReq=True)",,,,,,,
"OverrideNamedEngramEntries=(EngramClassName=""EngramEntry_Mirror_C"",EngramLevelRequirement=32,EngramPointsCost=25,EngramHidden=False,RemoveEngramPreReq=True)",,,,,,,
"OverrideNamedEngramEntries=(EngramClassName=""EngramEntry_AdobeCeilingDoorGiant_C"",EngramLevelRequirement=34,EngramPointsCost=12,EngramHidden=False,RemoveEngramPreReq=True)",,,,,,,
"OverrideNamedEngramEntries=(EngramClassName=""EngramEntry_Saddle_Moth_C"",EngramLevelRequirement=36,EngramPointsCost=12,EngramHidden=False,RemoveEngramPreReq=True)",,,,,,,
"OverrideNamedEngramEntries=(EngramClassName=""EngramEntry_AdobeGate_Large_C"",EngramLevelRequirement=38,EngramPointsCost=15,EngramHidden=False,RemoveEngramPreReq=True)",,,,,,,
"OverrideNamedEngramEntries=(EngramClassName=""EngramEntry_AdobeGateway_Large_C"",EngramLevelRequirement=38,EngramPointsCost=18,EngramHidden=False,RemoveEngramPreReq=True)",,,,,,,
"OverrideNamedEngramEntries=(EngramClassName=""EngramEntry_Saddle_SpineyLizard_C"",EngramLevelRequirement=40,EngramPointsCost=18,EngramHidden=False,RemoveEngramPreReq=True)",,,,,,,
"OverrideNamedEngramEntries=(EngramClassName=""EngramEntry_Saddle_Mantis_C"",EngramLevelRequirement=45,EngramPointsCost=18,EngramHidden=False,RemoveEngramPreReq=True)",,,,,,,
"OverrideNamedEngramEntries=(EngramClassName=""EngramEntry_WindTurbine_C"",EngramLevelRequirement=50,EngramPointsCost=18,EngramHidden=False,RemoveEngramPreReq=True)",,,,,,,
"OverrideNamedEngramEntries=(EngramClassName=""EngramEntry_ChainSaw_C"",EngramLevelRequirement=55,EngramPointsCost=21,EngramHidden=False,RemoveEngramPreReq=True)",,,,,,,
"OverrideNamedEngramEntries=(EngramClassName=""EngramEntry_OilPump_C"",EngramLevelRequirement=60,EngramPointsCost=24,EngramHidden=False,RemoveEngramPreReq=True)",,,,,,,
"OverrideNamedEngramEntries=(EngramClassName=""EngramEntry_Flamethrower_C"",EngramLevelRequirement=65,EngramPointsCost=25,EngramHidden=False,RemoveEngramPreReq=True)",,,,,,,
"OverrideNamedEngramEntries=(EngramClassName=""EngramEntry_FlamethrowerAmmo_C"",EngramLevelRequirement=65,EngramPointsCost=10,EngramHidden=False,RemoveEngramPreReq=True)",,,,,,,
"OverrideNamedEngramEntries=(EngramClassName=""EngramEntry_Saddle_RockGolem_C"",EngramLevelRequirement=70,EngramPointsCost=40,EngramHidden=False,RemoveEngramPreReq=True)",,,,,,,
"OverrideNamedEngramEntries=(EngramClassName=""EngramEntry_ClusterGrenade_C"",EngramLevelRequirement=80,EngramPointsCost=8,EngramHidden=False,RemoveEngramPreReq=True)",,,,,,,
"OverrideNamedEngramEntries=(EngramClassName=""EngramEntry_RocketHommingAmmo_C"",EngramLevelRequirement=90,EngramPointsCost=25,EngramHidden=False,RemoveEngramPreReq=True)",,,,,,,
"OverrideNamedEngramEntries=(EngramClassName=""EngramEntry_Glowstick_C"",EngramLevelRequirement=10,EngramPointsCost=4,EngramHidden=False,RemoveEngramPreReq=True)",,,,,,,
"OverrideNamedEngramEntries=(EngramClassName=""EngramEntry_PortableRopeLadder_C"",EngramLevelRequirement=15,EngramPointsCost=7,EngramHidden=False,RemoveEngramPreReq=True)",,,,,,,
"OverrideNamedEngramEntries=(EngramClassName=""EngramEntry_ShagRug_C"",EngramLevelRequirement=17,EngramPointsCost=4,EngramHidden=False,RemoveEngramPreReq=True)",,,,,,,
"OverrideNamedEngramEntries=(EngramClassName=""EngramEntry_WoodElevatorPlatform_Small_C"",EngramLevelRequirement=20,EngramPointsCost=4,EngramHidden=False,RemoveEngramPreReq=True)",,,,,,,
"OverrideNamedEngramEntries=(EngramClassName=""EngramEntry_Wood_CliffPlatform_C"",EngramLevelRequirement=20,EngramPointsCost=20,EngramHidden=False,RemoveEngramPreReq=True)",,,,,,,
"OverrideNamedEngramEntries=(EngramClassName=""EngramEntry_WoodElevator_Track_C"",EngramLevelRequirement=20,EngramPointsCost=10,EngramHidden=False,RemoveEngramPreReq=True)",,,,,,,
"OverrideNamedEngramEntries=(EngramClassName=""EngramEntry_WoodElevatorPlatform_Medium_C"",EngramLevelRequirement=23,EngramPointsCost=7,EngramHidden=False,RemoveEngramPreReq=True)",,,,,,,
"OverrideNamedEngramEntries=(EngramClassName=""EngramEntry_WoodElevatorPlatform_Large_C"",EngramLevelRequirement=30,EngramPointsCost=8,EngramHidden=False,RemoveEngramPreReq=True)",,,,,,,
"OverrideNamedEngramEntries=(EngramClassName=""EngramEntry_ZiplineAmmo_C"",EngramLevelRequirement=31,EngramPointsCost=8,EngramHidden=False,RemoveEngramPreReq=True)",,,,,,,
"OverrideNamedEngramEntries=(EngramClassName=""EngramEntry_ClimbingPick_C"",EngramLevelRequirement=34,EngramPointsCost=16,EngramHidden=False,RemoveEngramPreReq=True)",,,,,,,
"OverrideNamedEngramEntries=(EngramClassName=""EngramEntry_StoneCliffPlatform_C"",EngramLevelRequirement=37,EngramPointsCost=28,EngramHidden=False,RemoveEngramPreReq=True)",,,,,,,
"OverrideNamedEngramEntries=(EngramClassName=""EngramEntry_GasCollector_C"",EngramLevelRequirement=40,EngramPointsCost=35,EngramHidden=False,RemoveEngramPreReq=True)",,,,,,,
"OverrideNamedEngramEntries=(EngramClassName=""EngramEntry_ChargeBattery_C"",EngramLevelRequirement=45,EngramPointsCost=22,EngramHidden=False,RemoveEngramPreReq=True)",,,,,,,
"OverrideNamedEngramEntries=(EngramClassName=""EngramEntry_RavagerSaddle_C"",EngramLevelRequirement=47,EngramPointsCost=20,EngramHidden=False,RemoveEngramPreReq=True)",,,,,,,
"OverrideNamedEngramEntries=(EngramClassName=""EngramEntry_MetalCliffPlatform_C"",EngramLevelRequirement=51,EngramPointsCost=48,EngramHidden=False,RemoveEngramPreReq=True)",,,,,,,
"OverrideNamedEngramEntries=(EngramClassName=""EngramEntry_ZiplineMotor_C"",EngramLevelRequirement=54,EngramPointsCost=34,EngramHidden=False,RemoveEngramPreReq=True)",,,,,,,
"OverrideNamedEngramEntries=(EngramClassName=""EngramEntry_RollratSaddle_C"",EngramLevelRequirement=58,EngramPointsCost=26,EngramHidden=False,RemoveEngramPreReq=True)",,,,,,,
"OverrideNamedEngramEntries=(EngramClassName=""EngramEntry_Glider_C"",EngramLevelRequirement=62,EngramPointsCost=26,EngramHidden=False,RemoveEngramPreReq=True)",,,,,,,
"OverrideNamedEngramEntries=(EngramClassName=""EngramEntry_KarkinoSaddle_C"",EngramLevelRequirement=65,EngramPointsCost=28,EngramHidden=False,RemoveEngramPreReq=True)",,,,,,,
"OverrideNamedEngramEntries=(EngramClassName=""EngramEntry_HazardSuit_Boots_C"",EngramLevelRequirement=68,EngramPointsCost=16,EngramHidden=False,RemoveEngramPreReq=True)",,,,,,,
"OverrideNamedEngramEntries=(EngramClassName=""EngramEntry_HazardSuit_Gloves_C"",EngramLevelRequirement=68,EngramPointsCost=16,EngramHidden=False,RemoveEngramPreReq=True)",,,,,,,
"OverrideNamedEngramEntries=(EngramClassName=""EngramEntry_HazardSuit_Helmet_C"",EngramLevelRequirement=68,EngramPointsCost=28,EngramHidden=False,RemoveEngramPreReq=True)",,,,,,,
"OverrideNamedEngramEntries=(EngramClassName=""EngramEntry_HazardSuit_Pants_C"",EngramLevelRequirement=68,EngramPointsCost=22,EngramHidden=False,RemoveEngramPreReq=True)",,,,,,,
"OverrideNamedEngramEntries=(EngramClassName=""EngramEntry_HazardSuit_Chest_C"",EngramLevelRequirement=68,EngramPointsCost=22,EngramHidden=False,RemoveEngramPreReq=True)",,,,,,,
"OverrideNamedEngramEntries=(EngramClassName=""EngramEntry_ShadowDrakeSaddle_C"",EngramLevelRequirement=75,EngramPointsCost=26,EngramHidden=False,RemoveEngramPreReq=True)",,,,,,,
"OverrideNamedEngramEntries=(EngramClassName=""EngramEntry_ChargeLantern_C"",EngramLevelRequirement=80,EngramPointsCost=32,EngramHidden=False,RemoveEngramPreReq=True)",,,,,,,
"OverrideNamedEngramEntries=(EngramClassName=""EngramEntry_BasiliskSaddle_C"",EngramLevelRequirement=85,EngramPointsCost=28,EngramHidden=False,RemoveEngramPreReq=True)",,,,,,,
"OverrideNamedEngramEntries=(EngramClassName=""EngramEntry_TaxidermyBase_Small_C"",EngramLevelRequirement=10,EngramPointsCost=4,EngramHidden=False,RemoveEngramPreReq=True)",,,,,,,
"OverrideNamedEngramEntries=(EngramClassName=""EngramEntry_TaxidermyTool_C"",EngramLevelRequirement=10,EngramPointsCost=3,EngramHidden=False,RemoveEngramPreReq=True)",,,,,,,
"OverrideNamedEngramEntries=(EngramClassName=""EngramEntry_StorageBox_Balloon_C"",EngramLevelRequirement=16,EngramPointsCost=6,EngramHidden=False,RemoveEngramPreReq=True)",,,,,,,
"OverrideNamedEngramEntries=(EngramClassName=""EngramEntry_DinoLeash_C"",EngramLevelRequirement=22,EngramPointsCost=6,EngramHidden=False,RemoveEngramPreReq=True)",,,,,,,
"OverrideNamedEngramEntries=(EngramClassName=""EngramEntry_SpindlesSaddle_C"",EngramLevelRequirement=27,EngramPointsCost=8,EngramHidden=False,RemoveEngramPreReq=True)",,,,,,,
"OverrideNamedEngramEntries=(EngramClassName=""EngramEntry_GachaSaddle_C"",EngramLevelRequirement=38,EngramPointsCost=6,EngramHidden=False,RemoveEngramPreReq=True)",,,,,,,
"OverrideNamedEngramEntries=(EngramClassName=""EngramEntry_GasBagsSaddle_C"",EngramLevelRequirement=43,EngramPointsCost=6,EngramHidden=False,RemoveEngramPreReq=True)",,,,,,,
"OverrideNamedEngramEntries=(EngramClassName=""EngramEntry_CryoFridge_C"",EngramLevelRequirement=50,EngramPointsCost=20,EngramHidden=False,RemoveEngramPreReq=True)",,,,,,,
"OverrideNamedEngramEntries=(EngramClassName=""EngramEntry_EmptyCryopod_C"",EngramLevelRequirement=50,EngramPointsCost=12,EngramHidden=False,RemoveEngramPreReq=True)",,,,,,,
"OverrideNamedEngramEntries=(EngramClassName=""EngramEntry_RefinedShards_C"",EngramLevelRequirement=55,EngramPointsCost=6,EngramHidden=False,RemoveEngramPreReq=True)",,,,,,,
"OverrideNamedEngramEntries=(EngramClassName=""EngramEntry_RefinedElement_C"",EngramLevelRequirement=58,EngramPointsCost=6,EngramHidden=False,RemoveEngramPreReq=True)",,,,,,,
"OverrideNamedEngramEntries=(EngramClassName=""EngramEntry_OwlSaddle_C"",EngramLevelRequirement=61,EngramPointsCost=6,EngramHidden=False,RemoveEngramPreReq=True)",,,,,,,
"OverrideNamedEngramEntries=(EngramClassName=""EngramEntry_IceJumperSaddle_C"",EngramLevelRequirement=66,EngramPointsCost=8,EngramHidden=False,RemoveEngramPreReq=True)",,,,,,,
"OverrideNamedEngramEntries=(EngramClassName=""EngramEntry_TekBridge_C"",EngramLevelRequirement=72,EngramPointsCost=32,EngramHidden=False,RemoveEngramPreReq=True)",,,,,,,
"OverrideNamedEngramEntries=(EngramClassName=""EngramEntry_TekGravityGrenade_C"",EngramLevelRequirement=79,EngramPointsCost=20,EngramHidden=False,RemoveEngramPreReq=True)",,,,,,,
"OverrideNamedEngramEntries=(EngramClassName=""EngramEntry_Resource_TrophyExtinctionAlpha_C"",EngramLevelRequirement=90,EngramPointsCost=0,EngramHidden=False,RemoveEngramPreReq=True)",,,,,,,
"OverrideNamedEngramEntries=(EngramClassName=""EngramEntry_Resource_TrophyExtinctionBeta_C"",EngramLevelRequirement=90,EngramPointsCost=0,EngramHidden=False,RemoveEngramPreReq=True)",,,,,,,
"OverrideNamedEngramEntries=(EngramClassName=""EngramEntry_Resource_TributeExtinction_C"",EngramLevelRequirement=90,EngramPointsCost=0,EngramHidden=False,RemoveEngramPreReq=True)",,,,,,,
"OverrideNamedEngramEntries=(EngramClassName=""EngramEntry_Resource_ArtifactExtinction_C"",EngramLevelRequirement=90,EngramPointsCost=0,EngramHidden=False,RemoveEngramPreReq=True)",,,,,,,
"OverrideNamedEngramEntries=(EngramClassName=""EngramEntry_Resource_TributeExtinctionForest_C"",EngramLevelRequirement=90,EngramPointsCost=0,EngramHidden=False,RemoveEngramPreReq=True)",,,,,,,
"OverrideNamedEngramEntries=(EngramClassName=""EngramEntry_Resource_TrophyExtinctionGamma_C"",EngramLevelRequirement=90,EngramPointsCost=0,EngramHidden=False,RemoveEngramPreReq=True)",,,,,,,
"OverrideNamedEngramEntries=(EngramClassName=""EngramEntry_Resource_TributeExtinctionIce_C"",EngramLevelRequirement=90,EngramPointsCost=0,EngramHidden=False,RemoveEngramPreReq=True)",,,,,,,
"OverrideNamedEngramEntries=(EngramClassName=""EngramEntry_Resource_TributeExtinctionKingTitan_C"",EngramLevelRequirement=90,EngramPointsCost=0,EngramHidden=False,RemoveEngramPreReq=True)",,,,,,,
"OverrideNamedEngramEntries=(EngramClassName=""EngramEntry_MekSpawner_C"",EngramLevelRequirement=91,EngramPointsCost=38,EngramHidden=False,RemoveEngramPreReq=True)",,,,,,,
"OverrideNamedEngramEntries=(EngramClassName=""EngramEntry_MekBackpack_Shield_C"",EngramLevelRequirement=93,EngramPointsCost=40,EngramHidden=False,RemoveEngramPreReq=True)",,,,,,,
"OverrideNamedEngramEntries=(EngramClassName=""EngramEntry_MekBackpack_Missiles_C"",EngramLevelRequirement=95,EngramPointsCost=40,EngramHidden=False,RemoveEngramPreReq=True)",,,,,,,
"OverrideNamedEngramEntries=(EngramClassName=""EngramEntry_MekRocketPod_C"",EngramLevelRequirement=95,EngramPointsCost=35,EngramHidden=False,RemoveEngramPreReq=True)",,,,,,,
"OverrideNamedEngramEntries=(EngramClassName=""EngramEntry_MekCannonShell_C"",EngramLevelRequirement=97,EngramPointsCost=35,EngramHidden=False,RemoveEngramPreReq=True)",,,,,,,
"OverrideNamedEngramEntries=(EngramClassName=""EngramEntry_MekBackpack_Cannon_C"",EngramLevelRequirement=97,EngramPointsCost=40,EngramHidden=False,RemoveEngramPreReq=True)",,,,,,,
"OverrideNamedEngramEntries=(EngramClassName=""PrimalItem_WeaponFishingNet_C"",EngramLevelRequirement=6,EngramPointsCost=4,EngramHidden=False,RemoveEngramPreReq=True)",,,,,,,
"OverrideNamedEngramEntries=(EngramClassName=""EngramEntry_PressurePlate_ASA_C"",EngramLevelRequirement=12,EngramPointsCost=6,EngramHidden=False,RemoveEngramPreReq=True)",,,,,,,
"OverrideNamedEngramEntries=(EngramClassName=""EngramEntry_OceanPlatformWood_C"",EngramLevelRequirement=25,EngramPointsCost=24,EngramHidden=False,RemoveEngramPreReq=True)",,,,,,,
"OverrideNamedEngramEntries=(EngramClassName=""EngramEntry_GiantTurtleSaddle_C"",EngramLevelRequirement=45,EngramPointsCost=35,EngramHidden=False,RemoveEngramPreReq=True)",,,,,,,
"OverrideNamedEngramEntries=(EngramClassName=""EngramEntry_OceanPlatformMetal_C"",EngramLevelRequirement=53,EngramPointsCost=50,EngramHidden=False,RemoveEngramPreReq=True)",,,,,,,
"OverrideNamedEngramEntries=(EngramClassName=""EngramEntry_JumpPad_C"",EngramLevelRequirement=70,EngramPointsCost=30,EngramHidden=False,RemoveEngramPreReq=True)",,,,,,,
"OverrideNamedEngramEntries=(EngramClassName=""EngramEntry_TekClaws_C"",EngramLevelRequirement=80,EngramPointsCost=15,EngramHidden=False,RemoveEngramPreReq=True)",,,,,,,
"OverrideNamedEngramEntries=(EngramClassName=""EngramEntry_MiningDrill_C"",EngramLevelRequirement=80,EngramPointsCost=35,EngramHidden=False,RemoveEngramPreReq=True)",,,,,,,
"OverrideNamedEngramEntries=(EngramClassName=""EngramEntry_CherufeSaddle_C"",EngramLevelRequirement=95,EngramPointsCost=35,EngramHidden=False,RemoveEngramPreReq=True)",,,,,,,
"OverrideNamedEngramEntries=(EngramClassName=""EngramEntry_Canoe_C"",EngramLevelRequirement=8,EngramPointsCost=10,EngramHidden=False,RemoveEngramPreReq=True)",,,,,,,
"OverrideNamedEngramEntries=(EngramClassName=""EngramEntry_Milkglider_Saddle_New_C"",EngramLevelRequirement=19,EngramPointsCost=24,EngramHidden=False,RemoveEngramPreReq=True)",,,,,,,
"OverrideNamedEngramEntries=(EngramClassName=""EngramEntry_LoadoutMannequin_C"",EngramLevelRequirement=23,EngramPointsCost=8,EngramHidden=False,RemoveEngramPreReq=True)",,,,,,,
"OverrideNamedEngramEntries=(EngramClassName=""EngramEntry_AmmoBox_C"",EngramLevelRequirement=29,EngramPointsCost=24,EngramHidden=False,RemoveEngramPreReq=True)",,,,,,,
"OverrideNamedEngramEntries=(EngramClassName=""EngramEntry_Boulder_Fire_C"",EngramLevelRequirement=35,EngramPointsCost=18,EngramHidden=False,RemoveEngramPreReq=True)",,,,,,,
"OverrideNamedEngramEntries=(EngramClassName=""EngramEntry_NetGun_Ammo_C"",EngramLevelRequirement=43,EngramPointsCost=12,EngramHidden=False,RemoveEngramPreReq=True)",,,,,,,
"OverrideNamedEngramEntries=(EngramClassName=""EngramEntry_EggIncubator_ASA_C"",EngramLevelRequirement=89,EngramPointsCost=55,EngramHidden=False,RemoveEngramPreReq=True)",,,,,,,
"OverrideNamedEngramEntries=(EngramClassName=""EngramEntry_Minigun_C"",EngramLevelRequirement=94,EngramPointsCost=35,EngramHidden=False,RemoveEngramPreReq=True)",,,,,,,
"OverrideNamedEngramEntries=(EngramClassName=""EngramEntry_TekCanteen_New_C"",EngramLevelRequirement=101,EngramPointsCost=6,EngramHidden=False,RemoveEngramPreReq=True)",,,,,,,
"OverrideNamedEngramEntries=(EngramClassName=""EngramEntry_TekCropPlot_ASA_C"",EngramLevelRequirement=104,EngramPointsCost=32,EngramHidden=False,RemoveEngramPreReq=True)",,,,,,,
"OverrideNamedEngramEntries=(EngramClassName=""EngramEntry_TekSecuirtyConsole_C"",EngramLevelRequirement=108,EngramPointsCost=60,EngramHidden=False,RemoveEngramPreReq=True)",,,,,,,
"OverrideNamedEngramEntries=(EngramClassName=""EngramEntry_TekHoverSail_C"",EngramLevelRequirement=112,EngramPointsCost=45,EngramHidden=False,RemoveEngramPreReq=True)",,,,,,,
"OverrideNamedEngramEntries=(EngramClassName=""EngramEntry_TekBow_C"",EngramLevelRequirement=116,EngramPointsCost=53,EngramHidden=False,RemoveEngramPreReq=True)",,,,,,,
"OverrideNamedEngramEntries=(EngramClassName=""EngramEntry_TekPistol_C"",EngramLevelRequirement=118,EngramPointsCost=55,EngramHidden=False,RemoveEngramPreReq=True)",,,,,,,
"OverrideNamedEngramEntries=(EngramClassName=""EngramEntry_SpaceDolphin_Saddle_C"",EngramLevelRequirement=120,EngramPointsCost=60,EngramHidden=False,RemoveEngramPreReq=True)",,,,,,,