"OverrideNamedEngramEntries=(EngramClassName=""EngramEntry_NotePaper_C"",EngramLevelRequirement=1,EngramPointsCost=0,EngramHidden=False,RemoveEngramPreReq=True)",,,,THE ISLAND / BASE,,
"OverrideNamedEngramEntries=(EngramClassName=""EngramEntry_StonePick_C"",EngramLevelRequirement=1,EngramPointsCost=0,EngramHidden=False,RemoveEngramPreReq=True)",,,,https://ark-engram-editor.pages.dev/EngramsEditor,,
"OverrideNamedEngramEntries=(EngramClassName=""EngramEntry_Torch_C"",EngramLevelRequirement=1,EngramPointsCost=0,EngramHidden=False,RemoveEngramPreReq=True)",,,,these are all the vanilla engrams i want,,
"OverrideNamedEngramEntries=(EngramClassName=""EngramEntry_Campfire_C"",EngramLevelRequirement=2,EngramPointsCost=3,EngramHidden=False,RemoveEngramPreReq=True)",x,,,up to date with 1.4 acro update,,CS
"OverrideNamedEngramEntries=(EngramClassName=""EngramEntry_Spear_C"",EngramLevelRequirement=2,EngramPointsCost=3,EngramHidden=False,RemoveEngramPreReq=True)",,,,,,
"OverrideNamedEngramEntries=(EngramClassName=""EngramEntry_StoneHatchet_C"",EngramLevelRequirement=2,EngramPointsCost=3,EngramHidden=False,RemoveEngramPreReq=True)",,,,,,
"OverrideNamedEngramEntries=(EngramClassName=""EngramEntry_ClothBoots_C"",EngramLevelRequirement=3,EngramPointsCost=3,EngramHidden=False,RemoveEngramPreReq=True)",,,,https://ark.wiki.gg/wiki/Engram_class_names,,
"OverrideNamedEngramEntries=(EngramClassName=""EngramEntry_ClothGloves_C"",EngramLevelRequirement=3,EngramPointsCost=3,EngramHidden=False,RemoveEngramPreReq=True)",,,,https://ark-engram-editor.pages.dev/EngramsEditor,,
"OverrideNamedEngramEntries=(EngramClassName=""EngramEntry_ClothHelmet_C"",EngramLevelRequirement=3,EngramPointsCost=3,EngramHidden=False,RemoveEngramPreReq=True)",,,,as base (esp second one is incomplete),,
"OverrideNamedEngramEntries=(EngramClassName=""EngramEntry_ClothPants_C"",EngramLevelRequirement=3,EngramPointsCost=3,EngramHidden=False,RemoveEngramPreReq=True)",,,,,,
"OverrideNamedEngramEntries=(EngramClassName=""EngramEntry_ClothShirt_C"",EngramLevelRequirement=3,EngramPointsCost=3,EngramHidden=False,RemoveEngramPreReq=True)",,,,,,
"OverrideNamedEngramEntries=(EngramClassName=""EngramEntry_Waterskin_C"",EngramLevelRequirement=3,EngramPointsCost=6,EngramHidden=False,RemoveEngramPreReq=True)",,,,,,
"OverrideNamedEngramEntries=(EngramClassName=""EngramEntry_DecorBox_C"",EngramLevelRequirement=4,EngramPointsCost=2,EngramHidden=False,RemoveEngramPreReq=True)",,,,,,
"OverrideNamedEngramEntries=(EngramClassName=""EngramEntry_HideSleepingBag_C"",EngramLevelRequirement=4,EngramPointsCost=3,EngramHidden=False,RemoveEngramPreReq=True)",x,,,,,CS
"OverrideNamedEngramEntries=(EngramClassName=""EngramEntry_StorageBox_Small_C"",EngramLevelRequirement=4,EngramPointsCost=6,EngramHidden=False,RemoveEngramPreReq=True)",x,,,,,CS
"OverrideNamedEngramEntries=(EngramClassName=""EngramEntry_ThatchCeiling_C"",EngramLevelRequirement=4,EngramPointsCost=3,EngramHidden=False,RemoveEngramPreReq=True)",x,,,,,CS
"OverrideNamedEngramEntries=(EngramClassName=""EngramEntry_ThatchDoor_C"",EngramLevelRequirement=4,EngramPointsCost=3,EngramHidden=False,RemoveEngramPreReq=True)",x,,,,,CS
"OverrideNamedEngramEntries=(EngramClassName=""EngramEntry_ThatchFloor_C"",EngramLevelRequirement=4,EngramPointsCost=3,EngramHidden=False,RemoveEngramPreReq=True)",,,,,,
"OverrideNamedEngramEntries=(EngramClassName=""EngramEntry_ThatchWall_C"",EngramLevelRequirement=4,EngramPointsCost=3,EngramHidden=False,RemoveEngramPreReq=True)",,,,,,
"OverrideNamedEngramEntries=(EngramClassName=""EngramEntry_Ladder_Thatch_C"",EngramLevelRequirement=4,EngramPointsCost=3,EngramHidden=True,RemoveEngramPreReq=True)",,,,,not on website,CS
"OverrideNamedEngramEntries=(EngramClassName=""EngramEntry_ThatchPillar_C"",EngramLevelRequirement=4,EngramPointsCost=3,EngramHidden=False,RemoveEngramPreReq=True)",,,,,not on website,
"OverrideNamedEngramEntries=(EngramClassName=""EngramEntry_TriFoundation_Thatch_C"",EngramLevelRequirement=4,EngramPointsCost=3,EngramHidden=False,RemoveEngramPreReq=True)",,,,,not on website,
"OverrideNamedEngramEntries=(EngramClassName=""EngramEntry_TriCeiling_Thatch_C"",EngramLevelRequirement=4,EngramPointsCost=3,EngramHidden=True,RemoveEngramPreReq=True)",x,,,,not on website,CS
"OverrideNamedEngramEntries=(EngramClassName=""EngramEntry_Saddle_Phiomia_C"",EngramLevelRequirement=5,EngramPointsCost=6,EngramHidden=False,RemoveEngramPreReq=True)",,,,,,
"OverrideNamedEngramEntries=(EngramClassName=""EngramEntry_Slingshot_C"",EngramLevelRequirement=5,EngramPointsCost=6,EngramHidden=False,RemoveEngramPreReq=True)",,,,,,
"OverrideNamedEngramEntries=(EngramClassName=""EngramEntry_ThatchRoof_C"",EngramLevelRequirement=5,EngramPointsCost=3,EngramHidden=False,RemoveEngramPreReq=True)",,,,,,
"OverrideNamedEngramEntries=(EngramClassName=""EngramEntry_ThatchSlopedWall_left_C"",EngramLevelRequirement=5,EngramPointsCost=3,EngramHidden=False,RemoveEngramPreReq=True)",,,,,,
"OverrideNamedEngramEntries=(EngramClassName=""EngramEntry_TriRoof_Thatch_C"",EngramLevelRequirement=5,EngramPointsCost=2,EngramHidden=False,RemoveEngramPreReq=True)",,,,,,
"OverrideNamedEngramEntries=(EngramClassName=""EngramEntry_FenceFoundation_Thatch_C"",EngramLevelRequirement=5,EngramPointsCost=3,EngramHidden=False,RemoveEngramPreReq=True)",,,,,not on website,
"OverrideNamedEngramEntries=(EngramClassName=""EngramEntry_WoodSign_C"",EngramLevelRequirement=5,EngramPointsCost=3,EngramHidden=False,RemoveEngramPreReq=True)",,,,,,
"OverrideNamedEngramEntries=(EngramClassName=""EngramEntry_BloodExtractor_C"",EngramLevelRequirement=6,EngramPointsCost=6,EngramHidden=False,RemoveEngramPreReq=True)",,,,,,
"OverrideNamedEngramEntries=(EngramClassName=""EngramEntry_MortarAndPestle_C"",EngramLevelRequirement=6,EngramPointsCost=6,EngramHidden=False,RemoveEngramPreReq=True)",x,,,,,CS
"OverrideNamedEngramEntries=(EngramClassName=""EngramEntry_Railing_Thatch_C"",EngramLevelRequirement=6,EngramPointsCost=3,EngramHidden=False,RemoveEngramPreReq=True)",,,,,not on website,
"OverrideNamedEngramEntries=(EngramClassName=""EngramEntry_Narcotic_C"",EngramLevelRequirement=6,EngramPointsCost=6,EngramHidden=False,RemoveEngramPreReq=True)",,,,,,
"OverrideNamedEngramEntries=(EngramClassName=""EngramEntry_Sparkpowder_C"",EngramLevelRequirement=6,EngramPointsCost=3,EngramHidden=False,RemoveEngramPreReq=True)",,,,,,
"OverrideNamedEngramEntries=(EngramClassName=""EngramEntry_SimpleBed_C"",EngramLevelRequirement=7,EngramPointsCost=8,EngramHidden=False,RemoveEngramPreReq=True)",x,,,,,CS
"OverrideNamedEngramEntries=(EngramClassName=""EngramEntry_Spyglass_C"",EngramLevelRequirement=7,EngramPointsCost=2,EngramHidden=False,RemoveEngramPreReq=True)",,,,,,
"OverrideNamedEngramEntries=(EngramClassName=""EngramEntry_StandingTorch_C"",EngramLevelRequirement=7,EngramPointsCost=6,EngramHidden=False,RemoveEngramPreReq=True)",x,,,,,CS
"OverrideNamedEngramEntries=(EngramClassName=""EngramEntry_CookingPot_C"",EngramLevelRequirement=8,EngramPointsCost=9,EngramHidden=False,RemoveEngramPreReq=True)",x,,,,,CS
"OverrideNamedEngramEntries=(EngramClassName=""EngramEntry_Flag_C"",EngramLevelRequirement=8,EngramPointsCost=6,EngramHidden=False,RemoveEngramPreReq=True)",,,,,,
"OverrideNamedEngramEntries=(EngramClassName=""EngramEntry_StoneClub_C"",EngramLevelRequirement=8,EngramPointsCost=4,EngramHidden=False,RemoveEngramPreReq=True)",,,,,,
"OverrideNamedEngramEntries=(EngramClassName=""EngramEntry_Bola_C"",EngramLevelRequirement=9,EngramPointsCost=8,EngramHidden=False,RemoveEngramPreReq=True)",x,,,,,Reusables
"OverrideNamedEngramEntries=(EngramClassName=""EngramEntry_Paintbrush_C"",EngramLevelRequirement=9,EngramPointsCost=3,EngramHidden=False,RemoveEngramPreReq=True)",,,,,,
"OverrideNamedEngramEntries=(EngramClassName=""EngramEntry_Saddle_Para_C"",EngramLevelRequirement=9,EngramPointsCost=9,EngramHidden=False,RemoveEngramPreReq=True)",,,,,,
"OverrideNamedEngramEntries=(EngramClassName=""EngramEntry_TrainingDummy_C"",EngramLevelRequirement=9,EngramPointsCost=8,EngramHidden=False,RemoveEngramPreReq=True)",,,,,,
"OverrideNamedEngramEntries=(EngramClassName=""EngramEntry_Bow_C"",EngramLevelRequirement=10,EngramPointsCost=11,EngramHidden=False,RemoveEngramPreReq=True)",,,,,,
"OverrideNamedEngramEntries=(EngramClassName=""EngramEntry_Saddle_Turtle_C"",EngramLevelRequirement=10,EngramPointsCost=12,EngramHidden=False,RemoveEngramPreReq=True)",,,,,,
"OverrideNamedEngramEntries=(EngramClassName=""EngramEntry_CropPlot_Small_C"",EngramLevelRequirement=10,EngramPointsCost=9,EngramHidden=False,RemoveEngramPreReq=True)",x,,,,,CS
"OverrideNamedEngramEntries=(EngramClassName=""EngramEntry_ArrowStone_C"",EngramLevelRequirement=10,EngramPointsCost=2,EngramHidden=False,RemoveEngramPreReq=True)",,,,,,
"OverrideNamedEngramEntries=(EngramClassName=""EngramEntry_Stimulant_C"",EngramLevelRequirement=11,EngramPointsCost=6,EngramHidden=False,RemoveEngramPreReq=True)",,,,,,
"OverrideNamedEngramEntries=(EngramClassName=""EngramEntry_WoodCeiling_C"",EngramLevelRequirement=11,EngramPointsCost=6,EngramHidden=False,RemoveEngramPreReq=True)",x,,,,,CS
"OverrideNamedEngramEntries=(EngramClassName=""EngramEntry_WoodDoor_C"",EngramLevelRequirement=11,EngramPointsCost=4,EngramHidden=False,RemoveEngramPreReq=True)",x,,,,,CS
"OverrideNamedEngramEntries=(EngramClassName=""EngramEntry_TriFoundation_Wood_C"",EngramLevelRequirement=11,EngramPointsCost=6,EngramHidden=False,RemoveEngramPreReq=True)",,,,,,
"OverrideNamedEngramEntries=(EngramClassName=""EngramEntry_WoodFenceFoundation_C"",EngramLevelRequirement=11,EngramPointsCost=6,EngramHidden=False,RemoveEngramPreReq=True)",,,,,,
"OverrideNamedEngramEntries=(EngramClassName=""EngramEntry_WoodFloor_C"",EngramLevelRequirement=11,EngramPointsCost=6,EngramHidden=False,RemoveEngramPreReq=True)",,,,,,
"OverrideNamedEngramEntries=(EngramClassName=""EngramEntry_TriCeiling_Wood_C"",EngramLevelRequirement=11,EngramPointsCost=6,EngramHidden=False,RemoveEngramPreReq=True)",x,,,,,CS
"OverrideNamedEngramEntries=(EngramClassName=""EngramEntry_WoodWall_C"",EngramLevelRequirement=11,EngramPointsCost=7,EngramHidden=False,RemoveEngramPreReq=True)",,,,,,
"OverrideNamedEngramEntries=(EngramClassName=""EngramEntry_WoodCage_C"",EngramLevelRequirement=12,EngramPointsCost=10,EngramHidden=False,RemoveEngramPreReq=True)",,,,,,
"OverrideNamedEngramEntries=(EngramClassName=""EngramEntry_WoodShield_C"",EngramLevelRequirement=12,EngramPointsCost=7,EngramHidden=False,RemoveEngramPreReq=True)",,,,,,
"OverrideNamedEngramEntries=(EngramClassName=""EngramEntry_WoodPillar_C"",EngramLevelRequirement=12,EngramPointsCost=9,EngramHidden=False,RemoveEngramPreReq=True)",,,,,,
"OverrideNamedEngramEntries=(EngramClassName=""EngramEntry_Ramp_Wood_C"",EngramLevelRequirement=12,EngramPointsCost=3,EngramHidden=False,RemoveEngramPreReq=True)",,,,,,
"OverrideNamedEngramEntries=(EngramClassName=""EngramEntry_WoodSlopedWall_Left_C"",EngramLevelRequirement=12,EngramPointsCost=3,EngramHidden=False,RemoveEngramPreReq=True)",,,,,,
"OverrideNamedEngramEntries=(EngramClassName=""EngramEntry_ChitinPaste_C"",EngramLevelRequirement=13,EngramPointsCost=3,EngramHidden=False,RemoveEngramPreReq=True)",,,,,,
"OverrideNamedEngramEntries=(EngramClassName=""EngramEntry_Fishbasket_C"",EngramLevelRequirement=13,EngramPointsCost=6,EngramHidden=False,RemoveEngramPreReq=True)",,,,,,
"OverrideNamedEngramEntries=(EngramClassName=""EngramEntry_Saddle_Dolphin_C"",EngramLevelRequirement=13,EngramPointsCost=8,EngramHidden=False,RemoveEngramPreReq=True)",,,,,,
"OverrideNamedEngramEntries=(EngramClassName=""EngramEntry_Wardrums_C"",EngramLevelRequirement=13,EngramPointsCost=6,EngramHidden=False,RemoveEngramPreReq=True)",,,,,,
"OverrideNamedEngramEntries=(EngramClassName=""EngramEntry_WoodLadder_C"",EngramLevelRequirement=13,EngramPointsCost=6,EngramHidden=False,RemoveEngramPreReq=True)",,,,,,CS
"OverrideNamedEngramEntries=(EngramClassName=""EngramEntry_WoodRailing_C"",EngramLevelRequirement=14,EngramPointsCost=3,EngramHidden=False,RemoveEngramPreReq=True)",,,,,not on website,
"OverrideNamedEngramEntries=(EngramClassName=""EngramEntry_TriRoof_Wood_C"",EngramLevelRequirement=14,EngramPointsCost=4,EngramHidden=False,RemoveEngramPreReq=True)",,,,,not on website,
"OverrideNamedEngramEntries=(EngramClassName=""EngramEntry_WoodSpikeWall_C"",EngramLevelRequirement=13,EngramPointsCost=4,EngramHidden=False,RemoveEngramPreReq=True)",,,,,,
"OverrideNamedEngramEntries=(EngramClassName=""EngramEntry_Saddle_Pachy_C"",EngramLevelRequirement=14,EngramPointsCost=9,EngramHidden=False,RemoveEngramPreReq=True)",,,,,,
"OverrideNamedEngramEntries=(EngramClassName=""EngramEntry_TriCeiling_Adobe_C"",EngramLevelRequirement=15,EngramPointsCost=5,EngramHidden=False,RemoveEngramPreReq=True)",x,,,,,CS
"OverrideNamedEngramEntries=(EngramClassName=""EngramEntry_TriFoundation_Adobe_C"",EngramLevelRequirement=15,EngramPointsCost=6,EngramHidden=False,RemoveEngramPreReq=True)",,,,,,
"OverrideNamedEngramEntries=(EngramClassName=""EngramEntry_CompostBin_C"",EngramLevelRequirement=15,EngramPointsCost=6,EngramHidden=False,RemoveEngramPreReq=True)",,,,,,
"OverrideNamedEngramEntries=(EngramClassName=""EngramEntry_FlareLauncher_C"",EngramLevelRequirement=15,EngramPointsCost=6,EngramHidden=False,RemoveEngramPreReq=True)",x,,,,,Reusables
"OverrideNamedEngramEntries=(EngramClassName=""EngramEntry_Gunpowder_C"",EngramLevelRequirement=15,EngramPointsCost=2,EngramHidden=False,RemoveEngramPreReq=True)",,,,,,
"OverrideNamedEngramEntries=(EngramClassName=""EngramEntry_HideBoots_C"",EngramLevelRequirement=15,EngramPointsCost=7,EngramHidden=False,RemoveEngramPreReq=True)",,,,,,
"OverrideNamedEngramEntries=(EngramClassName=""EngramEntry_HideGloves_C"",EngramLevelRequirement=15,EngramPointsCost=7,EngramHidden=False,RemoveEngramPreReq=True)",,,,,,
"OverrideNamedEngramEntries=(EngramClassName=""EngramEntry_HideHelmet_C"",EngramLevelRequirement=15,EngramPointsCost=9,EngramHidden=False,RemoveEngramPreReq=True)",,,,,,
"OverrideNamedEngramEntries=(EngramClassName=""EngramEntry_HidePants_C"",EngramLevelRequirement=15,EngramPointsCost=9,EngramHidden=False,RemoveEngramPreReq=True)",,,,,,
"OverrideNamedEngramEntries=(EngramClassName=""EngramEntry_HideShirt_C"",EngramLevelRequirement=15,EngramPointsCost=6,EngramHidden=False,RemoveEngramPreReq=True)",,,,,,
"OverrideNamedEngramEntries=(EngramClassName=""EngramEntry_LargeWall_Wood_C"",EngramLevelRequirement=15,EngramPointsCost=9,EngramHidden=False,RemoveEngramPreReq=True)",,,,,,
"OverrideNamedEngramEntries=(EngramClassName=""EngramEntry_Ramp_Adobe_C"",EngramLevelRequirement=16,EngramPointsCost=3,EngramHidden=False,RemoveEngramPreReq=True)",,,,,,
"OverrideNamedEngramEntries=(EngramClassName=""EngramEntry_BugRepel_C"",EngramLevelRequirement=16,EngramPointsCost=12,EngramHidden=False,RemoveEngramPreReq=True)",,,,,,
"OverrideNamedEngramEntries=(EngramClassName=""EngramEntry_Gravestone_C"",EngramLevelRequirement=16,EngramPointsCost=8,EngramHidden=False,RemoveEngramPreReq=True)",x,,,,,CS
"OverrideNamedEngramEntries=(EngramClassName=""EngramEntry_StorageBox_Large_C"",EngramLevelRequirement=16,EngramPointsCost=9,EngramHidden=False,RemoveEngramPreReq=True)",x,,,,,CS
"OverrideNamedEngramEntries=(EngramClassName=""EngramEntry_RopeLadder_C"",EngramLevelRequirement=16,EngramPointsCost=5,EngramHidden=False,RemoveEngramPreReq=True)",,,,,,CS
"OverrideNamedEngramEntries=(EngramClassName=""EngramEntry_Saddle_Trike_C"",EngramLevelRequirement=16,EngramPointsCost=12,EngramHidden=False,RemoveEngramPreReq=True)",,,,,,
"OverrideNamedEngramEntries=(EngramClassName=""EngramEntry_Raft_C"",EngramLevelRequirement=16,EngramPointsCost=11,EngramHidden=False,RemoveEngramPreReq=True)",,,,,,
"OverrideNamedEngramEntries=(EngramClassName=""EngramEntry_StonePipeIntake_C"",EngramLevelRequirement=17,EngramPointsCost=5,EngramHidden=False,RemoveEngramPreReq=True)",x,,,,,CS
"OverrideNamedEngramEntries=(EngramClassName=""EngramEntry_StonePipeTap_C"",EngramLevelRequirement=17,EngramPointsCost=5,EngramHidden=False,RemoveEngramPreReq=True)",x,,,,,CS
"OverrideNamedEngramEntries=(EngramClassName=""EngramEntry_WaterTank_C"",EngramLevelRequirement=17,EngramPointsCost=7,EngramHidden=False,RemoveEngramPreReq=True)",,,,,,
"OverrideNamedEngramEntries=(EngramClassName=""EngramEntry_TriRoof_Adobe_C"",EngramLevelRequirement=18,EngramPointsCost=5,EngramHidden=False,RemoveEngramPreReq=True)",,,,,,
"OverrideNamedEngramEntries=(EngramClassName=""EngramEntry_FeedingTrough_C"",EngramLevelRequirement=18,EngramPointsCost=12,EngramHidden=False,RemoveEngramPreReq=True)",x,,,,,CS
"OverrideNamedEngramEntries=(EngramClassName=""EngramEntry_FishingRod_C"",EngramLevelRequirement=18,EngramPointsCost=15,EngramHidden=False,RemoveEngramPreReq=True)",,,,,,
"OverrideNamedEngramEntries=(EngramClassName=""EngramEntry_CureLow_C"",EngramLevelRequirement=18,EngramPointsCost=16,EngramHidden=False,RemoveEngramPreReq=True)",,,,,,
"OverrideNamedEngramEntries=(EngramClassName=""EngramEntry_PreservingBin_C"",EngramLevelRequirement=18,EngramPointsCost=9,EngramHidden=False,RemoveEngramPreReq=True)",x,,,,,CS
"OverrideNamedEngramEntries=(EngramClassName=""EngramEntry_Saddle_Raptor_C"",EngramLevelRequirement=18,EngramPointsCost=9,EngramHidden=False,RemoveEngramPreReq=True)",,,,,,
"OverrideNamedEngramEntries=(EngramClassName=""EngramEntry_WoodGate_C"",EngramLevelRequirement=18,EngramPointsCost=5,EngramHidden=False,RemoveEngramPreReq=True)",x,,,,,CS
"OverrideNamedEngramEntries=(EngramClassName=""EngramEntry_WoodGateway_C"",EngramLevelRequirement=18,EngramPointsCost=7,EngramHidden=False,RemoveEngramPreReq=True)",,,,,,
"OverrideNamedEngramEntries=(EngramClassName=""EngramEntry_LargeWall_Adobe_C"",EngramLevelRequirement=19,EngramPointsCost=9,EngramHidden=False,RemoveEngramPreReq=True)",,,,,,
"OverrideNamedEngramEntries=(EngramClassName=""EngramEntry_Saddle_Hyaenodon_C"",EngramLevelRequirement=19,EngramPointsCost=14,EngramHidden=False,RemoveEngramPreReq=True)",,,,,,
"OverrideNamedEngramEntries=(EngramClassName=""EngramEntry_WoodSign_Large_C"",EngramLevelRequirement=19,EngramPointsCost=4,EngramHidden=False,RemoveEngramPreReq=True)",,,,,,
"OverrideNamedEngramEntries=(EngramClassName=""EngramEntry_WoodBench_C"",EngramLevelRequirement=19,EngramPointsCost=10,EngramHidden=False,RemoveEngramPreReq=True)",,,,,,
"OverrideNamedEngramEntries=(EngramClassName=""EngramEntry_WoodChair_C"",EngramLevelRequirement=19,EngramPointsCost=6,EngramHidden=False,RemoveEngramPreReq=True)",,,,,,
"OverrideNamedEngramEntries=(EngramClassName=""EngramEntry_Furniture_WoodTable_C"",EngramLevelRequirement=19,EngramPointsCost=7,EngramHidden=False,RemoveEngramPreReq=True)",,,,,,
"OverrideNamedEngramEntries=(EngramClassName=""EngramEntry_Saddle_Equus_C"",EngramLevelRequirement=20,EngramPointsCost=22,EngramHidden=False,RemoveEngramPreReq=True)",,,,,,
"OverrideNamedEngramEntries=(EngramClassName=""EngramEntry_MetalHatchet_C"",EngramLevelRequirement=20,EngramPointsCost=6,EngramHidden=False,RemoveEngramPreReq=True)",,,,,,
"OverrideNamedEngramEntries=(EngramClassName=""EngramEntry_MetalPick_C"",EngramLevelRequirement=20,EngramPointsCost=6,EngramHidden=False,RemoveEngramPreReq=True)",,,,,,
"OverrideNamedEngramEntries=(EngramClassName=""EngramEntry_Forge_C"",EngramLevelRequirement=20,EngramPointsCost=21,EngramHidden=False,RemoveEngramPreReq=True)",x,,,,,CS
"OverrideNamedEngramEntries=(EngramClassName=""EngramEntry_AnvilBench_C"",EngramLevelRequirement=20,EngramPointsCost=18,EngramHidden=False,RemoveEngramPreReq=True)",x,,,,,CS
"OverrideNamedEngramEntries=(EngramClassName=""EngramEntry_Maelizard_Saddle_C"",EngramLevelRequirement=21,EngramPointsCost=24,EngramHidden=False,RemoveEngramPreReq=True)",,,,,,
"OverrideNamedEngramEntries=(EngramClassName=""EngramEntry_PaintingCanvas_C"",EngramLevelRequirement=21,EngramPointsCost=2,EngramHidden=False,RemoveEngramPreReq=True)",,,,,,
"OverrideNamedEngramEntries=(EngramClassName=""EngramEntry_Scissors_C"",EngramLevelRequirement=21,EngramPointsCost=10,EngramHidden=False,RemoveEngramPreReq=True)",,,,,,
"OverrideNamedEngramEntries=(EngramClassName=""EngramEntry_ArrowTranq_C"",EngramLevelRequirement=21,EngramPointsCost=8,EngramHidden=False,RemoveEngramPreReq=True)",,,,,,
"OverrideNamedEngramEntries=(EngramClassName=""EngramEntry_WallTorch_C"",EngramLevelRequirement=21,EngramPointsCost=8,EngramHidden=False,RemoveEngramPreReq=True)",x,,,,,CS
"OverrideNamedEngramEntries=(EngramClassName=""EngramEntry_Parachute_C"",EngramLevelRequirement=22,EngramPointsCost=6,EngramHidden=False,RemoveEngramPreReq=True)",x,,,,,Reusables
"OverrideNamedEngramEntries=(EngramClassName=""EngramEntry_Saddle_Scorpion_C"",EngramLevelRequirement=22,EngramPointsCost=12,EngramHidden=False,RemoveEngramPreReq=True)",,,,,,
"OverrideNamedEngramEntries=(EngramClassName=""EngramEntry_AlarmTrap_C"",EngramLevelRequirement=22,EngramPointsCost=7,EngramHidden=False,RemoveEngramPreReq=True)",,,,,,
"OverrideNamedEngramEntries=(EngramClassName=""EngramEntry_TrophyWall_C"",EngramLevelRequirement=22,EngramPointsCost=10,EngramHidden=False,RemoveEngramPreReq=True)",,,,,,
"OverrideNamedEngramEntries=(EngramClassName=""EngramEntry_FurBoots_C"",EngramLevelRequirement=23,EngramPointsCost=12,EngramHidden=False,RemoveEngramPreReq=True)",,,,,,
"OverrideNamedEngramEntries=(EngramClassName=""EngramEntry_FurHelmet_C"",EngramLevelRequirement=23,EngramPointsCost=14,EngramHidden=False,RemoveEngramPreReq=True)",,,,,,
"OverrideNamedEngramEntries=(EngramClassName=""EngramEntry_FurShirt_C"",EngramLevelRequirement=23,EngramPointsCost=16,EngramHidden=False,RemoveEngramPreReq=True)",,,,,,
"OverrideNamedEngramEntries=(EngramClassName=""EngramEntry_FurGloves_C"",EngramLevelRequirement=23,EngramPointsCost=12,EngramHidden=False,RemoveEngramPreReq=True)",,,,,,
"OverrideNamedEngramEntries=(EngramClassName=""EngramEntry_FurPants_C"",EngramLevelRequirement=23,EngramPointsCost=16,EngramHidden=False,RemoveEngramPreReq=True)",,,,,,
"OverrideNamedEngramEntries=(EngramClassName=""EngramEntry_Saddle_Procop_C"",EngramLevelRequirement=23,EngramPointsCost=35,EngramHidden=False,RemoveEngramPreReq=True)",,,,,,
"OverrideNamedEngramEntries=(EngramClassName=""EngramEntry_GasGrenade_C"",EngramLevelRequirement=24,EngramPointsCost=18,EngramHidden=False,RemoveEngramPreReq=True)",,,,,,
"OverrideNamedEngramEntries=(EngramClassName=""EngramEntry_StoneCeiling_C"",EngramLevelRequirement=24,EngramPointsCost=6,EngramHidden=False,RemoveEngramPreReq=True)",x,,,,,CS
"OverrideNamedEngramEntries=(EngramClassName=""EngramEntry_StoneFloor_C"",EngramLevelRequirement=24,EngramPointsCost=6,EngramHidden=False,RemoveEngramPreReq=True)",,,,,,
"OverrideNamedEngramEntries=(EngramClassName=""EngramEntry_StoneLadder_C"",EngramLevelRequirement=24,EngramPointsCost=6,EngramHidden=False,RemoveEngramPreReq=True)",,,,,,
"OverrideNamedEngramEntries=(EngramClassName=""EngramEntry_TriCeiling_Stone_C"",EngramLevelRequirement=24,EngramPointsCost=6,EngramHidden=False,RemoveEngramPreReq=True)",x,,,,,CS
"OverrideNamedEngramEntries=(EngramClassName=""EngramEntry_StoneDoor_C"",EngramLevelRequirement=24,EngramPointsCost=4,EngramHidden=False,RemoveEngramPreReq=True)",x,,,,,CS
"OverrideNamedEngramEntries=(EngramClassName=""EngramEntry_Ramp_Stone_C"",EngramLevelRequirement=24,EngramPointsCost=6,EngramHidden=False,RemoveEngramPreReq=True)",,,,,,
"OverrideNamedEngramEntries=(EngramClassName=""EngramEntry_TriFoundation_Stone_C"",EngramLevelRequirement=24,EngramPointsCost=6,EngramHidden=False,RemoveEngramPreReq=True)",,,,,,
"OverrideNamedEngramEntries=(EngramClassName=""EngramEntry_StoneWall_C"",EngramLevelRequirement=24,EngramPointsCost=8,EngramHidden=False,RemoveEngramPreReq=True)",,,,,,
"OverrideNamedEngramEntries=(EngramClassName=""EngramEntry_TrophyBase_C"",EngramLevelRequirement=25,EngramPointsCost=10,EngramHidden=False,RemoveEngramPreReq=True)",,,,,,
"OverrideNamedEngramEntries=(EngramClassName=""EngramEntry_Crossbow_C"",EngramLevelRequirement=25,EngramPointsCost=12,EngramHidden=False,RemoveEngramPreReq=True)",,,,,,
"OverrideNamedEngramEntries=(EngramClassName=""EngramEntry_MagnifyingGlass_C"",EngramLevelRequirement=25,EngramPointsCost=16,EngramHidden=False,RemoveEngramPreReq=True)",,,,,,
"OverrideNamedEngramEntries=(EngramClassName=""EngramEntry_Pike_C"",EngramLevelRequirement=25,EngramPointsCost=10,EngramHidden=False,RemoveEngramPreReq=True)",,,,,,
"OverrideNamedEngramEntries=(EngramClassName=""EngramEntry_StoneFenceFoundation_C"",EngramLevelRequirement=25,EngramPointsCost=6,EngramHidden=False,RemoveEngramPreReq=True)",,,,,,
"OverrideNamedEngramEntries=(EngramClassName=""EngramEntry_StonePillar_C"",EngramLevelRequirement=25,EngramPointsCost=8,EngramHidden=False,RemoveEngramPreReq=True)",,,,,,
"OverrideNamedEngramEntries=(EngramClassName=""EngramEntry_WoodGate_Large_C"",EngramLevelRequirement=25,EngramPointsCost=5,EngramHidden=False,RemoveEngramPreReq=True)",x,,,,,CS
"OverrideNamedEngramEntries=(EngramClassName=""EngramEntry_WoodGateway_Large_C"",EngramLevelRequirement=25,EngramPointsCost=7,EngramHidden=False,RemoveEngramPreReq=True)",,,,,,
"OverrideNamedEngramEntries=(EngramClassName=""EngramEntry_FlameArrow_C"",EngramLevelRequirement=26,EngramPointsCost=15,EngramHidden=False,RemoveEngramPreReq=True)",,,,,,
"OverrideNamedEngramEntries=(EngramClassName=""EngramEntry_CropPlot_Medium_C"",EngramLevelRequirement=26,EngramPointsCost=12,EngramHidden=False,RemoveEngramPreReq=True)",x,,,,,CS
"OverrideNamedEngramEntries=(EngramClassName=""EngramEntry_Saddle_Stego_C"",EngramLevelRequirement=26,EngramPointsCost=15,EngramHidden=False,RemoveEngramPreReq=True)",,,,,,
"OverrideNamedEngramEntries=(EngramClassName=""EngramEntry_WaterJar_C"",EngramLevelRequirement=26,EngramPointsCost=12,EngramHidden=False,RemoveEngramPreReq=True)",,,,,,
"OverrideNamedEngramEntries=(EngramClassName=""EngramEntry_Saddle_PachyRhino_C"",EngramLevelRequirement=27,EngramPointsCost=18,EngramHidden=False,RemoveEngramPreReq=True)",,,,,,
"OverrideNamedEngramEntries=(EngramClassName=""EngramEntry_StoneGateway_C"",EngramLevelRequirement=27,EngramPointsCost=9,EngramHidden=False,RemoveEngramPreReq=True)",,,,,,
"OverrideNamedEngramEntries=(EngramClassName=""EngramEntry_StoneGate_C"",EngramLevelRequirement=27,EngramPointsCost=6,EngramHidden=False,RemoveEngramPreReq=True)",x,,,,,CS
"OverrideNamedEngramEntries=(EngramClassName=""EngramEntry_StoneSlopedWall_Left_C"",EngramLevelRequirement=27,EngramPointsCost=4,EngramHidden=False,RemoveEngramPreReq=True)",,,,,,
"OverrideNamedEngramEntries=(EngramClassName=""EngramEntry_TriRoof_Stone_C"",EngramLevelRequirement=27,EngramPointsCost=4,EngramHidden=False,RemoveEngramPreReq=True)",,,,,,
"OverrideNamedEngramEntries=(EngramClassName=""EngramEntry_BearTrap_C"",EngramLevelRequirement=28,EngramPointsCost=9,EngramHidden=False,RemoveEngramPreReq=True)",,,,,,
"OverrideNamedEngramEntries=(EngramClassName=""EngramEntry_Handcuffs_C"",EngramLevelRequirement=28,EngramPointsCost=16,EngramHidden=False,RemoveEngramPreReq=True)",,,,,,
"OverrideNamedEngramEntries=(EngramClassName=""EngramEntry_Saddle_Manta_C"",EngramLevelRequirement=28,EngramPointsCost=16,EngramHidden=False,RemoveEngramPreReq=True)",,,,,,
"OverrideNamedEngramEntries=(EngramClassName=""EngramEntry_Fireplace_C"",EngramLevelRequirement=28,EngramPointsCost=15,EngramHidden=False,RemoveEngramPreReq=True)",x,,,,,CS
"OverrideNamedEngramEntries=(EngramClassName=""EngramEntry_LargeWall_Stone_C"",EngramLevelRequirement=28,EngramPointsCost=10,EngramHidden=False,RemoveEngramPreReq=True)",,,,,,
"OverrideNamedEngramEntries=(EngramClassName=""EngramEntry_StoneRailing_C"",EngramLevelRequirement=28,EngramPointsCost=4,EngramHidden=False,RemoveEngramPreReq=True)",,,,,,
"OverrideNamedEngramEntries=(EngramClassName=""EngramEntry_BallistaTurret_C"",EngramLevelRequirement=29,EngramPointsCost=25,EngramHidden=False,RemoveEngramPreReq=True)",x,,,,,CS
"OverrideNamedEngramEntries=(EngramClassName=""EngramEntry_Saddle_Galli_C"",EngramLevelRequirement=29,EngramPointsCost=20,EngramHidden=False,RemoveEngramPreReq=True)",,,,,,
"OverrideNamedEngramEntries=(EngramClassName=""EngramEntry_MetalSpikeWall_C"",EngramLevelRequirement=29,EngramPointsCost=11,EngramHidden=False,RemoveEngramPreReq=True)",,,,,,
"OverrideNamedEngramEntries=(EngramClassName=""EngramEntry_BallistaArrow_C"",EngramLevelRequirement=29,EngramPointsCost=10,EngramHidden=False,RemoveEngramPreReq=True)",,,,,,
"OverrideNamedEngramEntries=(EngramClassName=""EngramEntry_PoisonTrap_C"",EngramLevelRequirement=29,EngramPointsCost=9,EngramHidden=False,RemoveEngramPreReq=True)",,,,,,
"OverrideNamedEngramEntries=(EngramClassName=""EngramEntry_Saddle_Iguanodon_C"",EngramLevelRequirement=30,EngramPointsCost=12,EngramHidden=False,RemoveEngramPreReq=True)",,,,,,
"OverrideNamedEngramEntries=(EngramClassName=""EngramEntry_Saddle_Stag_C"",EngramLevelRequirement=30,EngramPointsCost=20,EngramHidden=False,RemoveEngramPreReq=True)",,,,,,
"OverrideNamedEngramEntries=(EngramClassName=""EngramEntry_MetalSickle_C"",EngramLevelRequirement=30,EngramPointsCost=12,EngramHidden=False,RemoveEngramPreReq=True)",,,,,,
"OverrideNamedEngramEntries=(EngramClassName=""EngramEntry_Sword_C"",EngramLevelRequirement=30,EngramPointsCost=11,EngramHidden=False,RemoveEngramPreReq=True)",,,,,,
"OverrideNamedEngramEntries=(EngramClassName=""EngramEntry_StoneTrapdoorGiant_C"",EngramLevelRequirement=30,EngramPointsCost=20,EngramHidden=False,RemoveEngramPreReq=True)",x,,,,,CS
"OverrideNamedEngramEntries=(EngramClassName=""EngramEntry_Ceiling_Door_XL_Wood_C"",EngramLevelRequirement=30,EngramPointsCost=5,EngramHidden=False,RemoveEngramPreReq=True)",x,,,,,CS
"OverrideNamedEngramEntries=(EngramClassName=""EngramEntry_WoodTrapdoorGiant_C"",EngramLevelRequirement=30,EngramPointsCost=20,EngramHidden=False,RemoveEngramPreReq=True)",x,,,,,CS
"OverrideNamedEngramEntries=(EngramClassName=""EngramEntry_CatapultTurret_C"",EngramLevelRequirement=31,EngramPointsCost=25,EngramHidden=False,RemoveEngramPreReq=True)",x,,,,,CS
"OverrideNamedEngramEntries=(EngramClassName=""EngramEntry_BearTrap_Large_C"",EngramLevelRequirement=31,EngramPointsCost=12,EngramHidden=False,RemoveEngramPreReq=True)",,,,,,
"OverrideNamedEngramEntries=(EngramClassName=""EngramEntry_Saddle_Mammoth_C"",EngramLevelRequirement=31,EngramPointsCost=18,EngramHidden=False,RemoveEngramPreReq=True)",,,,,,
"OverrideNamedEngramEntries=(EngramClassName=""EngramEntry_StoneGateway_Large_C"",EngramLevelRequirement=31,EngramPointsCost=12,EngramHidden=False,RemoveEngramPreReq=True)",,,,,,
"OverrideNamedEngramEntries=(EngramClassName=""EngramEntry_StoneGateLarge_C"",EngramLevelRequirement=31,EngramPointsCost=16,EngramHidden=False,RemoveEngramPreReq=True)",x,,,,,CS
"OverrideNamedEngramEntries=(EngramClassName=""EngramEntry_Saddle_Diplodocus_C"",EngramLevelRequirement=32,EngramPointsCost=30,EngramHidden=False,RemoveEngramPreReq=True)",,,,,,
"OverrideNamedEngramEntries=(EngramClassName=""EngramEntry_Lance_C"",EngramLevelRequirement=32,EngramPointsCost=30,EngramHidden=False,RemoveEngramPreReq=True)",,,,,,
"OverrideNamedEngramEntries=(EngramClassName=""EngramEntry_Toilet_C"",EngramLevelRequirement=32,EngramPointsCost=35,EngramHidden=False,RemoveEngramPreReq=True)",,,,,,
"OverrideNamedEngramEntries=(EngramClassName=""EngramEntry_GhillieBoots_C"",EngramLevelRequirement=33,EngramPointsCost=11,EngramHidden=False,RemoveEngramPreReq=True)",,,,,,
"OverrideNamedEngramEntries=(EngramClassName=""EngramEntry_GhillieShirt_C"",EngramLevelRequirement=33,EngramPointsCost=11,EngramHidden=False,RemoveEngramPreReq=True)",,,,,,
"OverrideNamedEngramEntries=(EngramClassName=""EngramEntry_GhillieGloves_C"",EngramLevelRequirement=33,EngramPointsCost=11,EngramHidden=False,RemoveEngramPreReq=True)",,,,,,
"OverrideNamedEngramEntries=(EngramClassName=""EngramEntry_GhilliePants_C"",EngramLevelRequirement=33,EngramPointsCost=11,EngramHidden=False,RemoveEngramPreReq=True)",,,,,,
"OverrideNamedEngramEntries=(EngramClassName=""EngramEntry_GhillieHelmet_C"",EngramLevelRequirement=33,EngramPointsCost=13,EngramHidden=False,RemoveEngramPreReq=True)",,,,,,
"OverrideNamedEngramEntries=(EngramClassName=""EngramEntry_Saddle_TerrorBird_C"",EngramLevelRequirement=33,EngramPointsCost=15,EngramHidden=False,RemoveEngramPreReq=True)",,,,,,
"OverrideNamedEngramEntries=(EngramClassName=""EngramEntry_TreePlatformWood_C"",EngramLevelRequirement=33,EngramPointsCost=28,EngramHidden=False,RemoveEngramPreReq=True)",,,,,,
"OverrideNamedEngramEntries=(EngramClassName=""EngramEntry_Cannon_C"",EngramLevelRequirement=34,EngramPointsCost=25,EngramHidden=False,RemoveEngramPreReq=True)",,,,,,
"OverrideNamedEngramEntries=(EngramClassName=""EngramEntry_CannonBall_C"",EngramLevelRequirement=34,EngramPointsCost=5,EngramHidden=False,RemoveEngramPreReq=True)",,,,,,
"OverrideNamedEngramEntries=(EngramClassName=""EngramEntry_Saddle_Doed_C"",EngramLevelRequirement=34,EngramPointsCost=20,EngramHidden=False,RemoveEngramPreReq=True)",,,,,,
"OverrideNamedEngramEntries=(EngramClassName=""EngramEntry_SimpleBullet_C"",EngramLevelRequirement=34,EngramPointsCost=6,EngramHidden=False,RemoveEngramPreReq=True)",,,,,,
"OverrideNamedEngramEntries=(EngramClassName=""EngramEntry_Pistol_C"",EngramLevelRequirement=34,EngramPointsCost=15,EngramHidden=False,RemoveEngramPreReq=True)",,,,,,
"OverrideNamedEngramEntries=(EngramClassName=""EngramEntry_DisplayCase_C"",EngramLevelRequirement=35,EngramPointsCost=0,EngramHidden=False,RemoveEngramPreReq=True)",x,,,,,CS
"OverrideNamedEngramEntries=(EngramClassName=""EngramEntry_SimpleRifle_C"",EngramLevelRequirement=35,EngramPointsCost=18,EngramHidden=False,RemoveEngramPreReq=True)",,,,,,
"OverrideNamedEngramEntries=(EngramClassName=""EngramEntry_Saddle_Sarco_C"",EngramLevelRequirement=35,EngramPointsCost=15,EngramHidden=False,RemoveEngramPreReq=True)",,,,,,
"OverrideNamedEngramEntries=(EngramClassName=""EngramEntry_Scope_C"",EngramLevelRequirement=35,EngramPointsCost=13,EngramHidden=False,RemoveEngramPreReq=True)",,,,,,
"OverrideNamedEngramEntries=(EngramClassName=""EngramEntry_SimpleRifleBullet_C"",EngramLevelRequirement=35,EngramPointsCost=6,EngramHidden=False,RemoveEngramPreReq=True)",,,,,,
"OverrideNamedEngramEntries=(EngramClassName=""EngramEntry_TreePlatformStone_C"",EngramLevelRequirement=35,EngramPointsCost=30,EngramHidden=False,RemoveEngramPreReq=True)",,,,,,
"OverrideNamedEngramEntries=(EngramClassName=""EngramEntry_Saddle_Ankylo_C"",EngramLevelRequirement=36,EngramPointsCost=18,EngramHidden=False,RemoveEngramPreReq=True)",,,,,,
"OverrideNamedEngramEntries=(EngramClassName=""EngramEntry_BeerBarrel_C"",EngramLevelRequirement=36,EngramPointsCost=24,EngramHidden=False,RemoveEngramPreReq=True)",x,,,,,CS
"OverrideNamedEngramEntries=(EngramClassName=""EngramEntry_CropPlot_Large_C"",EngramLevelRequirement=36,EngramPointsCost=15,EngramHidden=False,RemoveEngramPreReq=True)",x,,,,,CS
"OverrideNamedEngramEntries=(EngramClassName=""EngramEntry_TreeSapTap_C"",EngramLevelRequirement=36,EngramPointsCost=18,EngramHidden=False,RemoveEngramPreReq=True)",x,,,,,CS
"OverrideNamedEngramEntries=(EngramClassName=""EngramEntry_ChitinBoots_C"",EngramLevelRequirement=37,EngramPointsCost=15,EngramHidden=False,RemoveEngramPreReq=True)",,,,,,
"OverrideNamedEngramEntries=(EngramClassName=""EngramEntry_ChitinShirt_C"",EngramLevelRequirement=37,EngramPointsCost=18,EngramHidden=False,RemoveEngramPreReq=True)",,,,,,
"OverrideNamedEngramEntries=(EngramClassName=""EngramEntry_ChitinGloves_C"",EngramLevelRequirement=37,EngramPointsCost=15,EngramHidden=False,RemoveEngramPreReq=True)",,,,,,
"OverrideNamedEngramEntries=(EngramClassName=""EngramEntry_ChitinHelmet_C"",EngramLevelRequirement=37,EngramPointsCost=18,EngramHidden=False,RemoveEngramPreReq=True)",,,,,,
"OverrideNamedEngramEntries=(EngramClassName=""EngramEntry_ChitinPants_C"",EngramLevelRequirement=37,EngramPointsCost=15,EngramHidden=False,RemoveEngramPreReq=True)",,,,,,
"OverrideNamedEngramEntries=(EngramClassName=""EngramEntry_Saddle_Saber_C"",EngramLevelRequirement=37,EngramPointsCost=18,EngramHidden=False,RemoveEngramPreReq=True)",,,,,,
"OverrideNamedEngramEntries=(EngramClassName=""EngramEntry_Ceiling_Door_XL_Stone_C"",EngramLevelRequirement=37,EngramPointsCost=20,EngramHidden=False,RemoveEngramPreReq=True)",x,,,,,CS
"OverrideNamedEngramEntries=(EngramClassName=""EngramEntry_Grenade_C"",EngramLevelRequirement=38,EngramPointsCost=20,EngramHidden=False,RemoveEngramPreReq=True)",,,,,,
"OverrideNamedEngramEntries=(EngramClassName=""EngramEntry_Saddle_Ptero_C"",EngramLevelRequirement=38,EngramPointsCost=15,EngramHidden=False,RemoveEngramPreReq=True)",,,,,,
"OverrideNamedEngramEntries=(EngramClassName=""EngramEntry_MiracleGro_C"",EngramLevelRequirement=38,EngramPointsCost=20,EngramHidden=False,RemoveEngramPreReq=True)",,,,,,
"OverrideNamedEngramEntries=(EngramClassName=""EngramEntry_Saddle_Kaprosuchus_C"",EngramLevelRequirement=39,EngramPointsCost=28,EngramHidden=False,RemoveEngramPreReq=True)",,,,,,
"OverrideNamedEngramEntries=(EngramClassName=""EngramEntry_MetalShield_C"",EngramLevelRequirement=39,EngramPointsCost=9,EngramHidden=False,RemoveEngramPreReq=True)",,,,,,
"OverrideNamedEngramEntries=(EngramClassName=""EngramEntry_SimpleShotgun_C"",EngramLevelRequirement=39,EngramPointsCost=18,EngramHidden=False,RemoveEngramPreReq=True)",,,,,,
"OverrideNamedEngramEntries=(EngramClassName=""EngramEntry_SimpleShotgunBullet_C"",EngramLevelRequirement=39,EngramPointsCost=6,EngramHidden=False,RemoveEngramPreReq=True)",,,,,,
"OverrideNamedEngramEntries=(EngramClassName=""EngramEntry_Saddle_Spider_C"",EngramLevelRequirement=40,EngramPointsCost=18,EngramHidden=False,RemoveEngramPreReq=True)",,,,,,
"OverrideNamedEngramEntries=(EngramClassName=""EngramEntry_Saddle_Toad_C"",EngramLevelRequirement=40,EngramPointsCost=16,EngramHidden=False,RemoveEngramPreReq=True)",,,,,,
"OverrideNamedEngramEntries=(EngramClassName=""EngramEntry_MetalPipeIntake_C"",EngramLevelRequirement=40,EngramPointsCost=15,EngramHidden=False,RemoveEngramPreReq=True)",x,,,,,CS
"OverrideNamedEngramEntries=(EngramClassName=""EngramEntry_MetalPipeTap_C"",EngramLevelRequirement=40,EngramPointsCost=18,EngramHidden=False,RemoveEngramPreReq=True)",x,,,,,CS
"OverrideNamedEngramEntries=(EngramClassName=""EngramEntry_PoisonGrenade_C"",EngramLevelRequirement=40,EngramPointsCost=18,EngramHidden=False,RemoveEngramPreReq=True)",,,,,,
"OverrideNamedEngramEntries=(EngramClassName=""EngramEntry_WaterTankMetal_C"",EngramLevelRequirement=41,EngramPointsCost=20,EngramHidden=False,RemoveEngramPreReq=True)",,,,,,
"OverrideNamedEngramEntries=(EngramClassName=""EngramEntry_Saddle_Paracer_C"",EngramLevelRequirement=41,EngramPointsCost=18,EngramHidden=False,RemoveEngramPreReq=True)",,,,,,
"OverrideNamedEngramEntries=(EngramClassName=""EngramEntry_Silencer_C"",EngramLevelRequirement=41,EngramPointsCost=13,EngramHidden=False,RemoveEngramPreReq=True)",,,,,,
"OverrideNamedEngramEntries=(EngramClassName=""EngramEntry_Saddle_Chalico_C"",EngramLevelRequirement=42,EngramPointsCost=30,EngramHidden=False,RemoveEngramPreReq=True)",,,,,,
"OverrideNamedEngramEntries=(EngramClassName=""EngramEntry_GreenhouseCeiling_C"",EngramLevelRequirement=42,EngramPointsCost=30,EngramHidden=False,RemoveEngramPreReq=True)",x,,,,,CS
"OverrideNamedEngramEntries=(EngramClassName=""EngramEntry_TriCeiling_Greenhouse_C"",EngramLevelRequirement=42,EngramPointsCost=30,EngramHidden=False,RemoveEngramPreReq=True)",x,,,,,CS
"OverrideNamedEngramEntries=(EngramClassName=""EngramEntry_GreenhouseWall_C"",EngramLevelRequirement=42,EngramPointsCost=30,EngramHidden=False,RemoveEngramPreReq=True)",,,,,,
"OverrideNamedEngramEntries=(EngramClassName=""EngramEntry_Ceiling_Door_XL_Adobe_C"",EngramLevelRequirement=43,EngramPointsCost=12,EngramHidden=False,RemoveEngramPreReq=True)",x,,,,,CS
"OverrideNamedEngramEntries=(EngramClassName=""EngramEntry_GreenhouseDoor_C"",EngramLevelRequirement=43,EngramPointsCost=15,EngramHidden=False,RemoveEngramPreReq=True)",x,,,,,CS
"OverrideNamedEngramEntries=(EngramClassName=""EngramEntry_HarpoonGun_C"",EngramLevelRequirement=43,EngramPointsCost=38,EngramHidden=False,RemoveEngramPreReq=True)",,,,,,
"OverrideNamedEngramEntries=(EngramClassName=""EngramEntry_Saddle_Pela_C"",EngramLevelRequirement=43,EngramPointsCost=30,EngramHidden=False,RemoveEngramPreReq=True)",,,,,,
"OverrideNamedEngramEntries=(EngramClassName=""EngramEntry_Saddle_Dunkle_C"",EngramLevelRequirement=44,EngramPointsCost=20,EngramHidden=False,RemoveEngramPreReq=True)",,,,,,
"OverrideNamedEngramEntries=(EngramClassName=""EngramEntry_GreenhouseRoof_C"",EngramLevelRequirement=44,EngramPointsCost=30,EngramHidden=False,RemoveEngramPreReq=True)",,,,,,
"OverrideNamedEngramEntries=(EngramClassName=""EngramEntry_GreenhouseSlopedWall_Left_C"",EngramLevelRequirement=44,EngramPointsCost=15,EngramHidden=False,RemoveEngramPreReq=True)",,,,,,
"OverrideNamedEngramEntries=(EngramClassName=""EngramEntry_TriRoof_Greenhouse_C"",EngramLevelRequirement=44,EngramPointsCost=30,EngramHidden=False,RemoveEngramPreReq=True)",,,,,,
"OverrideNamedEngramEntries=(EngramClassName=""EngramEntry_TripwireC4_C"",EngramLevelRequirement=44,EngramPointsCost=30,EngramHidden=False,RemoveEngramPreReq=True)",,,,,,
"OverrideNamedEngramEntries=(EngramClassName=""EngramEntry_Saddle_Archelon_ASA_C"",EngramLevelRequirement=45,EngramPointsCost=44,EngramHidden=False,RemoveEngramPreReq=True)",,,,,,
"OverrideNamedEngramEntries=(EngramClassName=""EngramEntry_Saddle_Direbear_C"",EngramLevelRequirement=45,EngramPointsCost=24,EngramHidden=False,RemoveEngramPreReq=True)",,,,,,
"OverrideNamedEngramEntries=(EngramClassName=""EngramEntry_MetalCeiling_C"",EngramLevelRequirement=45,EngramPointsCost=15,EngramHidden=False,RemoveEngramPreReq=True)",x,,,,,CS
"OverrideNamedEngramEntries=(EngramClassName=""EngramEntry_MetalDoor_C"",EngramLevelRequirement=45,EngramPointsCost=12,EngramHidden=False,RemoveEngramPreReq=True)",x,,,,,CS
"OverrideNamedEngramEntries=(EngramClassName=""EngramEntry_MetalFloor_C"",EngramLevelRequirement=45,EngramPointsCost=24,EngramHidden=False,RemoveEngramPreReq=True)",,,,,,
"OverrideNamedEngramEntries=(EngramClassName=""EngramEntry_TriCeiling_Metal_C"",EngramLevelRequirement=45,EngramPointsCost=15,EngramHidden=False,RemoveEngramPreReq=True)",x,,,,,CS
"OverrideNamedEngramEntries=(EngramClassName=""EngramEntry_TriFoundation_Metal_C"",EngramLevelRequirement=45,EngramPointsCost=24,EngramHidden=False,RemoveEngramPreReq=True)",,,,,,
"OverrideNamedEngramEntries=(EngramClassName=""EngramEntry_MetalWall_C"",EngramLevelRequirement=45,EngramPointsCost=15,EngramHidden=False,RemoveEngramPreReq=True)",,,,,,
"OverrideNamedEngramEntries=(EngramClassName=""EngramEntry_Pliers_C"",EngramLevelRequirement=45,EngramPointsCost=16,EngramHidden=False,RemoveEngramPreReq=True)",,,,,,
"OverrideNamedEngramEntries=(EngramClassName=""EngramEntry_Saddle_Carno_C"",EngramLevelRequirement=46,EngramPointsCost=21,EngramHidden=False,RemoveEngramPreReq=True)",,,,,,
"OverrideNamedEngramEntries=(EngramClassName=""EngramEntry_MetalPillar_C"",EngramLevelRequirement=46,EngramPointsCost=18,EngramHidden=False,RemoveEngramPreReq=True)",,,,,,
"OverrideNamedEngramEntries=(EngramClassName=""EngramEntry_MetalRailing_C"",EngramLevelRequirement=46,EngramPointsCost=7,EngramHidden=False,RemoveEngramPreReq=True)",,,,,,
"OverrideNamedEngramEntries=(EngramClassName=""EngramEntry_GrapplingHook_C"",EngramLevelRequirement=47,EngramPointsCost=40,EngramHidden=False,RemoveEngramPreReq=True)",x,,,,,Reusables
"OverrideNamedEngramEntries=(EngramClassName=""EngramEntry_Saddle_Megalodon_C"",EngramLevelRequirement=47,EngramPointsCost=18,EngramHidden=False,RemoveEngramPreReq=True)",,,,,,
"OverrideNamedEngramEntries=(EngramClassName=""EngramEntry_Ramp_Metal_C"",EngramLevelRequirement=47,EngramPointsCost=12,EngramHidden=False,RemoveEngramPreReq=True)",,,,,,
"OverrideNamedEngramEntries=(EngramClassName=""EngramEntry_MetalSlopedWall_Left_C"",EngramLevelRequirement=47,EngramPointsCost=7,EngramHidden=False,RemoveEngramPreReq=True)",,,,,,
"OverrideNamedEngramEntries=(EngramClassName=""EngramEntry_TriRoof_Metal_C"",EngramLevelRequirement=47,EngramPointsCost=10,EngramHidden=False,RemoveEngramPreReq=True)",,,,,,
"OverrideNamedEngramEntries=(EngramClassName=""EngramEntry_Electronics_C"",EngramLevelRequirement=48,EngramPointsCost=6,EngramHidden=False,RemoveEngramPreReq=True)",,,,,,
"OverrideNamedEngramEntries=(EngramClassName=""EngramEntry_Fabricator_C"",EngramLevelRequirement=48,EngramPointsCost=24,EngramHidden=False,RemoveEngramPreReq=True)",x,,,,,CS
"OverrideNamedEngramEntries=(EngramClassName=""EngramEntry_MetalFenceFoundation_C"",EngramLevelRequirement=48,EngramPointsCost=12,EngramHidden=False,RemoveEngramPreReq=True)",,,,,,
"OverrideNamedEngramEntries=(EngramClassName=""EngramEntry_MetalLadder_C"",EngramLevelRequirement=48,EngramPointsCost=21,EngramHidden=False,RemoveEngramPreReq=True)",,,,,,CS
"OverrideNamedEngramEntries=(EngramClassName=""EngramEntry_Polymer_C"",EngramLevelRequirement=48,EngramPointsCost=6,EngramHidden=False,RemoveEngramPreReq=True)",,,,,,
"OverrideNamedEngramEntries=(EngramClassName=""EngramEntry_Saddle_Baryonyx_C"",EngramLevelRequirement=49,EngramPointsCost=24,EngramHidden=False,RemoveEngramPreReq=True)",,,,,,
"OverrideNamedEngramEntries=(EngramClassName=""EngramEntry_PowerGenerator_C"",EngramLevelRequirement=49,EngramPointsCost=24,EngramHidden=False,RemoveEngramPreReq=True)",x,,,,,CS
"OverrideNamedEngramEntries=(EngramClassName=""EngramEntry_LargeWall_Metal_C"",EngramLevelRequirement=49,EngramPointsCost=17,EngramHidden=False,RemoveEngramPreReq=True)",,,,,,
"OverrideNamedEngramEntries=(EngramClassName=""EngramEntry_Camera_C"",EngramLevelRequirement=50,EngramPointsCost=30,EngramHidden=False,RemoveEngramPreReq=True)",,,,,,
"OverrideNamedEngramEntries=(EngramClassName=""EngramEntry_Grill_C"",EngramLevelRequirement=50,EngramPointsCost=40,EngramHidden=False,RemoveEngramPreReq=True)",x,,,,,CS
"OverrideNamedEngramEntries=(EngramClassName=""EngramEntry_Lamppost_C"",EngramLevelRequirement=50,EngramPointsCost=20,EngramHidden=False,RemoveEngramPreReq=True)",x,,,,,CS
"OverrideNamedEngramEntries=(EngramClassName=""EngramEntry_MetalSign_Large_C"",EngramLevelRequirement=50,EngramPointsCost=15,EngramHidden=False,RemoveEngramPreReq=True)",,,,,,
"OverrideNamedEngramEntries=(EngramClassName=""EngramEntry_MetalSign_C"",EngramLevelRequirement=50,EngramPointsCost=10,EngramHidden=False,RemoveEngramPreReq=True)",,,,,,
"OverrideNamedEngramEntries=(EngramClassName=""EngramEntry_LamppostOmni_C"",EngramLevelRequirement=50,EngramPointsCost=20,EngramHidden=False,RemoveEngramPreReq=True)",x,,,,,CS
"OverrideNamedEngramEntries=(EngramClassName=""EngramEntry_Saddle_Paracer_Platform_C"",EngramLevelRequirement=50,EngramPointsCost=24,EngramHidden=False,RemoveEngramPreReq=True)",,,,,,
"OverrideNamedEngramEntries=(EngramClassName=""EngramEntry_Saddle_YiLing_C"",EngramLevelRequirement=50,EngramPointsCost=35,EngramHidden=False,RemoveEngramPreReq=True)",,,,,,
"OverrideNamedEngramEntries=(EngramClassName=""EngramEntry_ChainBola_C"",EngramLevelRequirement=51,EngramPointsCost=30,EngramHidden=False,RemoveEngramPreReq=True)",,,,,,
"OverrideNamedEngramEntries=(EngramClassName=""EngramEntry_Radio_C"",EngramLevelRequirement=51,EngramPointsCost=8,EngramHidden=False,RemoveEngramPreReq=True)",,,,,,
"OverrideNamedEngramEntries=(EngramClassName=""EngramEntry_Saddle_Thylaco_C"",EngramLevelRequirement=51,EngramPointsCost=18,EngramHidden=False,RemoveEngramPreReq=True)",,,,,,
"OverrideNamedEngramEntries=(EngramClassName=""EngramEntry_WarMap_C"",EngramLevelRequirement=51,EngramPointsCost=15,EngramHidden=False,RemoveEngramPreReq=True)",,,,,,
"OverrideNamedEngramEntries=(EngramClassName=""EngramEntry_Flashlight_C"",EngramLevelRequirement=52,EngramPointsCost=18,EngramHidden=False,RemoveEngramPreReq=True)",,,,,,
"OverrideNamedEngramEntries=(EngramClassName=""EngramEntry_Saddle_Megatherium_C"",EngramLevelRequirement=52,EngramPointsCost=24,EngramHidden=False,RemoveEngramPreReq=True)",,,,,,
"OverrideNamedEngramEntries=(EngramClassName=""EngramEntry_MetalGate_C"",EngramLevelRequirement=52,EngramPointsCost=8,EngramHidden=False,RemoveEngramPreReq=True)",x,,,,,CS
"OverrideNamedEngramEntries=(EngramClassName=""EngramEntry_MetalGateway_C"",EngramLevelRequirement=52,EngramPointsCost=12,EngramHidden=False,RemoveEngramPreReq=True)",,,,,,
"OverrideNamedEngramEntries=(EngramClassName=""EngramEntry_Keypad_C"",EngramLevelRequirement=53,EngramPointsCost=18,EngramHidden=False,RemoveEngramPreReq=True)",,,,,,
"OverrideNamedEngramEntries=(EngramClassName=""EngramEntry_SprayPainter_C"",EngramLevelRequirement=53,EngramPointsCost=30,EngramHidden=False,RemoveEngramPreReq=True)",,,,,,
"OverrideNamedEngramEntries=(EngramClassName=""EngramEntry_Saddle_Rhino_C"",EngramLevelRequirement=53,EngramPointsCost=24,EngramHidden=False,RemoveEngramPreReq=True)",,,,,,
"OverrideNamedEngramEntries=(EngramClassName=""EngramEntry_Saddle_Arthro_C"",EngramLevelRequirement=54,EngramPointsCost=30,EngramHidden=False,RemoveEngramPreReq=True)",,,,,,
"OverrideNamedEngramEntries=(EngramClassName=""EngramEntry_ModernBed_C"",EngramLevelRequirement=54,EngramPointsCost=28,EngramHidden=False,RemoveEngramPreReq=True)",x,,,,,CS
"OverrideNamedEngramEntries=(EngramClassName=""EngramEntry_Canteen_C"",EngramLevelRequirement=54,EngramPointsCost=24,EngramHidden=False,RemoveEngramPreReq=True)",,,,,,
"OverrideNamedEngramEntries=(EngramClassName=""EngramEntry_MetalTrapdoorGiant_C"",EngramLevelRequirement=54,EngramPointsCost=30,EngramHidden=False,RemoveEngramPreReq=True)",x,,,,,CS
"OverrideNamedEngramEntries=(EngramClassName=""EngramEntry_AdvancedBullet_C"",EngramLevelRequirement=55,EngramPointsCost=8,EngramHidden=False,RemoveEngramPreReq=True)",,,,,,
"OverrideNamedEngramEntries=(EngramClassName=""EngramEntry_MachinedPistol_C"",EngramLevelRequirement=55,EngramPointsCost=18,EngramHidden=False,RemoveEngramPreReq=True)",,,,,,
"OverrideNamedEngramEntries=(EngramClassName=""EngramEntry_MachinedShotgun_C"",EngramLevelRequirement=55,EngramPointsCost=18,EngramHidden=False,RemoveEngramPreReq=True)",,,,,,
"OverrideNamedEngramEntries=(EngramClassName=""EngramEntry_Saddle_Tapejara_C"",EngramLevelRequirement=55,EngramPointsCost=21,EngramHidden=False,RemoveEngramPreReq=True)",,,,,,
"OverrideNamedEngramEntries=(EngramClassName=""EngramEntry_Saddle_Xiphactinus_ASA_C"",EngramLevelRequirement=55,EngramPointsCost=15,EngramHidden=False,RemoveEngramPreReq=True)",,,,,,
"OverrideNamedEngramEntries=(EngramClassName=""EngramEntry_MetalBoots_C"",EngramLevelRequirement=56,EngramPointsCost=16,EngramHidden=False,RemoveEngramPreReq=True)",,,,,,
"OverrideNamedEngramEntries=(EngramClassName=""EngramEntry_MetalShirt_C"",EngramLevelRequirement=56,EngramPointsCost=18,EngramHidden=False,RemoveEngramPreReq=True)",,,,,,
"OverrideNamedEngramEntries=(EngramClassName=""EngramEntry_MetalGloves_C"",EngramLevelRequirement=56,EngramPointsCost=16,EngramHidden=False,RemoveEngramPreReq=True)",,,,,,
"OverrideNamedEngramEntries=(EngramClassName=""EngramEntry_MetalHelmet_C"",EngramLevelRequirement=56,EngramPointsCost=20,EngramHidden=False,RemoveEngramPreReq=True)",,,,,,
"OverrideNamedEngramEntries=(EngramClassName=""EngramEntry_MetalPants_C"",EngramLevelRequirement=56,EngramPointsCost=15,EngramHidden=False,RemoveEngramPreReq=True)",,,,,,
"OverrideNamedEngramEntries=(EngramClassName=""EngramEntry_Saddle_Megalosaurus_C"",EngramLevelRequirement=57,EngramPointsCost=50,EngramHidden=False,RemoveEngramPreReq=True)",,,,,,
"OverrideNamedEngramEntries=(EngramClassName=""EngramEntry_MetalGate_Large_C"",EngramLevelRequirement=57,EngramPointsCost=15,EngramHidden=False,RemoveEngramPreReq=True)",,,,,,
"OverrideNamedEngramEntries=(EngramClassName=""EngramEntry_MetalGateway_Large_C"",EngramLevelRequirement=57,EngramPointsCost=28,EngramHidden=False,RemoveEngramPreReq=True)",,,,,,
"OverrideNamedEngramEntries=(EngramClassName=""EngramEntry_Motorboat_C"",EngramLevelRequirement=57,EngramPointsCost=45,EngramHidden=False,RemoveEngramPreReq=True)",,,,,,
"OverrideNamedEngramEntries=(EngramClassName=""EngramEntry_AdvancedRifleBullet_C"",EngramLevelRequirement=58,EngramPointsCost=8,EngramHidden=False,RemoveEngramPreReq=True)",,,,,,
"OverrideNamedEngramEntries=(EngramClassName=""EngramEntry_MachinedRifle_C"",EngramLevelRequirement=58,EngramPointsCost=24,EngramHidden=False,RemoveEngramPreReq=True)",,,,,,
"OverrideNamedEngramEntries=(EngramClassName=""EngramEntry_Ceiling_Door_XL_Metal_C"",EngramLevelRequirement=58,EngramPointsCost=30,EngramHidden=False,RemoveEngramPreReq=True)",x,,,,,CS
"OverrideNamedEngramEntries=(EngramClassName=""EngramEntry_Saddle_Daeodon_C"",EngramLevelRequirement=59,EngramPointsCost=24,EngramHidden=False,RemoveEngramPreReq=True)",,,,,,
"OverrideNamedEngramEntries=(EngramClassName=""EngramEntry_Laser_C"",EngramLevelRequirement=59,EngramPointsCost=24,EngramHidden=False,RemoveEngramPreReq=True)",,,,,,
"OverrideNamedEngramEntries=(EngramClassName=""EngramEntry_TreePlatformMetal_C"",EngramLevelRequirement=59,EngramPointsCost=55,EngramHidden=False,RemoveEngramPreReq=True)",,,,,,
"OverrideNamedEngramEntries=(EngramClassName=""EngramEntry_Saddle_Basilosaurus_C"",EngramLevelRequirement=60,EngramPointsCost=30,EngramHidden=False,RemoveEngramPreReq=True)",,,,,,
"OverrideNamedEngramEntries=(EngramClassName=""EngramEntry_CeratosaurusSaddle_ASA_C"",EngramLevelRequirement=60,EngramPointsCost=40,EngramHidden=False,RemoveEngramPreReq=True)",,,,,,
"OverrideNamedEngramEntries=(EngramClassName=""EngramEntry_HemogoblinCocktail_ASA_C"",EngramLevelRequirement=60,EngramPointsCost=25,EngramHidden=False,RemoveEngramPreReq=True)",,,,,,
"OverrideNamedEngramEntries=(EngramClassName=""EngramEntry_IceBox_C"",EngramLevelRequirement=60,EngramPointsCost=20,EngramHidden=False,RemoveEngramPreReq=True)",x,,,,,CS
"OverrideNamedEngramEntries=(EngramClassName=""EngramEntry_AirConditioner_C"",EngramLevelRequirement=61,EngramPointsCost=21,EngramHidden=False,RemoveEngramPreReq=True)",x,,,,,CS
"OverrideNamedEngramEntries=(EngramClassName=""EngramEntry_Saddle_Beaver_C"",EngramLevelRequirement=61,EngramPointsCost=50,EngramHidden=False,RemoveEngramPreReq=True)",,,,,,
"OverrideNamedEngramEntries=(EngramClassName=""EngramEntry_Saddle_Argentavis_C"",EngramLevelRequirement=62,EngramPointsCost=21,EngramHidden=False,RemoveEngramPreReq=True)",,,,,,
"OverrideNamedEngramEntries=(EngramClassName=""EngramEntry_TranqDart_C"",EngramLevelRequirement=62,EngramPointsCost=30,EngramHidden=False,RemoveEngramPreReq=True)",,,,,,
"OverrideNamedEngramEntries=(EngramClassName=""EngramEntry_Saddle_Sauro_C"",EngramLevelRequirement=63,EngramPointsCost=21,EngramHidden=False,RemoveEngramPreReq=True)",,,,,,
"OverrideNamedEngramEntries=(EngramClassName=""EngramEntry_MinersHelmet_C"",EngramLevelRequirement=63,EngramPointsCost=35,EngramHidden=False,RemoveEngramPreReq=True)",,,,,,
"OverrideNamedEngramEntries=(EngramClassName=""EngramEntry_Grinder_C"",EngramLevelRequirement=64,EngramPointsCost=45,EngramHidden=False,RemoveEngramPreReq=True)",x,,,,,CS
"OverrideNamedEngramEntries=(EngramClassName=""EngramEntry_Saddle_Plesia_C"",EngramLevelRequirement=64,EngramPointsCost=40,EngramHidden=False,RemoveEngramPreReq=True)",,,,,,
"OverrideNamedEngramEntries=(EngramClassName=""EngramEntry_C4Ammo_C"",EngramLevelRequirement=65,EngramPointsCost=12,EngramHidden=False,RemoveEngramPreReq=True)",,,,,,
"OverrideNamedEngramEntries=(EngramClassName=""EngramEntry_WeaponC4_C"",EngramLevelRequirement=65,EngramPointsCost=24,EngramHidden=False,RemoveEngramPreReq=True)",,,,,,
"OverrideNamedEngramEntries=(EngramClassName=""EngramEntry_Saddle_Allo_C"",EngramLevelRequirement=67,EngramPointsCost=35,EngramHidden=False,RemoveEngramPreReq=True)",,,,,,
"OverrideNamedEngramEntries=(EngramClassName=""EngramEntry_Turret_C"",EngramLevelRequirement=68,EngramPointsCost=40,EngramHidden=False,RemoveEngramPreReq=True)",x,,,,,CS
"OverrideNamedEngramEntries=(EngramClassName=""EngramEntry_Saddle_Gigantoraptor_C"",EngramLevelRequirement=69,EngramPointsCost=40,EngramHidden=False,RemoveEngramPreReq=True)",,,,,,
"OverrideNamedEngramEntries=(EngramClassName=""EngramEntry_Saddle_Therizino_C"",EngramLevelRequirement=69,EngramPointsCost=40,EngramHidden=False,RemoveEngramPreReq=True)",,,,,,
"OverrideNamedEngramEntries=(EngramClassName=""EngramEntry_ElevatorTrack_C"",EngramLevelRequirement=70,EngramPointsCost=40,EngramHidden=False,RemoveEngramPreReq=True)",,,,,,
"OverrideNamedEngramEntries=(EngramClassName=""EngramEntry_Saddle_Fasola_C"",EngramLevelRequirement=70,EngramPointsCost=40,EngramHidden=False,RemoveEngramPreReq=True)",,,,,,
"OverrideNamedEngramEntries=(EngramClassName=""EngramEntry_ElevatorPlatformSmall_C"",EngramLevelRequirement=70,EngramPointsCost=40,EngramHidden=False,RemoveEngramPreReq=True)",,,,,,
"OverrideNamedEngramEntries=(EngramClassName=""EngramEntry_Saddle_Spino_C"",EngramLevelRequirement=71,EngramPointsCost=40,EngramHidden=False,RemoveEngramPreReq=True)",,,,,,
"OverrideNamedEngramEntries=(EngramClassName=""EngramEntry_ElevatorPlatformMedium_C"",EngramLevelRequirement=72,EngramPointsCost=40,EngramHidden=False,RemoveEngramPreReq=True)",,,,,,
"OverrideNamedEngramEntries=(EngramClassName=""EngramEntry_TranqSpearBolt_C"",EngramLevelRequirement=72,EngramPointsCost=40,EngramHidden=False,RemoveEngramPreReq=True)",,,,,,
"OverrideNamedEngramEntries=(EngramClassName=""EngramEntry_ElevatorPlatformLarge_C"",EngramLevelRequirement=73,EngramPointsCost=40,EngramHidden=False,RemoveEngramPreReq=True)",,,,,,
"OverrideNamedEngramEntries=(EngramClassName=""EngramEntry_Saddle_Megalania_C"",EngramLevelRequirement=73,EngramPointsCost=65,EngramHidden=False,RemoveEngramPreReq=True)",,43,25,,,
"OverrideNamedEngramEntries=(EngramClassName=""EngramEntry_Saddle_Deinosuchus_ASA_C"",EngramLevelRequirement=74,EngramPointsCost=40,EngramHidden=False,RemoveEngramPreReq=True)",,,,,,
"OverrideNamedEngramEntries=(EngramClassName=""EngramEntry_Saddle_Rex_C"",EngramLevelRequirement=74,EngramPointsCost=40,EngramHidden=False,RemoveEngramPreReq=True)",,,,,,
"OverrideNamedEngramEntries=(EngramClassName=""EngramEntry_StorageBox_Huge_C"",EngramLevelRequirement=75,EngramPointsCost=30,EngramHidden=False,RemoveEngramPreReq=True)",x,,,,vault,CS
"OverrideNamedEngramEntries=(EngramClassName=""EngramEntry_Saddle_Quetz_C"",EngramLevelRequirement=76,EngramPointsCost=44,EngramHidden=False,RemoveEngramPreReq=True)",,,,,,
"OverrideNamedEngramEntries=(EngramClassName=""EngramEntry_HoloScope_C"",EngramLevelRequirement=77,EngramPointsCost=24,EngramHidden=False,RemoveEngramPreReq=True)",,,,,,
"OverrideNamedEngramEntries=(EngramClassName=""EngramEntry_Saddle_Mosa_C"",EngramLevelRequirement=78,EngramPointsCost=60,EngramHidden=False,RemoveEngramPreReq=True)",,,,,,
"OverrideNamedEngramEntries=(EngramClassName=""EngramEntry_CompoundBow_C"",EngramLevelRequirement=79,EngramPointsCost=40,EngramHidden=False,RemoveEngramPreReq=True)",,,,,,
"OverrideNamedEngramEntries=(EngramClassName=""EngramEntry_CompoundArrow_C"",EngramLevelRequirement=79,EngramPointsCost=35,EngramHidden=False,RemoveEngramPreReq=True)",,,,,,
"OverrideNamedEngramEntries=(EngramClassName=""EngramEntry_IndustrialForge_C"",EngramLevelRequirement=80,EngramPointsCost=90,EngramHidden=False,RemoveEngramPreReq=True)",x,,,,,CS
"OverrideNamedEngramEntries=(EngramClassName=""EngramEntry_Saddle_Yuty_C"",EngramLevelRequirement=80,EngramPointsCost=50,EngramHidden=False,RemoveEngramPreReq=True)",,,,,,
"OverrideNamedEngramEntries=(EngramClassName=""EngramEntry_ScubaBoots_Flippers_C"",EngramLevelRequirement=81,EngramPointsCost=20,EngramHidden=False,RemoveEngramPreReq=True)",,,,,,
"OverrideNamedEngramEntries=(EngramClassName=""EngramEntry_ScubaPants_C"",EngramLevelRequirement=81,EngramPointsCost=35,EngramHidden=False,RemoveEngramPreReq=True)",,,,,,
"OverrideNamedEngramEntries=(EngramClassName=""EngramEntry_ScubaHelmet_Goggles_C"",EngramLevelRequirement=81,EngramPointsCost=25,EngramHidden=False,RemoveEngramPreReq=True)",,,,,,
"OverrideNamedEngramEntries=(EngramClassName=""EngramEntry_ScubaShirt_SuitWithTank_C"",EngramLevelRequirement=81,EngramPointsCost=35,EngramHidden=False,RemoveEngramPreReq=True)",,,,,,
"OverrideNamedEngramEntries=(EngramClassName=""EngramEntry_Saddle_Sauro_Platform_C"",EngramLevelRequirement=82,EngramPointsCost=35,EngramHidden=False,RemoveEngramPreReq=True)",,,,,,
"OverrideNamedEngramEntries=(EngramClassName=""EngramEntry_ChemBench_C"",EngramLevelRequirement=82,EngramPointsCost=65,EngramHidden=False,RemoveEngramPreReq=True)",x,,,,,CS
"OverrideNamedEngramEntries=(EngramClassName=""EngramEntry_AdvancedSniperBullet_C"",EngramLevelRequirement=83,EngramPointsCost=16,EngramHidden=False,RemoveEngramPreReq=True)",,,,,,
"OverrideNamedEngramEntries=(EngramClassName=""EngramEntry_MachinedSniper_C"",EngramLevelRequirement=83,EngramPointsCost=36,EngramHidden=False,RemoveEngramPreReq=True)",,,,,,
"OverrideNamedEngramEntries=(EngramClassName=""EngramEntry_SubstrateAbsorbent_C"",EngramLevelRequirement=84,EngramPointsCost=60,EngramHidden=False,RemoveEngramPreReq=True)",,,,,,
"OverrideNamedEngramEntries=(EngramClassName=""EngramEntry_Saddle_Plesio_Platform_C"",EngramLevelRequirement=84,EngramPointsCost=80,EngramHidden=False,RemoveEngramPreReq=True)",,,,,,
"OverrideNamedEngramEntries=(EngramClassName=""EngramEntry_SaddleDeinotherium_ASA_C"",EngramLevelRequirement=85,EngramPointsCost=50,EngramHidden=False,RemoveEngramPreReq=True)",,,,,,
"OverrideNamedEngramEntries=(EngramClassName=""EngramEntry_GasMask_C"",EngramLevelRequirement=85,EngramPointsCost=100,EngramHidden=False,RemoveEngramPreReq=True)",,,,,,
"OverrideNamedEngramEntries=(EngramClassName=""EngramEntry_NightVisionGoggles_C"",EngramLevelRequirement=86,EngramPointsCost=100,EngramHidden=False,RemoveEngramPreReq=True)",,,,,,
"OverrideNamedEngramEntries=(EngramClassName=""EngramEntry_RocketLauncher_C"",EngramLevelRequirement=87,EngramPointsCost=32,EngramHidden=False,RemoveEngramPreReq=True)",,,,,,
"OverrideNamedEngramEntries=(EngramClassName=""EngramEntry_RocketAmmo_C"",EngramLevelRequirement=87,EngramPointsCost=8,EngramHidden=False,RemoveEngramPreReq=True)",,,,,,
"OverrideNamedEngramEntries=(EngramClassName=""EngramEntry_SeaMine_C"",EngramLevelRequirement=88,EngramPointsCost=30,EngramHidden=False,RemoveEngramPreReq=True)",,,,,,
"OverrideNamedEngramEntries=(EngramClassName=""EngramEntry_IndustrialCookingPot_C"",EngramLevelRequirement=89,EngramPointsCost=60,EngramHidden=False,RemoveEngramPreReq=True)",x,,,,,CS
"OverrideNamedEngramEntries=(EngramClassName=""EngramEntry_AggroTranqDart_C"",EngramLevelRequirement=90,EngramPointsCost=60,EngramHidden=False,RemoveEngramPreReq=True)",,,,,,
"OverrideNamedEngramEntries=(EngramClassName=""EngramEntry_Saddle_Rhynio_C"",EngramLevelRequirement=90,EngramPointsCost=65,EngramHidden=False,RemoveEngramPreReq=True)",,,,,,
"OverrideNamedEngramEntries=(EngramClassName=""EngramEntry_Saddle_Tuso_C"",EngramLevelRequirement=91,EngramPointsCost=40,EngramHidden=False,RemoveEngramPreReq=True)",,,,,,
"OverrideNamedEngramEntries=(EngramClassName=""EngramEntry_RiotShield_C"",EngramLevelRequirement=92,EngramPointsCost=35,EngramHidden=False,RemoveEngramPreReq=True)",,,,,,
"OverrideNamedEngramEntries=(EngramClassName=""EngramEntry_Saddle_Mosa_Platform_C"",EngramLevelRequirement=93,EngramPointsCost=80,EngramHidden=False,RemoveEngramPreReq=True)",,,,,,
"OverrideNamedEngramEntries=(EngramClassName=""EngramEntry_MinigunTurret_C"",EngramLevelRequirement=94,EngramPointsCost=80,EngramHidden=False,RemoveEngramPreReq=True)",x,,,,,CS
"OverrideNamedEngramEntries=(EngramClassName=""EngramEntry_ElectricProd_C"",EngramLevelRequirement=95,EngramPointsCost=60,EngramHidden=False,RemoveEngramPreReq=True)",,,,,,
"OverrideNamedEngramEntries=(EngramClassName=""EngramEntry_Saddle_Carcha_C"",EngramLevelRequirement=96,EngramPointsCost=75,EngramHidden=False,RemoveEngramPreReq=True)",,,,,,
"OverrideNamedEngramEntries=(EngramClassName=""EngramEntry_Saddle_Gigant_C"",EngramLevelRequirement=96,EngramPointsCost=75,EngramHidden=False,RemoveEngramPreReq=True)",,,,,,
"OverrideNamedEngramEntries=(EngramClassName=""EngramEntry_RefinedTranqDart_C"",EngramLevelRequirement=96,EngramPointsCost=30,EngramHidden=False,RemoveEngramPreReq=True)",,86,,,,
"OverrideNamedEngramEntries=(EngramClassName=""EngramEntry_Saddle_Quetz_Platform_C"",EngramLevelRequirement=97,EngramPointsCost=80,EngramHidden=False,RemoveEngramPreReq=True)",,,,,,
"OverrideNamedEngramEntries=(EngramClassName=""EngramEntry_RiotBoots_C"",EngramLevelRequirement=98,EngramPointsCost=40,EngramHidden=False,RemoveEngramPreReq=True)",,,,,,
"OverrideNamedEngramEntries=(EngramClassName=""EngramEntry_RiotShirt_C"",EngramLevelRequirement=98,EngramPointsCost=40,EngramHidden=False,RemoveEngramPreReq=True)",,,,,,
"OverrideNamedEngramEntries=(EngramClassName=""EngramEntry_RiotGloves_C"",EngramLevelRequirement=98,EngramPointsCost=40,EngramHidden=False,RemoveEngramPreReq=True)",,,,,,
"OverrideNamedEngramEntries=(EngramClassName=""EngramEntry_RiotHelmet_C"",EngramLevelRequirement=98,EngramPointsCost=40,EngramHidden=False,RemoveEngramPreReq=True)",,,,,,
"OverrideNamedEngramEntries=(EngramClassName=""EngramEntry_RiotPants_C"",EngramLevelRequirement=98,EngramPointsCost=40,EngramHidden=False,RemoveEngramPreReq=True)",,,,,,
"OverrideNamedEngramEntries=(EngramClassName=""EngramEntry_RocketTurret_C"",EngramLevelRequirement=99,EngramPointsCost=100,EngramHidden=False,RemoveEngramPreReq=True)",x,,,,,CS
"OverrideNamedEngramEntries=(EngramClassName=""EngramEntry_DreadSaddle_C"",EngramLevelRequirement=100,EngramPointsCost=100,EngramHidden=False,RemoveEngramPreReq=True)",,,,,,
"OverrideNamedEngramEntries=(EngramClassName=""EngramEntry_HeavyTurret_C"",EngramLevelRequirement=100,EngramPointsCost=100,EngramHidden=False,RemoveEngramPreReq=True)",x,,,,,CS
"OverrideNamedEngramEntries=(EngramClassName=""EngramEntry_ShastaSaddle_C"",EngramLevelRequirement=100,EngramPointsCost=70,EngramHidden=False,RemoveEngramPreReq=True)",,,,,,
"OverrideNamedEngramEntries=(EngramClassName=""EngramEntry_Saddle_Titano_Platform_C"",EngramLevelRequirement=100,EngramPointsCost=120,EngramHidden=False,RemoveEngramPreReq=True)",,,,,,
"OverrideNamedEngramEntries=(EngramClassName=""EngramEntry_AB_GhillieBoots_C"",EngramLevelRequirement=1,EngramPointsCost=0,EngramHidden=False,RemoveEngramPreReq=True)",x,,,BOB TALL TALES,,
"OverrideNamedEngramEntries=(EngramClassName=""EngramEntry_AB_GhillieShirt_C"",EngramLevelRequirement=1,EngramPointsCost=0,EngramHidden=False,RemoveEngramPreReq=True)",x,,,,,
"OverrideNamedEngramEntries=(EngramClassName=""EngramEntry_AB_GhillieGloves_C"",EngramLevelRequirement=1,EngramPointsCost=0,EngramHidden=False,RemoveEngramPreReq=True)",x,,,,,
"OverrideNamedEngramEntries=(EngramClassName=""EngramEntry_AB_GhilliePants_C"",EngramLevelRequirement=1,EngramPointsCost=0,EngramHidden=False,RemoveEngramPreReq=True)",x,,,,,
"OverrideNamedEngramEntries=(EngramClassName=""EngramEntry_AB_GhillieHelmet_C"",EngramLevelRequirement=1,EngramPointsCost=0,EngramHidden=False,RemoveEngramPreReq=True)",x,,,,,
"OverrideNamedEngramEntries=(EngramClassName=""EngramEntry_Steampunk_BeretHat_C"",EngramLevelRequirement=1,EngramPointsCost=0,EngramHidden=False,RemoveEngramPreReq=True)",x,,,,,
"OverrideNamedEngramEntries=(EngramClassName=""EngramEntry_Steampunk_BoaterHat_C"",EngramLevelRequirement=1,EngramPointsCost=0,EngramHidden=False,RemoveEngramPreReq=True)",x,,,,,
"OverrideNamedEngramEntries=(EngramClassName=""EngramEntry_Frontier_BowlerHat_C"",EngramLevelRequirement=1,EngramPointsCost=0,EngramHidden=False,RemoveEngramPreReq=True)",x,,,,,
"OverrideNamedEngramEntries=(EngramClassName=""EngramEntry_Steampunk_CyclistHat_C"",EngramLevelRequirement=1,EngramPointsCost=0,EngramHidden=False,RemoveEngramPreReq=True)",x,,,,,
"OverrideNamedEngramEntries=(EngramClassName=""EngramEntry_Steampunk_Dapper_Boots_C"",EngramLevelRequirement=1,EngramPointsCost=0,EngramHidden=False,RemoveEngramPreReq=True)",x,,,,,
"OverrideNamedEngramEntries=(EngramClassName=""EngramEntry_Steampunk_Dapper_Gloves_C"",EngramLevelRequirement=1,EngramPointsCost=0,EngramHidden=False,RemoveEngramPreReq=True)",x,,,,,
"OverrideNamedEngramEntries=(EngramClassName=""EngramEntry_Steampunk_Dapper_Pants_C"",EngramLevelRequirement=1,EngramPointsCost=0,EngramHidden=False,RemoveEngramPreReq=True)",x,,,,,
"OverrideNamedEngramEntries=(EngramClassName=""EngramEntry_Steampunk_Dapper_Shirt_C"",EngramLevelRequirement=1,EngramPointsCost=0,EngramHidden=False,RemoveEngramPreReq=True)",x,,,,,
"OverrideNamedEngramEntries=(EngramClassName=""EngramEntry_Frontier_DrfiterBoots_C"",EngramLevelRequirement=1,EngramPointsCost=0,EngramHidden=False,RemoveEngramPreReq=True)",x,,,,,
"OverrideNamedEngramEntries=(EngramClassName=""EngramEntry_Frontier_DrfiterGloves_C"",EngramLevelRequirement=1,EngramPointsCost=0,EngramHidden=False,RemoveEngramPreReq=True)",x,,,,,
"OverrideNamedEngramEntries=(EngramClassName=""EngramEntry_Frontier_DrfiterHat_C"",EngramLevelRequirement=1,EngramPointsCost=0,EngramHidden=False,RemoveEngramPreReq=True)",x,,,,,
"OverrideNamedEngramEntries=(EngramClassName=""EngramEntry_Frontier_DrfiterPants_C"",EngramLevelRequirement=1,EngramPointsCost=0,EngramHidden=False,RemoveEngramPreReq=True)",x,,,,,
"OverrideNamedEngramEntries=(EngramClassName=""EngramEntry_Frontier_DrfiterShirt_C"",EngramLevelRequirement=1,EngramPointsCost=0,EngramHidden=False,RemoveEngramPreReq=True)",x,,,,,
"OverrideNamedEngramEntries=(EngramClassName=""EngramEntry_Frontier_Dynamite_C"",EngramLevelRequirement=1,EngramPointsCost=0,EngramHidden=False,RemoveEngramPreReq=True)",x,,,,,
"OverrideNamedEngramEntries=(EngramClassName=""EngramEntry_Steampunk_Engineer_Boots_C"",EngramLevelRequirement=1,EngramPointsCost=0,EngramHidden=False,RemoveEngramPreReq=True)",x,,,,,
"OverrideNamedEngramEntries=(EngramClassName=""EngramEntry_Steampunk_Engineer_Gloves_C"",EngramLevelRequirement=1,EngramPointsCost=0,EngramHidden=False,RemoveEngramPreReq=True)",x,,,,,
"OverrideNamedEngramEntries=(EngramClassName=""EngramEntry_Steampunk_Engineer_Hat_C"",EngramLevelRequirement=1,EngramPointsCost=0,EngramHidden=False,RemoveEngramPreReq=True)",x,,,,,
"OverrideNamedEngramEntries=(EngramClassName=""EngramEntry_Steampunk_Engineer_Pants_C"",EngramLevelRequirement=1,EngramPointsCost=0,EngramHidden=False,RemoveEngramPreReq=True)",x,,,,,
"OverrideNamedEngramEntries=(EngramClassName=""EngramEntry_Steampunk_Engineer_Shirt_C"",EngramLevelRequirement=1,EngramPointsCost=0,EngramHidden=False,RemoveEngramPreReq=True)",x,,,,,
"OverrideNamedEngramEntries=(EngramClassName=""EngramEntry_Frontier_Tileset_Wood_C"",EngramLevelRequirement=1,EngramPointsCost=0,EngramHidden=False,RemoveEngramPreReq=True)",x,,,,,
"OverrideNamedEngramEntries=(EngramClassName=""EngramEntry_Steampunk_Dapper_Hat_Med_C"",EngramLevelRequirement=1,EngramPointsCost=0,EngramHidden=False,RemoveEngramPreReq=True)",x,,,,,
"OverrideNamedEngramEntries=(EngramClassName=""EngramEntry_Frontier_RustlerBoots_C"",EngramLevelRequirement=1,EngramPointsCost=0,EngramHidden=False,RemoveEngramPreReq=True)",x,,,,,
"OverrideNamedEngramEntries=(EngramClassName=""EngramEntry_Frontier_RustlerGloves_C"",EngramLevelRequirement=1,EngramPointsCost=0,EngramHidden=False,RemoveEngramPreReq=True)",x,,,,,
"OverrideNamedEngramEntries=(EngramClassName=""EngramEntry_Frontier_RustlerHat_C"",EngramLevelRequirement=1,EngramPointsCost=0,EngramHidden=False,RemoveEngramPreReq=True)",x,,,,,
"OverrideNamedEngramEntries=(EngramClassName=""EngramEntry_Frontier_RustlerPants_C"",EngramLevelRequirement=1,EngramPointsCost=0,EngramHidden=False,RemoveEngramPreReq=True)",x,,,,,
"OverrideNamedEngramEntries=(EngramClassName=""EngramEntry_Frontier_RustlerShirt_C"",EngramLevelRequirement=1,EngramPointsCost=0,EngramHidden=False,RemoveEngramPreReq=True)",x,,,,,
"OverrideNamedEngramEntries=(EngramClassName=""EngramEntry_Frontier_RancherHat_C"",EngramLevelRequirement=1,EngramPointsCost=0,EngramHidden=False,RemoveEngramPreReq=True)",x,,,,,
"OverrideNamedEngramEntries=(EngramClassName=""EngramEntry_Steampunk_Dapper_Hat_Short_C"",EngramLevelRequirement=1,EngramPointsCost=0,EngramHidden=False,RemoveEngramPreReq=True)",x,,,,,
"OverrideNamedEngramEntries=(EngramClassName=""EngramEntry_Frontier_SinisterHat_C"",EngramLevelRequirement=1,EngramPointsCost=0,EngramHidden=False,RemoveEngramPreReq=True)",x,,,,,
"OverrideNamedEngramEntries=(EngramClassName=""EngramEntry_Steampunk_Goggles_C"",EngramLevelRequirement=1,EngramPointsCost=0,EngramHidden=False,RemoveEngramPreReq=True)",x,,,,,
"OverrideNamedEngramEntries=(EngramClassName=""EngramEntry_Steampunk_GogglesHat_C"",EngramLevelRequirement=1,EngramPointsCost=0,EngramHidden=False,RemoveEngramPreReq=True)",x,,,,,
"OverrideNamedEngramEntries=(EngramClassName=""EngramEntry_Steampunk_RockDrakeSaddle_C"",EngramLevelRequirement=1,EngramPointsCost=0,EngramHidden=False,RemoveEngramPreReq=True)",x,,,,,
"OverrideNamedEngramEntries=(EngramClassName=""EngramEntry_Steampunk_StructureTileset_C"",EngramLevelRequirement=1,EngramPointsCost=0,EngramHidden=False,RemoveEngramPreReq=True)",x,,,,,
"OverrideNamedEngramEntries=(EngramClassName=""EngramEntry_Steampunk_Dapper_Hat_Tall_C"",EngramLevelRequirement=1,EngramPointsCost=0,EngramHidden=False,RemoveEngramPreReq=True)",x,,,,,
"OverrideNamedEngramEntries=(EngramClassName=""EngramEntry_Frontier_Scaffolding_C"",EngramLevelRequirement=12,EngramPointsCost=0,EngramHidden=False,RemoveEngramPreReq=True)",,,,,,
"OverrideNamedEngramEntries=(EngramClassName=""EngramEntry_Frontier_ShootableBottle_C"",EngramLevelRequirement=14,EngramPointsCost=4,EngramHidden=False,RemoveEngramPreReq=True)",x,,,,,
"OverrideNamedEngramEntries=(EngramClassName=""EngramEntry_Frontier_Coffin_C"",EngramLevelRequirement=20,EngramPointsCost=0,EngramHidden=False,RemoveEngramPreReq=True)",x,,,,,
"OverrideNamedEngramEntries=(EngramClassName=""EngramEntry_Frontier_SaloonChair_C"",EngramLevelRequirement=20,EngramPointsCost=0,EngramHidden=False,RemoveEngramPreReq=True)",,,,,,
"OverrideNamedEngramEntries=(EngramClassName=""EngramEntry_Frontier_SaloonTable_C"",EngramLevelRequirement=20,EngramPointsCost=0,EngramHidden=False,RemoveEngramPreReq=True)",,,,,,
"OverrideNamedEngramEntries=(EngramClassName=""EngramEntry_Frontier_Shovel_C"",EngramLevelRequirement=20,EngramPointsCost=6,EngramHidden=False,RemoveEngramPreReq=True)",,,,,,
"OverrideNamedEngramEntries=(EngramClassName=""EngramEntry_Frontier_SaloonStool_C"",EngramLevelRequirement=20,EngramPointsCost=6,EngramHidden=False,RemoveEngramPreReq=True)",x,,,,,
"OverrideNamedEngramEntries=(EngramClassName=""EngramEntry_Frontier_TreasureCache_C"",EngramLevelRequirement=20,EngramPointsCost=8,EngramHidden=False,RemoveEngramPreReq=True)",,,,,not on the website,
"OverrideNamedEngramEntries=(EngramClassName=""EngramEntry_Wasteland_DoggoArmor_Saddle_C"",EngramLevelRequirement=21,EngramPointsCost=10,EngramHidden=False,RemoveEngramPreReq=True)",,,,,,
"OverrideNamedEngramEntries=(EngramClassName=""EngramEntry_Wasteland_DoggoArmor_AmmoBox_C"",EngramLevelRequirement=21,EngramPointsCost=10,EngramHidden=False,RemoveEngramPreReq=True)",x,,,,,
"OverrideNamedEngramEntries=(EngramClassName=""EngramEntry_Wasteland_DoggoArmor_MeatSack_C"",EngramLevelRequirement=21,EngramPointsCost=10,EngramHidden=False,RemoveEngramPreReq=True)",x,,,,,
"OverrideNamedEngramEntries=(EngramClassName=""EngramEntry_Wasteland_DoggoArmor_Spikes_C"",EngramLevelRequirement=21,EngramPointsCost=10,EngramHidden=False,RemoveEngramPreReq=True)",x,,,,,
"OverrideNamedEngramEntries=(EngramClassName=""EngramEntry_Wasteland_DoggoArmor_SleepingBag_C"",EngramLevelRequirement=21,EngramPointsCost=10,EngramHidden=False,RemoveEngramPreReq=True)",,,,,,
"OverrideNamedEngramEntries=(EngramClassName=""EngramEntry_Wasteland_DoggoArmor_ChibiBasket_C"",EngramLevelRequirement=21,EngramPointsCost=10,EngramHidden=False,RemoveEngramPreReq=True)",,,,,,
"OverrideNamedEngramEntries=(EngramClassName=""EngramEntry_Wasteland_DoggoArmor_ExtraArmor_C"",EngramLevelRequirement=21,EngramPointsCost=10,EngramHidden=False,RemoveEngramPreReq=True)",,,,,,
"OverrideNamedEngramEntries=(EngramClassName=""EngramEntry_Wasteland_DoggoArmor_Medkit_C"",EngramLevelRequirement=21,EngramPointsCost=10,EngramHidden=False,RemoveEngramPreReq=True)",,,,,,
"OverrideNamedEngramEntries=(EngramClassName=""EngramEntry_Wasteland_DoggoArmor_OxygenTank_C"",EngramLevelRequirement=21,EngramPointsCost=10,EngramHidden=False,RemoveEngramPreReq=True)",x,,,,,
"OverrideNamedEngramEntries=(EngramClassName=""EngramEntry_Wasteland_DoggoArmor_FoodBasket_C"",EngramLevelRequirement=21,EngramPointsCost=10,EngramHidden=False,RemoveEngramPreReq=True)",x,,,,,
"OverrideNamedEngramEntries=(EngramClassName=""EngramEntry_Wasteland_DoggoArmor_Bag_C"",EngramLevelRequirement=21,EngramPointsCost=10,EngramHidden=False,RemoveEngramPreReq=True)",,,,,,
"OverrideNamedEngramEntries=(EngramClassName=""EngramEntry_Wasteland_DoggoArmor_Movespeed_C"",EngramLevelRequirement=21,EngramPointsCost=10,EngramHidden=False,RemoveEngramPreReq=True)",x,,,,,
"OverrideNamedEngramEntries=(EngramClassName=""EngramEntry_Wasteland_DoggoArmor_Spyglass_C"",EngramLevelRequirement=21,EngramPointsCost=10,EngramHidden=False,RemoveEngramPreReq=True)",,,,,,
"OverrideNamedEngramEntries=(EngramClassName=""EngramEntry_Frontier_DrawingSheet_C"",EngramLevelRequirement=21,EngramPointsCost=0,EngramHidden=False,RemoveEngramPreReq=True)",,,,,,
"OverrideNamedEngramEntries=(EngramClassName=""EngramEntry_Frontier_Saddle_Carriage_C"",EngramLevelRequirement=22,EngramPointsCost=10,EngramHidden=False,RemoveEngramPreReq=True)",,,,,,
"OverrideNamedEngramEntries=(EngramClassName=""EngramEntry_Frontier_Sign_Hanging_C"",EngramLevelRequirement=22,EngramPointsCost=5,EngramHidden=False,RemoveEngramPreReq=True)",,,,,,
"OverrideNamedEngramEntries=(EngramClassName=""EngramEntry_Frontier_Barrel_C"",EngramLevelRequirement=23,EngramPointsCost=9,EngramHidden=False,RemoveEngramPreReq=True)",,,,,,
"OverrideNamedEngramEntries=(EngramClassName=""EngramEntry_Frontier_PokerTable_C"",EngramLevelRequirement=26,EngramPointsCost=10,EngramHidden=False,RemoveEngramPreReq=True)",,,,,,
"OverrideNamedEngramEntries=(EngramClassName=""EngramEntry_Frontier_TownBell_C"",EngramLevelRequirement=28,EngramPointsCost=11,EngramHidden=False,RemoveEngramPreReq=True)",,,,,,
"OverrideNamedEngramEntries=(EngramClassName=""EngramEntry_Frontier_FancyArmchair_C"",EngramLevelRequirement=30,EngramPointsCost=0,EngramHidden=False,RemoveEngramPreReq=True)",,,,,,
"OverrideNamedEngramEntries=(EngramClassName=""EngramEntry_Frontier_FancyCouch_C"",EngramLevelRequirement=30,EngramPointsCost=0,EngramHidden=False,RemoveEngramPreReq=True)",,,,,,
"OverrideNamedEngramEntries=(EngramClassName=""EngramEntry_Frontier_PlantPot_C"",EngramLevelRequirement=31,EngramPointsCost=13,EngramHidden=False,RemoveEngramPreReq=True)",,,,,,
"OverrideNamedEngramEntries=(EngramClassName=""EngramEntry_Frontier_SaloonPiano_C"",EngramLevelRequirement=31,EngramPointsCost=13,EngramHidden=False,RemoveEngramPreReq=True)",,,,,,
"OverrideNamedEngramEntries=(EngramClassName=""EngramEntry_Frontier_OilLamp_C"",EngramLevelRequirement=33,EngramPointsCost=12,EngramHidden=False,RemoveEngramPreReq=True)",x,,,,,
"OverrideNamedEngramEntries=(EngramClassName=""EngramEntry_Wasteland_TribeTower_C"",EngramLevelRequirement=42,EngramPointsCost=60,EngramHidden=False,RemoveEngramPreReq=True)",x,,,,,CS
"OverrideNamedEngramEntries=(EngramClassName=""EngramEntry_Frontier_Train_Car_C"",EngramLevelRequirement=43,EngramPointsCost=35,EngramHidden=False,RemoveEngramPreReq=True)",,,,,,
"OverrideNamedEngramEntries=(EngramClassName=""EngramEntry_Frontier_Train_Platform_C"",EngramLevelRequirement=43,EngramPointsCost=35,EngramHidden=False,RemoveEngramPreReq=True)",,,,,,
"OverrideNamedEngramEntries=(EngramClassName=""EngramEntry_Frontier_Train_TracksAuto_C"",EngramLevelRequirement=43,EngramPointsCost=10,EngramHidden=False,RemoveEngramPreReq=True)",,,,,,
"OverrideNamedEngramEntries=(EngramClassName=""EngramEntry_ChargeBattery_Mini_C"",EngramLevelRequirement=45,EngramPointsCost=5,EngramHidden=False,RemoveEngramPreReq=True)",x,,,,,
"OverrideNamedEngramEntries=(EngramClassName=""EngramEntry_Wasteland_Lights_C"",EngramLevelRequirement=48,EngramPointsCost=10,EngramHidden=False,RemoveEngramPreReq=True)",x,,,,,CS
"OverrideNamedEngramEntries=(EngramClassName=""EngramEntry_Steampunk_Lights_C"",EngramLevelRequirement=48,EngramPointsCost=10,EngramHidden=False,RemoveEngramPreReq=True)",x,,,,,CS
"OverrideNamedEngramEntries=(EngramClassName=""EngramEntry_Wasteland_VehicleGarage_C"",EngramLevelRequirement=50,EngramPointsCost=30,EngramHidden=False,RemoveEngramPreReq=True)",,,,,,
"OverrideNamedEngramEntries=(EngramClassName=""EngramEntry_Steampunk_LibraryStorage_C"",EngramLevelRequirement=51,EngramPointsCost=9,EngramHidden=False,RemoveEngramPreReq=True)",x,,,,,
"OverrideNamedEngramEntries=(EngramClassName=""EngramEntry_Frontier_WaterTank_Large_C"",EngramLevelRequirement=53,EngramPointsCost=25,EngramHidden=False,RemoveEngramPreReq=True)",x,,,,,CS
"OverrideNamedEngramEntries=(EngramClassName=""EngramEntry_Steampunk_Spotlight_C"",EngramLevelRequirement=54,EngramPointsCost=8,EngramHidden=False,RemoveEngramPreReq=True)",,,,,,
"OverrideNamedEngramEntries=(EngramClassName=""EngramEntry_Frontier_Windmill_C"",EngramLevelRequirement=55,EngramPointsCost=20,EngramHidden=False,RemoveEngramPreReq=True)",,,,,,
"OverrideNamedEngramEntries=(EngramClassName=""EngramEntry_Wasteland_ExplosiveSpear_C"",EngramLevelRequirement=58,EngramPointsCost=18,EngramHidden=False,RemoveEngramPreReq=True)",,,,,,
"OverrideNamedEngramEntries=(EngramClassName=""EngramEntry_Wasteland_AntifireGrenade_C"",EngramLevelRequirement=58,EngramPointsCost=18,EngramHidden=False,RemoveEngramPreReq=True)",,,,,,
"OverrideNamedEngramEntries=(EngramClassName=""EngramEntry_Steampunk_GooGun_C"",EngramLevelRequirement=58,EngramPointsCost=18,EngramHidden=False,RemoveEngramPreReq=True)",x,,,,,
"OverrideNamedEngramEntries=(EngramClassName=""EngramEntry_Steampunk_TinkeringDesk_C"",EngramLevelRequirement=64,EngramPointsCost=21,EngramHidden=False,RemoveEngramPreReq=True)",,,,,,
"OverrideNamedEngramEntries=(EngramClassName=""EngramEntry_Steampunk_IndustrialPreservingBin_C"",EngramLevelRequirement=68,EngramPointsCost=23,EngramHidden=False,RemoveEngramPreReq=True)",,,,,,
"OverrideNamedEngramEntries=(EngramClassName=""EngramEntry_Wasteland_BioGrinder_C"",EngramLevelRequirement=85,EngramPointsCost=50,EngramHidden=False,RemoveEngramPreReq=True)",x,,,,,
"OverrideNamedEngramEntries=(EngramClassName=""EngramEntry_Steampunk_GeneScanner_C"",EngramLevelRequirement=86,EngramPointsCost=11,EngramHidden=False,RemoveEngramPreReq=True)",,,,,,
"OverrideNamedEngramEntries=(EngramClassName=""EngramEntry_Steampunk_GeneInfuser_C"",EngramLevelRequirement=86,EngramPointsCost=17,EngramHidden=False,RemoveEngramPreReq=True)",x,,,,,CS
"OverrideNamedEngramEntries=(EngramClassName=""EngramEntry_Steampunk_HelperBot_C"",EngramLevelRequirement=86,EngramPointsCost=32,EngramHidden=False,RemoveEngramPreReq=True)",,,,,,
"OverrideNamedEngramEntries=(EngramClassName=""EngramEntry_Steampunk_EmbryoIncubator_C"",EngramLevelRequirement=89,EngramPointsCost=24,EngramHidden=False,RemoveEngramPreReq=True)",,,,,,
"OverrideNamedEngramEntries=(EngramClassName=""EngramEntry_Wasteland_AntiFlyerTurret_C"",EngramLevelRequirement=90,EngramPointsCost=30,EngramHidden=False,RemoveEngramPreReq=True)",x,,,,,CS
"OverrideNamedEngramEntries=(EngramClassName=""EngramEntry_Steampunk_TimeClock_C"",EngramLevelRequirement=91,EngramPointsCost=29,EngramHidden=False,RemoveEngramPreReq=True)",,,,,,
"OverrideNamedEngramEntries=(EngramClassName=""EngramEntry_Wasteland_TekChemBench_C"",EngramLevelRequirement=92,EngramPointsCost=50,EngramHidden=False,RemoveEngramPreReq=True)",,,,,,
"OverrideNamedEngramEntries=(EngramClassName=""EngramEntry_Steampunk_Zeppelin_C"",EngramLevelRequirement=92,EngramPointsCost=22,EngramHidden=False,RemoveEngramPreReq=True)",,,,,,
"OverrideNamedEngramEntries=(EngramClassName=""EngramEntry_Steampunk_MegaForge_C"",EngramLevelRequirement=94,EngramPointsCost=36,EngramHidden=False,RemoveEngramPreReq=True)",,,,,,
"OverrideNamedEngramEntries=(EngramClassName=""EngramEntry_Steampunk_Stopwatch_C"",EngramLevelRequirement=99,EngramPointsCost=27,EngramHidden=False,RemoveEngramPreReq=True)",x,,,,,
"OverrideNamedEngramEntries=(EngramClassName=""EngramEntry_Steampunk_LinkedStorage_C"",EngramLevelRequirement=100,EngramPointsCost=33,EngramHidden=False,RemoveEngramPreReq=True)",,,,,,
"OverrideNamedEngramEntries=(EngramClassName=""EngramEntry_Steampunk_TeslaCoil_C"",EngramLevelRequirement=103,EngramPointsCost=30,EngramHidden=False,RemoveEngramPreReq=True)",x,,,,,CS
"OverrideNamedEngramEntries=(EngramClassName=""EngramEntry_Clay_C"",EngramLevelRequirement=5,EngramPointsCost=3,EngramHidden=False,RemoveEngramPreReq=True)",,,,SCORCHED ,,
"OverrideNamedEngramEntries=(EngramClassName=""EngramEntry_PreservingSalt_C"",EngramLevelRequirement=5,EngramPointsCost=3,EngramHidden=False,RemoveEngramPreReq=True)",,,,,,
"OverrideNamedEngramEntries=(EngramClassName=""EngramEntry_Tent_C"",EngramLevelRequirement=7,EngramPointsCost=8,EngramHidden=False,RemoveEngramPreReq=True)",,,,,,
"OverrideNamedEngramEntries=(EngramClassName=""EngramEntry_Boomerang_C"",EngramLevelRequirement=9,EngramPointsCost=2,EngramHidden=False,RemoveEngramPreReq=True)",,,,,,
"OverrideNamedEngramEntries=(EngramClassName=""EngramEntry_Saddle_Camelsaurus_C"",EngramLevelRequirement=11,EngramPointsCost=11,EngramHidden=False,RemoveEngramPreReq=True)",,,,,,
"OverrideNamedEngramEntries=(EngramClassName=""EngramEntry_Vessel_C"",EngramLevelRequirement=13,EngramPointsCost=10,EngramHidden=False,RemoveEngramPreReq=True)",,,,,,
"OverrideNamedEngramEntries=(EngramClassName=""EngramEntry_AdobeCeiling_C"",EngramLevelRequirement=15,EngramPointsCost=5,EngramHidden=False,RemoveEngramPreReq=True)",x,,,,,CS
"OverrideNamedEngramEntries=(EngramClassName=""EngramEntry_AdobeDoor_C"",EngramLevelRequirement=15,EngramPointsCost=4,EngramHidden=False,RemoveEngramPreReq=True)",x,,,,,CS
"OverrideNamedEngramEntries=(EngramClassName=""EngramEntry_AdobeFenceFoundation_C"",EngramLevelRequirement=15,EngramPointsCost=6,EngramHidden=False,RemoveEngramPreReq=True)",,,,,,
"OverrideNamedEngramEntries=(EngramClassName=""EngramEntry_AdobeFloor_C"",EngramLevelRequirement=15,EngramPointsCost=6,EngramHidden=False,RemoveEngramPreReq=True)",,,,,,
"OverrideNamedEngramEntries=(EngramClassName=""EngramEntry_AdobeWall_C"",EngramLevelRequirement=15,EngramPointsCost=7,EngramHidden=False,RemoveEngramPreReq=True)",,,,,,
"OverrideNamedEngramEntries=(EngramClassName=""EngramEntry_WaterWell_C"",EngramLevelRequirement=15,EngramPointsCost=10,EngramHidden=False,RemoveEngramPreReq=True)",x,,,,,CS
"OverrideNamedEngramEntries=(EngramClassName=""EngramEntry_AdobeLadder_C"",EngramLevelRequirement=16,EngramPointsCost=6,EngramHidden=False,RemoveEngramPreReq=True)",,,,,,CS
"OverrideNamedEngramEntries=(EngramClassName=""EngramEntry_AdobePillar_C"",EngramLevelRequirement=17,EngramPointsCost=8,EngramHidden=False,RemoveEngramPreReq=True)",,,,,,
"OverrideNamedEngramEntries=(EngramClassName=""EngramEntry_AdobeRailing_C"",EngramLevelRequirement=17,EngramPointsCost=2,EngramHidden=False,RemoveEngramPreReq=True)",,,,,,
"OverrideNamedEngramEntries=(EngramClassName=""EngramEntry_AdobeSlopedWall_Left_C"",EngramLevelRequirement=18,EngramPointsCost=3,EngramHidden=False,RemoveEngramPreReq=True)",,,,,,
"OverrideNamedEngramEntries=(EngramClassName=""EngramEntry_WeaponWhip_C"",EngramLevelRequirement=20,EngramPointsCost=6,EngramHidden=False,RemoveEngramPreReq=True)",x,,,,,Reusables
"OverrideNamedEngramEntries=(EngramClassName=""EngramEntry_Propellant_C"",EngramLevelRequirement=22,EngramPointsCost=12,EngramHidden=False,RemoveEngramPreReq=True)",,,,,,
"OverrideNamedEngramEntries=(EngramClassName=""EngramEntry_OilJar_C"",EngramLevelRequirement=24,EngramPointsCost=15,EngramHidden=False,RemoveEngramPreReq=True)",,,,,,
"OverrideNamedEngramEntries=(EngramClassName=""EngramEntry_DesertClothBoots_C"",EngramLevelRequirement=28,EngramPointsCost=7,EngramHidden=False,RemoveEngramPreReq=True)",,,,,,
"OverrideNamedEngramEntries=(EngramClassName=""EngramEntry_DesertClothGloves_C"",EngramLevelRequirement=28,EngramPointsCost=7,EngramHidden=False,RemoveEngramPreReq=True)",,,,,,
"OverrideNamedEngramEntries=(EngramClassName=""EngramEntry_DesertClothPants_C"",EngramLevelRequirement=28,EngramPointsCost=5,EngramHidden=False,RemoveEngramPreReq=True)",,,,,,
"OverrideNamedEngramEntries=(EngramClassName=""EngramEntry_DesertClothShirt_C"",EngramLevelRequirement=28,EngramPointsCost=4,EngramHidden=False,RemoveEngramPreReq=True)",,,,,,
"OverrideNamedEngramEntries=(EngramClassName=""EngramEntry_DesertClothGooglesHelmet_C"",EngramLevelRequirement=28,EngramPointsCost=7,EngramHidden=False,RemoveEngramPreReq=True)",,,,,,
"OverrideNamedEngramEntries=(EngramClassName=""EngramEntry_AdobeGateway_C"",EngramLevelRequirement=30,EngramPointsCost=8,EngramHidden=False,RemoveEngramPreReq=True)",,,,,,
"OverrideNamedEngramEntries=(EngramClassName=""EngramEntry_AdobeGate_C"",EngramLevelRequirement=30,EngramPointsCost=12,EngramHidden=False,RemoveEngramPreReq=True)",x,,,,,CS
"OverrideNamedEngramEntries=(EngramClassName=""EngramEntry_Mirror_C"",EngramLevelRequirement=32,EngramPointsCost=25,EngramHidden=False,RemoveEngramPreReq=True)",,,,,,
"OverrideNamedEngramEntries=(EngramClassName=""EngramEntry_AdobeCeilingDoorGiant_C"",EngramLevelRequirement=34,EngramPointsCost=12,EngramHidden=False,RemoveEngramPreReq=True)",x,,,,,CS
"OverrideNamedEngramEntries=(EngramClassName=""EngramEntry_Saddle_Moth_C"",EngramLevelRequirement=36,EngramPointsCost=12,EngramHidden=False,RemoveEngramPreReq=True)",,,,,,
"OverrideNamedEngramEntries=(EngramClassName=""EngramEntry_AdobeGate_Large_C"",EngramLevelRequirement=38,EngramPointsCost=15,EngramHidden=False,RemoveEngramPreReq=True)",x,,,,,CS
"OverrideNamedEngramEntries=(EngramClassName=""EngramEntry_AdobeGateway_Large_C"",EngramLevelRequirement=38,EngramPointsCost=18,EngramHidden=False,RemoveEngramPreReq=True)",,,,,,
"OverrideNamedEngramEntries=(EngramClassName=""EngramEntry_Saddle_SpineyLizard_C"",EngramLevelRequirement=40,EngramPointsCost=18,EngramHidden=False,RemoveEngramPreReq=True)",,,,,,
"OverrideNamedEngramEntries=(EngramClassName=""EngramEntry_Saddle_Mantis_C"",EngramLevelRequirement=45,EngramPointsCost=18,EngramHidden=False,RemoveEngramPreReq=True)",,,,,,
"OverrideNamedEngramEntries=(EngramClassName=""EngramEntry_WindTurbine_C"",EngramLevelRequirement=50,EngramPointsCost=18,EngramHidden=False,RemoveEngramPreReq=True)",x,,,,,CS
"OverrideNamedEngramEntries=(EngramClassName=""EngramEntry_ChainSaw_C"",EngramLevelRequirement=55,EngramPointsCost=21,EngramHidden=False,RemoveEngramPreReq=True)",,,,,,
"OverrideNamedEngramEntries=(EngramClassName=""EngramEntry_OilPump_C"",EngramLevelRequirement=60,EngramPointsCost=24,EngramHidden=False,RemoveEngramPreReq=True)",x,,,,,CS
"OverrideNamedEngramEntries=(EngramClassName=""EngramEntry_Flamethrower_C"",EngramLevelRequirement=65,EngramPointsCost=25,EngramHidden=False,RemoveEngramPreReq=True)",,,,,,
"OverrideNamedEngramEntries=(EngramClassName=""EngramEntry_FlamethrowerAmmo_C"",EngramLevelRequirement=65,EngramPointsCost=10,EngramHidden=False,RemoveEngramPreReq=True)",,,,,,
"OverrideNamedEngramEntries=(EngramClassName=""EngramEntry_Saddle_RockGolem_C"",EngramLevelRequirement=70,EngramPointsCost=40,EngramHidden=False,RemoveEngramPreReq=True)",,,,,,
"OverrideNamedEngramEntries=(EngramClassName=""EngramEntry_ClusterGrenade_C"",EngramLevelRequirement=80,EngramPointsCost=8,EngramHidden=False,RemoveEngramPreReq=True)",,,,,,
"OverrideNamedEngramEntries=(EngramClassName=""EngramEntry_RocketHommingAmmo_C"",EngramLevelRequirement=90,EngramPointsCost=25,EngramHidden=False,RemoveEngramPreReq=True)",,,,,,
"OverrideNamedEngramEntries=(EngramClassName=""EngramEntry_Glowstick_C"",EngramLevelRequirement=10,EngramPointsCost=4,EngramHidden=False,RemoveEngramPreReq=True)",,,,ABERRATION,,
"OverrideNamedEngramEntries=(EngramClassName=""EngramEntry_PortableRopeLadder_C"",EngramLevelRequirement=15,EngramPointsCost=7,EngramHidden=False,RemoveEngramPreReq=True)",,,,,,
"OverrideNamedEngramEntries=(EngramClassName=""EngramEntry_ShagRug_C"",EngramLevelRequirement=17,EngramPointsCost=4,EngramHidden=False,RemoveEngramPreReq=True)",,,,,,
"OverrideNamedEngramEntries=(EngramClassName=""EngramEntry_WoodElevatorPlatform_Small_C"",EngramLevelRequirement=20,EngramPointsCost=4,EngramHidden=False,RemoveEngramPreReq=True)",,,,,,
"OverrideNamedEngramEntries=(EngramClassName=""EngramEntry_Wood_CliffPlatform_C"",EngramLevelRequirement=20,EngramPointsCost=20,EngramHidden=False,RemoveEngramPreReq=True)",,,,,,
"OverrideNamedEngramEntries=(EngramClassName=""EngramEntry_WoodElevator_Track_C"",EngramLevelRequirement=20,EngramPointsCost=10,EngramHidden=False,RemoveEngramPreReq=True)",,,,,,
"OverrideNamedEngramEntries=(EngramClassName=""EngramEntry_WoodElevatorPlatform_Medium_C"",EngramLevelRequirement=23,EngramPointsCost=7,EngramHidden=False,RemoveEngramPreReq=True)",,,,,,
"OverrideNamedEngramEntries=(EngramClassName=""EngramEntry_WoodElevatorPlatform_Large_C"",EngramLevelRequirement=30,EngramPointsCost=8,EngramHidden=False,RemoveEngramPreReq=True)",,,,,,
"OverrideNamedEngramEntries=(EngramClassName=""EngramEntry_ZiplineAmmo_C"",EngramLevelRequirement=31,EngramPointsCost=8,EngramHidden=False,RemoveEngramPreReq=True)",,,,,,
"OverrideNamedEngramEntries=(EngramClassName=""EngramEntry_ClimbingPick_C"",EngramLevelRequirement=34,EngramPointsCost=16,EngramHidden=False,RemoveEngramPreReq=True)",,,,,,
"OverrideNamedEngramEntries=(EngramClassName=""EngramEntry_StoneCliffPlatform_C"",EngramLevelRequirement=37,EngramPointsCost=28,EngramHidden=False,RemoveEngramPreReq=True)",,,,,,
"OverrideNamedEngramEntries=(EngramClassName=""EngramEntry_GasCollector_C"",EngramLevelRequirement=40,EngramPointsCost=35,EngramHidden=False,RemoveEngramPreReq=True)",x,,,,,CS
"OverrideNamedEngramEntries=(EngramClassName=""EngramEntry_ChargeBattery_C"",EngramLevelRequirement=45,EngramPointsCost=22,EngramHidden=False,RemoveEngramPreReq=True)",,,,,,
"OverrideNamedEngramEntries=(EngramClassName=""EngramEntry_RavagerSaddle_C"",EngramLevelRequirement=47,EngramPointsCost=20,EngramHidden=False,RemoveEngramPreReq=True)",,,,,,
"OverrideNamedEngramEntries=(EngramClassName=""EngramEntry_MetalCliffPlatform_C"",EngramLevelRequirement=51,EngramPointsCost=48,EngramHidden=False,RemoveEngramPreReq=True)",,,,,,
"OverrideNamedEngramEntries=(EngramClassName=""EngramEntry_ZiplineMotor_C"",EngramLevelRequirement=54,EngramPointsCost=34,EngramHidden=False,RemoveEngramPreReq=True)",,,,,,
"OverrideNamedEngramEntries=(EngramClassName=""EngramEntry_RollratSaddle_C"",EngramLevelRequirement=58,EngramPointsCost=26,EngramHidden=False,RemoveEngramPreReq=True)",,,,,,
"OverrideNamedEngramEntries=(EngramClassName=""EngramEntry_Glider_C"",EngramLevelRequirement=62,EngramPointsCost=26,EngramHidden=False,RemoveEngramPreReq=True)",,,,,,
"OverrideNamedEngramEntries=(EngramClassName=""EngramEntry_KarkinoSaddle_C"",EngramLevelRequirement=65,EngramPointsCost=28,EngramHidden=False,RemoveEngramPreReq=True)",,,,,,
"OverrideNamedEngramEntries=(EngramClassName=""EngramEntry_HazardSuit_Boots_C"",EngramLevelRequirement=68,EngramPointsCost=16,EngramHidden=False,RemoveEngramPreReq=True)",,,,,,
"OverrideNamedEngramEntries=(EngramClassName=""EngramEntry_HazardSuit_Gloves_C"",EngramLevelRequirement=68,EngramPointsCost=16,EngramHidden=False,RemoveEngramPreReq=True)",,,,,,
"OverrideNamedEngramEntries=(EngramClassName=""EngramEntry_HazardSuit_Helmet_C"",EngramLevelRequirement=68,EngramPointsCost=28,EngramHidden=False,RemoveEngramPreReq=True)",,,,,,
"OverrideNamedEngramEntries=(EngramClassName=""EngramEntry_HazardSuit_Pants_C"",EngramLevelRequirement=68,EngramPointsCost=22,EngramHidden=False,RemoveEngramPreReq=True)",,,,,,
"OverrideNamedEngramEntries=(EngramClassName=""EngramEntry_HazardSuit_Chest_C"",EngramLevelRequirement=68,EngramPointsCost=22,EngramHidden=False,RemoveEngramPreReq=True)",,,,,,
"OverrideNamedEngramEntries=(EngramClassName=""EngramEntry_ShadowDrakeSaddle_C"",EngramLevelRequirement=75,EngramPointsCost=26,EngramHidden=False,RemoveEngramPreReq=True)",,,,,,
"OverrideNamedEngramEntries=(EngramClassName=""EngramEntry_ChargeLantern_C"",EngramLevelRequirement=80,EngramPointsCost=32,EngramHidden=False,RemoveEngramPreReq=True)",,,,,,
"OverrideNamedEngramEntries=(EngramClassName=""EngramEntry_BasiliskSaddle_C"",EngramLevelRequirement=85,EngramPointsCost=28,EngramHidden=False,RemoveEngramPreReq=True)",,,,,,
"OverrideNamedEngramEntries=(EngramClassName=""EngramEntry_TaxidermyBase_Small_C"",EngramLevelRequirement=10,EngramPointsCost=4,EngramHidden=False,RemoveEngramPreReq=True)",,,,EXTINCTION,,
"OverrideNamedEngramEntries=(EngramClassName=""EngramEntry_TaxidermyTool_C"",EngramLevelRequirement=10,EngramPointsCost=3,EngramHidden=False,RemoveEngramPreReq=True)",,,,,,
"OverrideNamedEngramEntries=(EngramClassName=""EngramEntry_StorageBox_Balloon_C"",EngramLevelRequirement=16,EngramPointsCost=6,EngramHidden=False,RemoveEngramPreReq=True)",,,,,,
"OverrideNamedEngramEntries=(EngramClassName=""EngramEntry_DinoLeash_C"",EngramLevelRequirement=22,EngramPointsCost=6,EngramHidden=False,RemoveEngramPreReq=True)",x,,,,,CS
"OverrideNamedEngramEntries=(EngramClassName=""EngramEntry_SpindlesSaddle_C"",EngramLevelRequirement=27,EngramPointsCost=8,EngramHidden=False,RemoveEngramPreReq=True)",,,,,,
"OverrideNamedEngramEntries=(EngramClassName=""EngramEntry_GachaSaddle_C"",EngramLevelRequirement=38,EngramPointsCost=6,EngramHidden=False,RemoveEngramPreReq=True)",,,,,,
"OverrideNamedEngramEntries=(EngramClassName=""EngramEntry_GasBagsSaddle_C"",EngramLevelRequirement=43,EngramPointsCost=6,EngramHidden=False,RemoveEngramPreReq=True)",,,,,,
"OverrideNamedEngramEntries=(EngramClassName=""EngramEntry_CryoFridge_C"",EngramLevelRequirement=50,EngramPointsCost=20,EngramHidden=False,RemoveEngramPreReq=True)",x,,,,,
"OverrideNamedEngramEntries=(EngramClassName=""EngramEntry_EmptyCryopod_C"",EngramLevelRequirement=50,EngramPointsCost=12,EngramHidden=False,RemoveEngramPreReq=True)",,,,,,
"OverrideNamedEngramEntries=(EngramClassName=""EngramEntry_RefinedShards_C"",EngramLevelRequirement=55,EngramPointsCost=6,EngramHidden=False,RemoveEngramPreReq=True)",,,,,,
"OverrideNamedEngramEntries=(EngramClassName=""EngramEntry_RefinedElement_C"",EngramLevelRequirement=58,EngramPointsCost=6,EngramHidden=False,RemoveEngramPreReq=True)",,,,,,
"OverrideNamedEngramEntries=(EngramClassName=""EngramEntry_OwlSaddle_C"",EngramLevelRequirement=61,EngramPointsCost=6,EngramHidden=False,RemoveEngramPreReq=True)",,,,,,
"OverrideNamedEngramEntries=(EngramClassName=""EngramEntry_IceJumperSaddle_C"",EngramLevelRequirement=66,EngramPointsCost=8,EngramHidden=False,RemoveEngramPreReq=True)",,,,,,
"OverrideNamedEngramEntries=(EngramClassName=""EngramEntry_TekBridge_C"",EngramLevelRequirement=72,EngramPointsCost=32,EngramHidden=False,RemoveEngramPreReq=True)",,,,,,
"OverrideNamedEngramEntries=(EngramClassName=""EngramEntry_TekGravityGrenade_C"",EngramLevelRequirement=79,EngramPointsCost=20,EngramHidden=False,RemoveEngramPreReq=True)",,,,,,
"OverrideNamedEngramEntries=(EngramClassName=""EngramEntry_Resource_TrophyExtinctionAlpha_C"",EngramLevelRequirement=90,EngramPointsCost=0,EngramHidden=False,RemoveEngramPreReq=True)",x,,,,,
"OverrideNamedEngramEntries=(EngramClassName=""EngramEntry_Resource_TrophyExtinctionBeta_C"",EngramLevelRequirement=90,EngramPointsCost=0,EngramHidden=False,RemoveEngramPreReq=True)",x,,,,,
"OverrideNamedEngramEntries=(EngramClassName=""EngramEntry_Resource_TributeExtinction_C"",EngramLevelRequirement=90,EngramPointsCost=0,EngramHidden=False,RemoveEngramPreReq=True)",x,,,,,
"OverrideNamedEngramEntries=(EngramClassName=""EngramEntry_Resource_ArtifactExtinction_C"",EngramLevelRequirement=90,EngramPointsCost=0,EngramHidden=False,RemoveEngramPreReq=True)",x,,,,,
"OverrideNamedEngramEntries=(EngramClassName=""EngramEntry_Resource_TributeExtinctionForest_C"",EngramLevelRequirement=90,EngramPointsCost=0,EngramHidden=False,RemoveEngramPreReq=True)",x,,,,,
"OverrideNamedEngramEntries=(EngramClassName=""EngramEntry_Resource_TrophyExtinctionGamma_C"",EngramLevelRequirement=90,EngramPointsCost=0,EngramHidden=False,RemoveEngramPreReq=True)",x,,,,,
"OverrideNamedEngramEntries=(EngramClassName=""EngramEntry_Resource_TributeExtinctionIce_C"",EngramLevelRequirement=90,EngramPointsCost=0,EngramHidden=False,RemoveEngramPreReq=True)",x,,,,,
"OverrideNamedEngramEntries=(EngramClassName=""EngramEntry_Resource_TributeExtinctionKingTitan_C"",EngramLevelRequirement=90,EngramPointsCost=0,EngramHidden=False,RemoveEngramPreReq=True)",x,,,,,
"OverrideNamedEngramEntries=(EngramClassName=""EngramEntry_MekSpawner_C"",EngramLevelRequirement=91,EngramPointsCost=38,EngramHidden=False,RemoveEngramPreReq=True)",,,,,,
"OverrideNamedEngramEntries=(EngramClassName=""EngramEntry_MekBackpack_Shield_C"",EngramLevelRequirement=93,EngramPointsCost=40,EngramHidden=False,RemoveEngramPreReq=True)",,,,,,
"OverrideNamedEngramEntries=(EngramClassName=""EngramEntry_MekBackpack_Missiles_C"",EngramLevelRequirement=95,EngramPointsCost=40,EngramHidden=False,RemoveEngramPreReq=True)",,,,,,
"OverrideNamedEngramEntries=(EngramClassName=""EngramEntry_MekRocketPod_C"",EngramLevelRequirement=95,EngramPointsCost=35,EngramHidden=False,RemoveEngramPreReq=True)",,,,,,
"OverrideNamedEngramEntries=(EngramClassName=""EngramEntry_MekCannonShell_C"",EngramLevelRequirement=97,EngramPointsCost=35,EngramHidden=False,RemoveEngramPreReq=True)",,,,,,
"OverrideNamedEngramEntries=(EngramClassName=""EngramEntry_MekBackpack_Cannon_C"",EngramLevelRequirement=97,EngramPointsCost=40,EngramHidden=False,RemoveEngramPreReq=True)",,,,,,
"OverrideNamedEngramEntries=(EngramClassName=""EngramEntry_LostColony_BossBatSaddle_C"",EngramLevelRequirement=0,EngramPointsCost=0,EngramHidden=False,RemoveEngramPreReq=True)",x,,,,,Gigadesmodus Saddle
"OverrideNamedEngramEntries=(EngramClassName=""EngramEntry_LostColony_BossBatSaddle_Platform_C"",EngramLevelRequirement=0,EngramPointsCost=0,EngramHidden=False,RemoveEngramPreReq=True)",x,,,,,Gigadesmodus Platform Saddle
"OverrideNamedEngramEntries=(EngramClassName=""EngramEntry_ArcticGloves_C"",EngramLevelRequirement=19,EngramPointsCost=9,EngramHidden=False,RemoveEngramPreReq=True)",,,,LOST COLONY,,Arctic Armor
"OverrideNamedEngramEntries=(EngramClassName=""EngramEntry_ArcticShirt_C"",EngramLevelRequirement=19,EngramPointsCost=9,EngramHidden=False,RemoveEngramPreReq=True)",,,,,,Arctic Armor
"OverrideNamedEngramEntries=(EngramClassName=""EngramEntry_ArcticBoots_C"",EngramLevelRequirement=19,EngramPointsCost=9,EngramHidden=False,RemoveEngramPreReq=True)",,,,,,Arctic Armor
"OverrideNamedEngramEntries=(EngramClassName=""EngramEntry_ArcticPants_C"",EngramLevelRequirement=19,EngramPointsCost=9,EngramHidden=False,RemoveEngramPreReq=True)",,,,,,Arctic Armor
"OverrideNamedEngramEntries=(EngramClassName=""EngramEntry_ArcticHelmet_C"",EngramLevelRequirement=19,EngramPointsCost=9,EngramHidden=False,RemoveEngramPreReq=True)",,,,,,Arctic Armor
"OverrideNamedEngramEntries=(EngramClassName=""EngramEntry_ClipboardHammer_C"",EngramLevelRequirement=25,EngramPointsCost=5,EngramHidden=False,RemoveEngramPreReq=True)",,,,,,Template Hammer
"OverrideNamedEngramEntries=(EngramClassName=""EngramEntry_LostColony_Lights_C"",EngramLevelRequirement=48,EngramPointsCost=10,EngramHidden=False,RemoveEngramPreReq=True)",,,,,,Lost Colony Lights
"OverrideNamedEngramEntries=(EngramClassName=""EngramEntry_LostColony_Saddle_AngelFox_C"",EngramLevelRequirement=58,EngramPointsCost=40,EngramHidden=False,RemoveEngramPreReq=True)",,,,,,Veilwyn Saddle
"OverrideNamedEngramEntries=(EngramClassName=""EngramEntry_LostColony_FabCrossbow_C"",EngramLevelRequirement=58,EngramPointsCost=18,EngramHidden=False,RemoveEngramPreReq=True)",,,,,,Fabricated Crossbow
"OverrideNamedEngramEntries=(EngramClassName=""EngramEntry_LostColony_ShoulderPetDisplayStand_C"",EngramLevelRequirement=60,EngramPointsCost=20,EngramHidden=False,RemoveEngramPreReq=True)",,,,,,Pet Display
"OverrideNamedEngramEntries=(EngramClassName=""EngramEntry_LostColony_Warbench_C"",EngramLevelRequirement=64,EngramPointsCost=21,EngramHidden=False,RemoveEngramPreReq=True)",,,,,,War Bench
"OverrideNamedEngramEntries=(EngramClassName=""EngramEntry_LostColony_Saddle_DevilFox_C"",EngramLevelRequirement=65,EngramPointsCost=40,EngramHidden=False,RemoveEngramPreReq=True)",,,,,,Malwyn Saddle
"OverrideNamedEngramEntries=(EngramClassName=""EngramEntry_LostColony_Saddle_SnowMonster_C"",EngramLevelRequirement=74,EngramPointsCost=40,EngramHidden=False,RemoveEngramPreReq=True)",,,,,,Ossidon Saddle
"OverrideNamedEngramEntries=(EngramClassName=""EngramEntry_LostColony_Bloodforge_C"",EngramLevelRequirement=75,EngramPointsCost=20,EngramHidden=False,RemoveEngramPreReq=True)",x,,,,CS,Bloodforge
"OverrideNamedEngramEntries=(EngramClassName=""EngramEntry_LostColony_Saddle_SnowDragon_C"",EngramLevelRequirement=85,EngramPointsCost=40,EngramHidden=False,RemoveEngramPreReq=True)",,,,,,Aureliax Saddle
"OverrideNamedEngramEntries=(EngramClassName=""EngramEntry_LostColony_CryoHospital_C"",EngramLevelRequirement=85,EngramPointsCost=40,EngramHidden=False,RemoveEngramPreReq=True)",x,,,,,Cryo Hospital
"OverrideNamedEngramEntries=(EngramClassName=""EngramEntry_LostColony_HoloDecoy_C"",EngramLevelRequirement=85,EngramPointsCost=40,EngramHidden=False,RemoveEngramPreReq=True)",x,,,,,Holo-Decoy Grenade
"OverrideNamedEngramEntries=(EngramClassName=""EngramEntry_LostColony_MedicalStand_C"",EngramLevelRequirement=85,EngramPointsCost=40,EngramHidden=False,RemoveEngramPreReq=True)",x,,,,,Medical Stand
"OverrideNamedEngramEntries=(EngramClassName=""EngramEntry_TekBoots_C"",EngramLevelRequirement=0,EngramPointsCost=0,EngramHidden=False,RemoveEngramPreReq=True)",,,,TEK,,
"OverrideNamedEngramEntries=(EngramClassName=""EngramEntry_TekGloves_C"",EngramLevelRequirement=0,EngramPointsCost=0,EngramHidden=False,RemoveEngramPreReq=True)",,,,,,
"OverrideNamedEngramEntries=(EngramClassName=""EngramEntry_TekHelmet_C"",EngramLevelRequirement=0,EngramPointsCost=0,EngramHidden=False,RemoveEngramPreReq=True)",,,,,,
"OverrideNamedEngramEntries=(EngramClassName=""EngramEntry_TekPants_C"",EngramLevelRequirement=0,EngramPointsCost=0,EngramHidden=False,RemoveEngramPreReq=True)",,,,,,
"OverrideNamedEngramEntries=(EngramClassName=""EngramEntry_TekShirt_C"",EngramLevelRequirement=0,EngramPointsCost=0,EngramHidden=False,RemoveEngramPreReq=True)",,,,,,
"OverrideNamedEngramEntries=(EngramClassName=""EngramEntry_TekRifle_C"",EngramLevelRequirement=0,EngramPointsCost=0,EngramHidden=False,RemoveEngramPreReq=True)",,,,,,
"OverrideNamedEngramEntries=(EngramClassName=""EngramEntry_TekGrenade_C"",EngramLevelRequirement=0,EngramPointsCost=0,EngramHidden=False,RemoveEngramPreReq=True)",,,,,,
"OverrideNamedEngramEntries=(EngramClassName=""EngramEntry_TurretTek_C"",EngramLevelRequirement=0,EngramPointsCost=0,EngramHidden=False,RemoveEngramPreReq=True)",,,,,,
"OverrideNamedEngramEntries=(EngramClassName=""EngramEntry_TekRexSaddle_C"",EngramLevelRequirement=0,EngramPointsCost=0,EngramHidden=False,RemoveEngramPreReq=True)",,,,,,
"OverrideNamedEngramEntries=(EngramClassName=""EngramEntry_TekReplicator_C"",EngramLevelRequirement=0,EngramPointsCost=0,EngramHidden=False,RemoveEngramPreReq=True)",,,,,,
"OverrideNamedEngramEntries=(EngramClassName=""EngramEntry_TekTransmitter_C"",EngramLevelRequirement=0,EngramPointsCost=0,EngramHidden=False,RemoveEngramPreReq=True)",,,,,,
"OverrideNamedEngramEntries=(EngramClassName=""EngramEntry_TekShield_C"",EngramLevelRequirement=0,EngramPointsCost=0,EngramHidden=False,RemoveEngramPreReq=True)",,,,,,
"OverrideNamedEngramEntries=(EngramClassName=""EngramEntry_Tek_Gate_C"",EngramLevelRequirement=0,EngramPointsCost=0,EngramHidden=False,RemoveEngramPreReq=True)",,,,,,
"OverrideNamedEngramEntries=(EngramClassName=""EngramEntry_Tek_Gate_Large_C"",EngramLevelRequirement=0,EngramPointsCost=0,EngramHidden=False,RemoveEngramPreReq=True)",,,,,,
"OverrideNamedEngramEntries=(EngramClassName=""EngramEntry_Tek_Gategrame_C"",EngramLevelRequirement=0,EngramPointsCost=0,EngramHidden=False,RemoveEngramPreReq=True)",,,,,,
"OverrideNamedEngramEntries=(EngramClassName=""EngramEntry_Tek_Gategrame_Large_C"",EngramLevelRequirement=0,EngramPointsCost=0,EngramHidden=False,RemoveEngramPreReq=True)",,,,,,
"OverrideNamedEngramEntries=(EngramClassName=""EngramEntry_TekCatwalk_C"",EngramLevelRequirement=0,EngramPointsCost=0,EngramHidden=False,RemoveEngramPreReq=True)",,,,,,
"OverrideNamedEngramEntries=(EngramClassName=""EngramEntry_TekCeiling_C"",EngramLevelRequirement=0,EngramPointsCost=0,EngramHidden=False,RemoveEngramPreReq=True)",,,,,,
"OverrideNamedEngramEntries=(EngramClassName=""EngramEntry_TekCeilingWithTrapdoor_C"",EngramLevelRequirement=0,EngramPointsCost=0,EngramHidden=False,RemoveEngramPreReq=True)",,,,,,
"OverrideNamedEngramEntries=(EngramClassName=""EngramEntry_TekDoor_C"",EngramLevelRequirement=0,EngramPointsCost=0,EngramHidden=False,RemoveEngramPreReq=True)",,,,,,
"OverrideNamedEngramEntries=(EngramClassName=""EngramEntry_TekFloor_C"",EngramLevelRequirement=0,EngramPointsCost=0,EngramHidden=False,RemoveEngramPreReq=True)",,,,,,
"OverrideNamedEngramEntries=(EngramClassName=""EngramEntry_TekLadder_C"",EngramLevelRequirement=0,EngramPointsCost=0,EngramHidden=False,RemoveEngramPreReq=True)",,,,,,
"OverrideNamedEngramEntries=(EngramClassName=""EngramEntry_TekPillar_C"",EngramLevelRequirement=0,EngramPointsCost=0,EngramHidden=False,RemoveEngramPreReq=True)",,,,,,
"OverrideNamedEngramEntries=(EngramClassName=""EngramEntry_TekRamp_C"",EngramLevelRequirement=0,EngramPointsCost=0,EngramHidden=False,RemoveEngramPreReq=True)",,,,,,
"OverrideNamedEngramEntries=(EngramClassName=""EngramEntry_TekTrapdoor_C"",EngramLevelRequirement=0,EngramPointsCost=0,EngramHidden=False,RemoveEngramPreReq=True)",,,,,,
"OverrideNamedEngramEntries=(EngramClassName=""EngramEntry_TekWall_C"",EngramLevelRequirement=0,EngramPointsCost=0,EngramHidden=False,RemoveEngramPreReq=True)",,,,,,
"OverrideNamedEngramEntries=(EngramClassName=""EngramEntry_TekWallWithDoor_C"",EngramLevelRequirement=0,EngramPointsCost=0,EngramHidden=False,RemoveEngramPreReq=True)",,,,,,
"OverrideNamedEngramEntries=(EngramClassName=""EngramEntry_TekWallWithWindow_C"",EngramLevelRequirement=0,EngramPointsCost=0,EngramHidden=False,RemoveEngramPreReq=True)",,,,,,
"OverrideNamedEngramEntries=(EngramClassName=""EngramEntry_TekWindow_C"",EngramLevelRequirement=0,EngramPointsCost=0,EngramHidden=False,RemoveEngramPreReq=True)",,,,,,
"OverrideNamedEngramEntries=(EngramClassName=""EngramEntry_TekSlopedWall_Left_C"",EngramLevelRequirement=0,EngramPointsCost=0,EngramHidden=False,RemoveEngramPreReq=True)",,,,,,
"OverrideNamedEngramEntries=(EngramClassName=""EngramEntry_TekSlopedWall_Right_C"",EngramLevelRequirement=0,EngramPointsCost=0,EngramHidden=False,RemoveEngramPreReq=True)",,,,,,
"OverrideNamedEngramEntries=(EngramClassName=""EngramEntry_TekStairs_C"",EngramLevelRequirement=0,EngramPointsCost=0,EngramHidden=False,RemoveEngramPreReq=True)",,,,,,
"OverrideNamedEngramEntries=(EngramClassName=""EngramEntry_TekRoof_C"",EngramLevelRequirement=0,EngramPointsCost=0,EngramHidden=False,RemoveEngramPreReq=True)",,,,,,
"OverrideNamedEngramEntries=(EngramClassName=""EngramEntry_TekRailing_C"",EngramLevelRequirement=0,EngramPointsCost=0,EngramHidden=False,RemoveEngramPreReq=True)",,,,,,
"OverrideNamedEngramEntries=(EngramClassName=""EngramEntry_TekFenceFoundation_C"",EngramLevelRequirement=0,EngramPointsCost=0,EngramHidden=False,RemoveEngramPreReq=True)",,,,,,
"OverrideNamedEngramEntries=(EngramClassName=""EngramEntry_TekGenerator_C"",EngramLevelRequirement=0,EngramPointsCost=0,EngramHidden=False,RemoveEngramPreReq=True)",,,,,,
"OverrideNamedEngramEntries=(EngramClassName=""EngramEntry_TekTrough_C"",EngramLevelRequirement=0,EngramPointsCost=0,EngramHidden=False,RemoveEngramPreReq=True)",,,,,,
"OverrideNamedEngramEntries=(EngramClassName=""EngramEntry_TekTeleporter_C"",EngramLevelRequirement=0,EngramPointsCost=0,EngramHidden=False,RemoveEngramPreReq=True)",,,,,,
"OverrideNamedEngramEntries=(EngramClassName=""EngramEntry_TekMegalodonSaddle_C"",EngramLevelRequirement=0,EngramPointsCost=0,EngramHidden=False,RemoveEngramPreReq=True)",,,,,,
"OverrideNamedEngramEntries=(EngramClassName=""EngramEntry_TekMosaSaddle_C"",EngramLevelRequirement=0,EngramPointsCost=0,EngramHidden=False,RemoveEngramPreReq=True)",,,,,,
"OverrideNamedEngramEntries=(EngramClassName=""EngramEntry_TekUnderwaterBase_C"",EngramLevelRequirement=0,EngramPointsCost=0,EngramHidden=False,RemoveEngramPreReq=True)",,,,,,
"OverrideNamedEngramEntries=(EngramClassName=""EngramEntry_TekUnderwaterBase_BottomEntry_C"",EngramLevelRequirement=0,EngramPointsCost=0,EngramHidden=False,RemoveEngramPreReq=True)",,,,,,
"OverrideNamedEngramEntries=(EngramClassName=""EngramEntry_TekCloningChamber_C"",EngramLevelRequirement=0,EngramPointsCost=0,EngramHidden=False,RemoveEngramPreReq=True)",,,,,,
"OverrideNamedEngramEntries=(EngramClassName=""EngramEntry_TekTapejaraSaddle_C"",EngramLevelRequirement=0,EngramPointsCost=0,EngramHidden=False,RemoveEngramPreReq=True)",,,,,,
"OverrideNamedEngramEntries=(EngramClassName=""EngramEntry_TekATV_C"",EngramLevelRequirement=0,EngramPointsCost=0,EngramHidden=False,RemoveEngramPreReq=True)",,,,,,
"OverrideNamedEngramEntries=(EngramClassName=""EngramEntry_TekLight_C"",EngramLevelRequirement=0,EngramPointsCost=0,EngramHidden=False,RemoveEngramPreReq=True)",,,,,,
"OverrideNamedEngramEntries=(EngramClassName=""EngramEntry_TekSword_C"",EngramLevelRequirement=0,EngramPointsCost=0,EngramHidden=False,RemoveEngramPreReq=True)",,,,,,
"OverrideNamedEngramEntries=(EngramClassName=""EngramEntry_TekShieldArmor_C"",EngramLevelRequirement=0,EngramPointsCost=0,EngramHidden=False,RemoveEngramPreReq=True)",,,,,,
"OverrideNamedEngramEntries=(EngramClassName=""EngramEntry_TekBed_C"",EngramLevelRequirement=0,EngramPointsCost=0,EngramHidden=False,RemoveEngramPreReq=True)",,,,,,
"OverrideNamedEngramEntries=(EngramClassName=""EngramEntry_TekSniper_C"",EngramLevelRequirement=0,EngramPointsCost=0,EngramHidden=False,RemoveEngramPreReq=True)",,,,,,
"OverrideNamedEngramEntries=(EngramClassName=""EngramEntry_TekRockDrakeSaddle_C"",EngramLevelRequirement=0,EngramPointsCost=0,EngramHidden=False,RemoveEngramPreReq=True)",,,,,,
"OverrideNamedEngramEntries=(EngramClassName=""EngramEntry_DoubleDoor_Tek_C"",EngramLevelRequirement=0,EngramPointsCost=0,EngramHidden=False,RemoveEngramPreReq=True)",,,,,,
"OverrideNamedEngramEntries=(EngramClassName=""EngramEntry_DoubleDoorframe_Tek_C"",EngramLevelRequirement=0,EngramPointsCost=0,EngramHidden=False,RemoveEngramPreReq=True)",,,,,,
"OverrideNamedEngramEntries=(EngramClassName=""EngramEntry_FenceSupport_Tek_C"",EngramLevelRequirement=0,EngramPointsCost=0,EngramHidden=False,RemoveEngramPreReq=True)",,,,,,
"OverrideNamedEngramEntries=(EngramClassName=""EngramEntry_LargeWall_Tek_C"",EngramLevelRequirement=0,EngramPointsCost=0,EngramHidden=False,RemoveEngramPreReq=True)",,,,,,
"OverrideNamedEngramEntries=(EngramClassName=""EngramEntry_Ramp_Tek_C"",EngramLevelRequirement=0,EngramPointsCost=0,EngramHidden=False,RemoveEngramPreReq=True)",,,,,,
"OverrideNamedEngramEntries=(EngramClassName=""EngramEntry_TriCeiling_Tek_C"",EngramLevelRequirement=0,EngramPointsCost=0,EngramHidden=False,RemoveEngramPreReq=True)",,,,,,
"OverrideNamedEngramEntries=(EngramClassName=""EngramEntry_TriFoundation_Tek_C"",EngramLevelRequirement=0,EngramPointsCost=0,EngramHidden=False,RemoveEngramPreReq=True)",,,,,,
"OverrideNamedEngramEntries=(EngramClassName=""EngramEntry_TriRoof_Tek_C"",EngramLevelRequirement=0,EngramPointsCost=0,EngramHidden=False,RemoveEngramPreReq=True)",,,,,,
"OverrideNamedEngramEntries=(EngramClassName=""EngramEntry_TekGrenadeLauncher_C"",EngramLevelRequirement=0,EngramPointsCost=0,EngramHidden=False,RemoveEngramPreReq=True)",,,,,,
"OverrideNamedEngramEntries=(EngramClassName=""EngramEntry_TekAlarm_C"",EngramLevelRequirement=0,EngramPointsCost=0,EngramHidden=False,RemoveEngramPreReq=True)",,,,,,
"OverrideNamedEngramEntries=(EngramClassName=""EngramEntry_TekExosuit_C"",EngramLevelRequirement=0,EngramPointsCost=0,EngramHidden=False,RemoveEngramPreReq=True)",,,,,,
"OverrideNamedEngramEntries=(EngramClassName=""EngramEntry_TekCanteen_C"",EngramLevelRequirement=0,EngramPointsCost=0,EngramHidden=False,RemoveEngramPreReq=True)",,,,,,
"OverrideNamedEngramEntries=(EngramClassName=""EngramEntry_TekCropPlot_C"",EngramLevelRequirement=0,EngramPointsCost=0,EngramHidden=False,RemoveEngramPreReq=True)",,,,,,
"OverrideNamedEngramEntries=(EngramClassName=""EngramEntry_TekSecuirtyConsole_C"",EngramLevelRequirement=0,EngramPointsCost=0,EngramHidden=False,RemoveEngramPreReq=True)",,,,,,
"OverrideNamedEngramEntries=(EngramClassName=""EngramEntry_DedicatedStorage_C"",EngramLevelRequirement=0,EngramPointsCost=0,EngramHidden=False,RemoveEngramPreReq=True)",,,,,,
"OverrideNamedEngramEntries=(EngramClassName=""EngramEntry_ShoulderCannon_C"",EngramLevelRequirement=0,EngramPointsCost=0,EngramHidden=False,RemoveEngramPreReq=True)",,,,,,
"OverrideNamedEngramEntries=(EngramClassName=""PrimalItem_WeaponFishingNet_C"",EngramLevelRequirement=6,EngramPointsCost=4,EngramHidden=False,RemoveEngramPreReq=True)",,,,GENESIS 1,,
"OverrideNamedEngramEntries=(EngramClassName=""EngramEntry_PressurePlate_ASA_C"",EngramLevelRequirement=12,EngramPointsCost=6,EngramHidden=False,RemoveEngramPreReq=True)",,,,,,
"OverrideNamedEngramEntries=(EngramClassName=""EngramEntry_OceanPlatformWood_C"",EngramLevelRequirement=25,EngramPointsCost=24,EngramHidden=False,RemoveEngramPreReq=True)",,,,,,
"OverrideNamedEngramEntries=(EngramClassName=""EngramEntry_GiantTurtleSaddle_C"",EngramLevelRequirement=45,EngramPointsCost=35,EngramHidden=False,RemoveEngramPreReq=True)",,,,,,
"OverrideNamedEngramEntries=(EngramClassName=""EngramEntry_OceanPlatformMetal_C"",EngramLevelRequirement=53,EngramPointsCost=50,EngramHidden=False,RemoveEngramPreReq=True)",,,,,,
"OverrideNamedEngramEntries=(EngramClassName=""EngramEntry_JumpPad_C"",EngramLevelRequirement=70,EngramPointsCost=30,EngramHidden=False,RemoveEngramPreReq=True)",,,,,,
"OverrideNamedEngramEntries=(EngramClassName=""EngramEntry_TekClaws_C"",EngramLevelRequirement=80,EngramPointsCost=15,EngramHidden=False,RemoveEngramPreReq=True)",,,,,,
"OverrideNamedEngramEntries=(EngramClassName=""EngramEntry_MiningDrill_C"",EngramLevelRequirement=80,EngramPointsCost=35,EngramHidden=False,RemoveEngramPreReq=True)",,,,,,
"OverrideNamedEngramEntries=(EngramClassName=""EngramEntry_CherufeSaddle_C"",EngramLevelRequirement=95,EngramPointsCost=35,EngramHidden=False,RemoveEngramPreReq=True)",,,,,,
"OverrideNamedEngramEntries=(EngramClassName=""EngramEntry_HoverSkiff_C"",EngramLevelRequirement=0,EngramPointsCost=0,EngramHidden=False,RemoveEngramPreReq=True)",,,,,,
"OverrideNamedEngramEntries=(EngramClassName=""EngramEntry_TekSpaceWhaleSaddle_C"",EngramLevelRequirement=0,EngramPointsCost=0,EngramHidden=False,RemoveEngramPreReq=True)",,,,,,
"OverrideNamedEngramEntries=(EngramClassName=""EngramEntry_Canoe_C"",EngramLevelRequirement=8,EngramPointsCost=10,EngramHidden=False,RemoveEngramPreReq=True)",,,,GENESIS 2,,
"OverrideNamedEngramEntries=(EngramClassName=""EngramEntry_Milkglider_Saddle_New_C"",EngramLevelRequirement=19,EngramPointsCost=24,EngramHidden=False,RemoveEngramPreReq=True)",,,,,,
"OverrideNamedEngramEntries=(EngramClassName=""EngramEntry_LoadoutMannequin_C"",EngramLevelRequirement=23,EngramPointsCost=8,EngramHidden=False,RemoveEngramPreReq=True)",,,,,,
"OverrideNamedEngramEntries=(EngramClassName=""EngramEntry_AmmoBox_C"",EngramLevelRequirement=29,EngramPointsCost=24,EngramHidden=False,RemoveEngramPreReq=True)",,,,,,
"OverrideNamedEngramEntries=(EngramClassName=""EngramEntry_Boulder_Fire_C"",EngramLevelRequirement=35,EngramPointsCost=18,EngramHidden=False,RemoveEngramPreReq=True)",,,,,,
"OverrideNamedEngramEntries=(EngramClassName=""EngramEntry_NetGun_Ammo_C"",EngramLevelRequirement=43,EngramPointsCost=12,EngramHidden=False,RemoveEngramPreReq=True)",,,,,,
"OverrideNamedEngramEntries=(EngramClassName=""EngramEntry_EggIncubator_ASA_C"",EngramLevelRequirement=89,EngramPointsCost=55,EngramHidden=False,RemoveEngramPreReq=True)",x,,,,,
"OverrideNamedEngramEntries=(EngramClassName=""EngramEntry_Minigun_C"",EngramLevelRequirement=94,EngramPointsCost=35,EngramHidden=False,RemoveEngramPreReq=True)",,,,,,
"OverrideNamedEngramEntries=(EngramClassName=""EngramEntry_TekCanteen_New_C"",EngramLevelRequirement=101,EngramPointsCost=6,EngramHidden=False,RemoveEngramPreReq=True)",,,,,,
"OverrideNamedEngramEntries=(EngramClassName=""EngramEntry_TekCropPlot_ASA_C"",EngramLevelRequirement=104,EngramPointsCost=32,EngramHidden=False,RemoveEngramPreReq=True)",,,,,,
"OverrideNamedEngramEntries=(EngramClassName=""EngramEntry_TekSecuirtyConsole_C"",EngramLevelRequirement=108,EngramPointsCost=60,EngramHidden=False,RemoveEngramPreReq=True)",,,,,,
"OverrideNamedEngramEntries=(EngramClassName=""EngramEntry_TekHoverSail_C"",EngramLevelRequirement=112,EngramPointsCost=45,EngramHidden=False,RemoveEngramPreReq=True)",,,,,,
"OverrideNamedEngramEntries=(EngramClassName=""EngramEntry_TekBow_C"",EngramLevelRequirement=116,EngramPointsCost=53,EngramHidden=False,RemoveEngramPreReq=True)",,,,,,
"OverrideNamedEngramEntries=(EngramClassName=""EngramEntry_TekPistol_C"",EngramLevelRequirement=118,EngramPointsCost=55,EngramHidden=False,RemoveEngramPreReq=True)",,,,,,
"OverrideNamedEngramEntries=(EngramClassName=""EngramEntry_SpaceDolphin_Saddle_C"",EngramLevelRequirement=120,EngramPointsCost=60,EngramHidden=False,RemoveEngramPreReq=True)",,,,,,
"OverrideNamedEngramEntries=(EngramClassName=""EngramEntry_SaddleAcro_C"",EngramLevelRequirement=76,EngramPointsCost=43,EngramHidden=False,RemoveEngramPreReq=True)",,,,,,
"OverrideNamedEngramEntries=(EngramClassName=""EngramEntry_Saddle_GrandTortugar_C"",EngramLevelRequirement=43,EngramPointsCost=18,EngramHidden=False,RemoveEngramPreReq=True)",,,,,,
"OverrideNamedEngramEntries=(EngramClassName=""EngramEntry_TekTeleporterSmall_C"",EngramLevelRequirement=0,EngramPointsCost=0,EngramHidden=False,RemoveEngramPreReq=True)",,,,,,
"OverrideNamedEngramEntries=(EngramClassName=""EngramEntry_TekTeleporterMini_C"",EngramLevelRequirement=0,EngramPointsCost=0,EngramHidden=False,RemoveEngramPreReq=True)",,,,,,
"OverrideNamedEngramEntries=(EngramClassName=""EngramEntry_Ceiling_Door_XL_Tek_C"",EngramLevelRequirement=0,EngramPointsCost=0,EngramHidden=False,RemoveEngramPreReq=True)",,,,,,
"OverrideNamedEngramEntries=(EngramClassName=""EngramEntry_TekBinoculars_C"",EngramLevelRequirement=0,EngramPointsCost=0,EngramHidden=False,RemoveEngramPreReq=True)",,,,,,
"OverrideNamedEngramEntries=(EngramClassName=""EngramEntry_TekCeilingDoor_Giant_C"",EngramLevelRequirement=0,EngramPointsCost=0,EngramHidden=False,RemoveEngramPreReq=True)",,,,,,
"OverrideNamedEngramEntries=(EngramClassName=""EngramEntry_LostColony_TekBunker_C"",EngramLevelRequirement=0,EngramPointsCost=0,EngramHidden=False,RemoveEngramPreReq=True)",,,,,,
"OverrideNamedEngramEntries=(EngramClassName=""EngramEntry_LostColony_TekSpear_C"",EngramLevelRequirement=0,EngramPointsCost=0,EngramHidden=False,RemoveEngramPreReq=True)",,,,,,
,,,,,,
,,,,,,
,,,,,,
,,,,,,
,,,,,,
"OverrideNamedEngramEntries=(EngramClassName=""EngramEntry_Gravestone_CS_C"",EngramLevelRequirement=1,EngramPointsCost=8,EngramHidden=False,RemoveEngramPreReq=True)",,16,8,,1,
"OverrideNamedEngramEntries=(EngramClassName=""EngramEntry_MultiTool_CS_C"",EngramLevelRequirement=1,EngramPointsCost=0,EngramHidden=False,RemoveEngramPreReq=True)",,,,,2,
"OverrideNamedEngramEntries=(EngramClassName=""EngramEntry_OmniTool_CS_C"",EngramLevelRequirement=1,EngramPointsCost=0,EngramHidden=False,RemoveEngramPreReq=True)",,,,,3,
"OverrideNamedEngramEntries=(EngramClassName=""EngramEntry_Campfire_CS_C"",EngramLevelRequirement=2,EngramPointsCost=3,EngramHidden=False,RemoveEngramPreReq=True)",,,,,4,
"OverrideNamedEngramEntries=(EngramClassName=""EngramEntry_HideSleepingBag_CS_C"",EngramLevelRequirement=4,EngramPointsCost=3,EngramHidden=False,RemoveEngramPreReq=True)",,,,,5,
"OverrideNamedEngramEntries=(EngramClassName=""EngramEntry_StorageBox_Small_CS_C"",EngramLevelRequirement=4,EngramPointsCost=6,EngramHidden=False,RemoveEngramPreReq=True)",,,,,6,
"OverrideNamedEngramEntries=(EngramClassName=""EngramEntry_ThatchCeiling_CS_C"",EngramLevelRequirement=4,EngramPointsCost=3,EngramHidden=False,RemoveEngramPreReq=True)",,,,,7,
"OverrideNamedEngramEntries=(EngramClassName=""EngramEntry_ThatchDoor_CS_C"",EngramLevelRequirement=4,EngramPointsCost=3,EngramHidden=False,RemoveEngramPreReq=True)",,,,,8,
"OverrideNamedEngramEntries=(EngramClassName=""EngramEntry_MortarPestle_CS_C"",EngramLevelRequirement=6,EngramPointsCost=6,EngramHidden=False,RemoveEngramPreReq=True)",,,,,9,
"OverrideNamedEngramEntries=(EngramClassName=""EngramEntry_SimpleBed_CS_C"",EngramLevelRequirement=7,EngramPointsCost=8,EngramHidden=False,RemoveEngramPreReq=True)",,,,,10,
"OverrideNamedEngramEntries=(EngramClassName=""EngramEntry_StandingTorch_CS_C"",EngramLevelRequirement=7,EngramPointsCost=6,EngramHidden=False,RemoveEngramPreReq=True)",,,,,11,
"OverrideNamedEngramEntries=(EngramClassName=""EngramEntry_CookingPot_CS_C"",EngramLevelRequirement=8,EngramPointsCost=9,EngramHidden=False,RemoveEngramPreReq=True)",,,,,12,
"OverrideNamedEngramEntries=(EngramClassName=""EngramEntry_CropPlot_Small_CS_C"",EngramLevelRequirement=10,EngramPointsCost=9,EngramHidden=False,RemoveEngramPreReq=True)",,,,,13,
"OverrideNamedEngramEntries=(EngramClassName=""EngramEntry_WoodCeiling_CS_C"",EngramLevelRequirement=11,EngramPointsCost=6,EngramHidden=False,RemoveEngramPreReq=True)",,,,,14,
"OverrideNamedEngramEntries=(EngramClassName=""EngramEntry_WoodDoor_CS_C"",EngramLevelRequirement=11,EngramPointsCost=4,EngramHidden=False,RemoveEngramPreReq=True)",,,,,15,
"OverrideNamedEngramEntries=(EngramClassName=""EngramEntry_TriCeiling_Wood_CS_C"",EngramLevelRequirement=11,EngramPointsCost=6,EngramHidden=False,RemoveEngramPreReq=True)",,,,,16,
"OverrideNamedEngramEntries=(EngramClassName=""EngramEntry_PreservingBin_CS_C"",EngramLevelRequirement=14,EngramPointsCost=9,EngramHidden=False,RemoveEngramPreReq=True)",,,,,17,
"OverrideNamedEngramEntries=(EngramClassName=""EngramEntry_AdobeCeiling_CS_C"",EngramLevelRequirement=15,EngramPointsCost=5,EngramHidden=False,RemoveEngramPreReq=True)",,,,,18,
"OverrideNamedEngramEntries=(EngramClassName=""EngramEntry_AdobeDoor_CS_C"",EngramLevelRequirement=15,EngramPointsCost=4,EngramHidden=False,RemoveEngramPreReq=True)",,,,,19,
"OverrideNamedEngramEntries=(EngramClassName=""EngramEntry_TriCeiling_Adobe_CS_C"",EngramLevelRequirement=15,EngramPointsCost=5,EngramHidden=False,RemoveEngramPreReq=True)",,,,,20,
"OverrideNamedEngramEntries=(EngramClassName=""EngramEntry_CompostBin_CS_C"",EngramLevelRequirement=15,EngramPointsCost=6,EngramHidden=False,RemoveEngramPreReq=True)",,,,,21,
"OverrideNamedEngramEntries=(EngramClassName=""EngramEntry_Converter_CS_C"",EngramLevelRequirement=15,EngramPointsCost=0,EngramHidden=False,RemoveEngramPreReq=True)",,,,,22,
"OverrideNamedEngramEntries=(EngramClassName=""EngramEntry_WaterWell_CS_C"",EngramLevelRequirement=15,EngramPointsCost=10,EngramHidden=False,RemoveEngramPreReq=True)",,,,,23,
"OverrideNamedEngramEntries=(EngramClassName=""EngramEntry_StorageBox_Large_CS_C"",EngramLevelRequirement=16,EngramPointsCost=9,EngramHidden=False,RemoveEngramPreReq=True)",,,,,24,
"OverrideNamedEngramEntries=(EngramClassName=""EngramEntry_StoneIntake_CS_C"",EngramLevelRequirement=17,EngramPointsCost=5,EngramHidden=False,RemoveEngramPreReq=True)",,,,,25,
"OverrideNamedEngramEntries=(EngramClassName=""EngramEntry_StonePipeTap_CS_C"",EngramLevelRequirement=17,EngramPointsCost=5,EngramHidden=False,RemoveEngramPreReq=True)",,,,,26,
"OverrideNamedEngramEntries=(EngramClassName=""EngramEntry_FeedingTrough_CS_C"",EngramLevelRequirement=18,EngramPointsCost=12,EngramHidden=False,RemoveEngramPreReq=True)",,,,,27,
"OverrideNamedEngramEntries=(EngramClassName=""EngramEntry_WoodGate_CS_C"",EngramLevelRequirement=18,EngramPointsCost=5,EngramHidden=False,RemoveEngramPreReq=True)",,,,,28,
"OverrideNamedEngramEntries=(EngramClassName=""EngramEntry_Bookshelf_CS_C"",EngramLevelRequirement=19,EngramPointsCost=5,EngramHidden=False,RemoveEngramPreReq=True)",,,,,29,
"OverrideNamedEngramEntries=(EngramClassName=""EngramEntry_CraftingStation_CS_C"",EngramLevelRequirement=20,EngramPointsCost=18,EngramHidden=False,RemoveEngramPreReq=True)",,,,,30,
"OverrideNamedEngramEntries=(EngramClassName=""EngramEntry_Forge_CS_C"",EngramLevelRequirement=20,EngramPointsCost=21,EngramHidden=False,RemoveEngramPreReq=True)",,,,,31,
"OverrideNamedEngramEntries=(EngramClassName=""EngramEntry_WallTorch_CS_C"",EngramLevelRequirement=21,EngramPointsCost=8,EngramHidden=False,RemoveEngramPreReq=True)",,,,,32,
"OverrideNamedEngramEntries=(EngramClassName=""EngramEntry_DinoLeash_CS_C"",EngramLevelRequirement=22,EngramPointsCost=6,EngramHidden=False,RemoveEngramPreReq=True)",,,,,33,
"OverrideNamedEngramEntries=(EngramClassName=""EngramEntry_StoneCeiling_CS_C"",EngramLevelRequirement=24,EngramPointsCost=6,EngramHidden=False,RemoveEngramPreReq=True)",,,,,34,
"OverrideNamedEngramEntries=(EngramClassName=""EngramEntry_TriCeiling_Stone_CS_C"",EngramLevelRequirement=24,EngramPointsCost=6,EngramHidden=False,RemoveEngramPreReq=True)",,,,,35,
"OverrideNamedEngramEntries=(EngramClassName=""EngramEntry_StoneDoor_CS_C"",EngramLevelRequirement=24,EngramPointsCost=4,EngramHidden=False,RemoveEngramPreReq=True)",,,,,36,
"OverrideNamedEngramEntries=(EngramClassName=""EngramEntry_BlueprintMaker_CS_C"",EngramLevelRequirement=25,EngramPointsCost=0,EngramHidden=False,RemoveEngramPreReq=True)",,,,,37,
"OverrideNamedEngramEntries=(EngramClassName=""EngramEntry_DinoMindWipe_CS_C"",EngramLevelRequirement=25,EngramPointsCost=0,EngramHidden=False,RemoveEngramPreReq=True)",,,,,38,
"OverrideNamedEngramEntries=(EngramClassName=""EngramEntry_HitchingPost_CS_C"",EngramLevelRequirement=25,EngramPointsCost=0,EngramHidden=False,RemoveEngramPreReq=True)",,,,,39,
"OverrideNamedEngramEntries=(EngramClassName=""EngramEntry_MindWipe_CS_C"",EngramLevelRequirement=25,EngramPointsCost=0,EngramHidden=False,RemoveEngramPreReq=True)",,,,,40,
"OverrideNamedEngramEntries=(EngramClassName=""EngramEntry_WoodGate_Large_CS_C"",EngramLevelRequirement=25,EngramPointsCost=5,EngramHidden=False,RemoveEngramPreReq=True)",,,,,41,
"OverrideNamedEngramEntries=(EngramClassName=""EngramEntry_CropPlot_Medium_CS_C"",EngramLevelRequirement=26,EngramPointsCost=12,EngramHidden=False,RemoveEngramPreReq=True)",,,,,42,
"OverrideNamedEngramEntries=(EngramClassName=""EngramEntry_StoneGate_CS_C"",EngramLevelRequirement=27,EngramPointsCost=6,EngramHidden=False,RemoveEngramPreReq=True)",,,,,43,
"OverrideNamedEngramEntries=(EngramClassName=""EngramEntry_Fireplace_CS_C"",EngramLevelRequirement=28,EngramPointsCost=15,EngramHidden=False,RemoveEngramPreReq=True)",,,,,44,
"OverrideNamedEngramEntries=(EngramClassName=""EngramEntry_AmmoBox_CS_C"",EngramLevelRequirement=29,EngramPointsCost=0,EngramHidden=False,RemoveEngramPreReq=True)",,,,,45,
"OverrideNamedEngramEntries=(EngramClassName=""EngramEntry_TurretBallista_CS_C"",EngramLevelRequirement=29,EngramPointsCost=25,EngramHidden=False,RemoveEngramPreReq=True)",,,,,46,
"OverrideNamedEngramEntries=(EngramClassName=""EngramEntry_AdobeGate_CS_C"",EngramLevelRequirement=30,EngramPointsCost=8,EngramHidden=False,RemoveEngramPreReq=True)",,,,,47,
"OverrideNamedEngramEntries=(EngramClassName=""EngramEntry_Hatchery_CS_C"",EngramLevelRequirement=30,EngramPointsCost=0,EngramHidden=False,RemoveEngramPreReq=True)",,,,,48,
"OverrideNamedEngramEntries=(EngramClassName=""EngramEntry_TekBed_CS_C"",EngramLevelRequirement=30,EngramPointsCost=1,EngramHidden=False,RemoveEngramPreReq=True)",,,,,49,
"OverrideNamedEngramEntries=(EngramClassName=""EngramEntry_StoneGateLarge_CS_C"",EngramLevelRequirement=31,EngramPointsCost=16,EngramHidden=False,RemoveEngramPreReq=True)",,,,,50,
"OverrideNamedEngramEntries=(EngramClassName=""EngramEntry_TurretCatapult_CS_C"",EngramLevelRequirement=31,EngramPointsCost=25,EngramHidden=False,RemoveEngramPreReq=True)",,,,,51,
"OverrideNamedEngramEntries=(EngramClassName=""EngramEntry_DisplayCase_CS_C"",EngramLevelRequirement=35,EngramPointsCost=0,EngramHidden=False,RemoveEngramPreReq=True)",,,,,52,
"OverrideNamedEngramEntries=(EngramClassName=""EngramEntry_BeerBarrel_CS_C"",EngramLevelRequirement=36,EngramPointsCost=24,EngramHidden=False,RemoveEngramPreReq=True)",,,,,53,
"OverrideNamedEngramEntries=(EngramClassName=""EngramEntry_CropPlot_Large_CS_C"",EngramLevelRequirement=36,EngramPointsCost=15,EngramHidden=False,RemoveEngramPreReq=True)",,,,,54,
"OverrideNamedEngramEntries=(EngramClassName=""EngramEntry_TreeSapTap_CS_C"",EngramLevelRequirement=36,EngramPointsCost=18,EngramHidden=False,RemoveEngramPreReq=True)",,,,,55,
"OverrideNamedEngramEntries=(EngramClassName=""EngramEntry_AdobeGate_Large_CS_C"",EngramLevelRequirement=38,EngramPointsCost=15,EngramHidden=False,RemoveEngramPreReq=True)",,,,,56,
"OverrideNamedEngramEntries=(EngramClassName=""EngramEntry_Farmer_CS_C"",EngramLevelRequirement=40,EngramPointsCost=0,EngramHidden=False,RemoveEngramPreReq=True)",,,,,57,
"OverrideNamedEngramEntries=(EngramClassName=""EngramEntry_Gardener_CS_C"",EngramLevelRequirement=40,EngramPointsCost=0,EngramHidden=False,RemoveEngramPreReq=True)",,,,,58,
"OverrideNamedEngramEntries=(EngramClassName=""EngramEntry_GasCollector_CS_C"",EngramLevelRequirement=40,EngramPointsCost=35,EngramHidden=False,RemoveEngramPreReq=True)",,,,,59,
"OverrideNamedEngramEntries=(EngramClassName=""EngramEntry_MetalIntake_CS_C"",EngramLevelRequirement=40,EngramPointsCost=15,EngramHidden=False,RemoveEngramPreReq=True)",,,,,60,
"OverrideNamedEngramEntries=(EngramClassName=""EngramEntry_MetalPipeTap_CS_C"",EngramLevelRequirement=40,EngramPointsCost=18,EngramHidden=False,RemoveEngramPreReq=True)",,,,,61,
"OverrideNamedEngramEntries=(EngramClassName=""EngramEntry_Nanny_CS_C"",EngramLevelRequirement=40,EngramPointsCost=0,EngramHidden=False,RemoveEngramPreReq=True)",,,,,62,
"OverrideNamedEngramEntries=(EngramClassName=""EngramEntry_GreenhouseCeiling_CS_C"",EngramLevelRequirement=42,EngramPointsCost=30,EngramHidden=False,RemoveEngramPreReq=True)",,,,,63,
"OverrideNamedEngramEntries=(EngramClassName=""EngramEntry_TriCeiling_Greenhouse_CS_C"",EngramLevelRequirement=42,EngramPointsCost=30,EngramHidden=False,RemoveEngramPreReq=True)",,,,,64,
"OverrideNamedEngramEntries=(EngramClassName=""EngramEntry_GreenhouseDoor_CS_C"",EngramLevelRequirement=43,EngramPointsCost=15,EngramHidden=False,RemoveEngramPreReq=True)",,,,,65,
"OverrideNamedEngramEntries=(EngramClassName=""EngramEntry_MetalCeiling_CS_C"",EngramLevelRequirement=45,EngramPointsCost=15,EngramHidden=False,RemoveEngramPreReq=True)",,,,,66,
"OverrideNamedEngramEntries=(EngramClassName=""EngramEntry_MetalDoor_CS_C"",EngramLevelRequirement=45,EngramPointsCost=12,EngramHidden=False,RemoveEngramPreReq=True)",,,,,67,
"OverrideNamedEngramEntries=(EngramClassName=""EngramEntry_TriCeiling_Metal_CS_C"",EngramLevelRequirement=45,EngramPointsCost=15,EngramHidden=False,RemoveEngramPreReq=True)",,,,,68,
"OverrideNamedEngramEntries=(EngramClassName=""EngramEntry_StorageMetal_CS_C"",EngramLevelRequirement=45,EngramPointsCost=15,EngramHidden=False,RemoveEngramPreReq=True)",,,,,69,
"OverrideNamedEngramEntries=(EngramClassName=""EngramEntry_Fabricator_CS_C"",EngramLevelRequirement=48,EngramPointsCost=24,EngramHidden=False,RemoveEngramPreReq=True)",,,,,70,
"OverrideNamedEngramEntries=(EngramClassName=""EngramEntry_Generator_CS_C"",EngramLevelRequirement=49,EngramPointsCost=24,EngramHidden=False,RemoveEngramPreReq=True)",,,,,71,
"OverrideNamedEngramEntries=(EngramClassName=""EngramEntry_CryoFridge_CS_C"",EngramLevelRequirement=50,EngramPointsCost=20,EngramHidden=False,RemoveEngramPreReq=True)",,,,,72,
"OverrideNamedEngramEntries=(EngramClassName=""EngramEntry_Grill_CS_C"",EngramLevelRequirement=50,EngramPointsCost=40,EngramHidden=False,RemoveEngramPreReq=True)",,,,,73,
"OverrideNamedEngramEntries=(EngramClassName=""EngramEntry_Lamppost_CS_C"",EngramLevelRequirement=50,EngramPointsCost=20,EngramHidden=False,RemoveEngramPreReq=True)",,,,,74,
"OverrideNamedEngramEntries=(EngramClassName=""EngramEntry_LamppostOmni_CS_C"",EngramLevelRequirement=50,EngramPointsCost=20,EngramHidden=False,RemoveEngramPreReq=True)",,,,,75,
"OverrideNamedEngramEntries=(EngramClassName=""EngramEntry_MultiLamp_CS_C"",EngramLevelRequirement=50,EngramPointsCost=20,EngramHidden=False,RemoveEngramPreReq=True)",,,,,76,
"OverrideNamedEngramEntries=(EngramClassName=""EngramEntry_WindTurbine_CS_C"",EngramLevelRequirement=50,EngramPointsCost=18,EngramHidden=False,RemoveEngramPreReq=True)",,,,,77,
"OverrideNamedEngramEntries=(EngramClassName=""EngramEntry_MetalGate_CS_C"",EngramLevelRequirement=52,EngramPointsCost=8,EngramHidden=False,RemoveEngramPreReq=True)",,,,,78,
"OverrideNamedEngramEntries=(EngramClassName=""EngramEntry_ModernBed_CS_C"",EngramLevelRequirement=54,EngramPointsCost=28,EngramHidden=False,RemoveEngramPreReq=True)",,,,,79,
"OverrideNamedEngramEntries=(EngramClassName=""EngramEntry_MetalGate_Large_CS_C"",EngramLevelRequirement=57,EngramPointsCost=15,EngramHidden=False,RemoveEngramPreReq=True)",,,,,80,
"OverrideNamedEngramEntries=(EngramClassName=""EngramEntry_OilPump_CS_C"",EngramLevelRequirement=60,EngramPointsCost=24,EngramHidden=False,RemoveEngramPreReq=True)",,,,,81,
"OverrideNamedEngramEntries=(EngramClassName=""EngramEntry_Fridge_CS_C"",EngramLevelRequirement=60,EngramPointsCost=20,EngramHidden=False,RemoveEngramPreReq=True)",,,,,82,
"OverrideNamedEngramEntries=(EngramClassName=""EngramEntry_HitchingPostTek_CS_C"",EngramLevelRequirement=60,EngramPointsCost=0,EngramHidden=False,RemoveEngramPreReq=True)",,,,,83,
"OverrideNamedEngramEntries=(EngramClassName=""EngramEntry_AirConditioner_CS_C"",EngramLevelRequirement=61,EngramPointsCost=21,EngramHidden=False,RemoveEngramPreReq=True)",,,,,84,
"OverrideNamedEngramEntries=(EngramClassName=""EngramEntry_Grinder_CS_C"",EngramLevelRequirement=64,EngramPointsCost=45,EngramHidden=False,RemoveEngramPreReq=True)",,,,,85,
"OverrideNamedEngramEntries=(EngramClassName=""EngramEntry_TurretAuto_CS_C"",EngramLevelRequirement=68,EngramPointsCost=40,EngramHidden=False,RemoveEngramPreReq=True)",,,,,86,
"OverrideNamedEngramEntries=(EngramClassName=""EngramEntry_TekElevator_CS_C"",EngramLevelRequirement=71,EngramPointsCost=15,EngramHidden=False,RemoveEngramPreReq=True)",,,,,87,
"OverrideNamedEngramEntries=(EngramClassName=""EngramEntry_Ceiling_Repulser_CS_C"",EngramLevelRequirement=72,EngramPointsCost=10,EngramHidden=False,RemoveEngramPreReq=True)",,,,,88,
"OverrideNamedEngramEntries=(EngramClassName=""EngramEntry_ItemAggregator_CS_C"",EngramLevelRequirement=72,EngramPointsCost=20,EngramHidden=False,RemoveEngramPreReq=True)",,,,,89,
"OverrideNamedEngramEntries=(EngramClassName=""EngramEntry_BeeHive_CS_C"",EngramLevelRequirement=73,EngramPointsCost=0,EngramHidden=False,RemoveEngramPreReq=True)",,,,,90,
"OverrideNamedEngramEntries=(EngramClassName=""EngramEntry_TreeSapTapTek_CS_C"",EngramLevelRequirement=73,EngramPointsCost=0,EngramHidden=False,RemoveEngramPreReq=True)",,,,,91,
"OverrideNamedEngramEntries=(EngramClassName=""EngramEntry_Incinerator_C"",EngramLevelRequirement=74,EngramPointsCost=0,EngramHidden=False,RemoveEngramPreReq=True)",,,,,92,
"OverrideNamedEngramEntries=(EngramClassName=""EngramEntry_MiniVault_CS_C"",EngramLevelRequirement=75,EngramPointsCost=30,EngramHidden=False,RemoveEngramPreReq=True)",,,,,93,
"OverrideNamedEngramEntries=(EngramClassName=""EngramEntry_Vault_CS_C"",EngramLevelRequirement=75,EngramPointsCost=30,EngramHidden=False,RemoveEngramPreReq=True)",,,,,94,
"OverrideNamedEngramEntries=(EngramClassName=""EngramEntry_IndustrialForge_CS_C"",EngramLevelRequirement=80,EngramPointsCost=90,EngramHidden=False,RemoveEngramPreReq=True)",,,,,95,
"OverrideNamedEngramEntries=(EngramClassName=""EngramEntry_ChemBench_CS_C"",EngramLevelRequirement=85,EngramPointsCost=65,EngramHidden=False,RemoveEngramPreReq=True)",,66,34,,96,
"OverrideNamedEngramEntries=(EngramClassName=""EngramEntry_GachaGavager_CS_C"",EngramLevelRequirement=85,EngramPointsCost=30,EngramHidden=False,RemoveEngramPreReq=True)",,,,,97,
"OverrideNamedEngramEntries=(EngramClassName=""EngramEntry_PersonallTeleporter_CS_C"",EngramLevelRequirement=85,EngramPointsCost=10,EngramHidden=False,RemoveEngramPreReq=True)",X,,,,98,
"OverrideNamedEngramEntries=(EngramClassName=""EngramEntry_IndustrialCooker_CS_C"",EngramLevelRequirement=89,EngramPointsCost=60,EngramHidden=False,RemoveEngramPreReq=True)",,,,,99,
"OverrideNamedEngramEntries=(EngramClassName=""EngramEntry_DedicatedInterface_CS_C"",EngramLevelRequirement=90,EngramPointsCost=20,EngramHidden=False,RemoveEngramPreReq=True)",,,,,100,
"OverrideNamedEngramEntries=(EngramClassName=""EngramEntry_DedicatedStorage_CS_C"",EngramLevelRequirement=90,EngramPointsCost=0,EngramHidden=False,RemoveEngramPreReq=True)",,,,,101,
"OverrideNamedEngramEntries=(EngramClassName=""EngramEntry_TekStorage_CS_C"",EngramLevelRequirement=90,EngramPointsCost=10,EngramHidden=False,RemoveEngramPreReq=True)",,,,,102,
"OverrideNamedEngramEntries=(EngramClassName=""EngramEntry_TributeTerminal_CS_C"",EngramLevelRequirement=90,EngramPointsCost=5,EngramHidden=False,RemoveEngramPreReq=True)",,,,,103,
"OverrideNamedEngramEntries=(EngramClassName=""EngramEntry_ChargeInjector_CS_C"",EngramLevelRequirement=92,EngramPointsCost=15,EngramHidden=False,RemoveEngramPreReq=True)",,,,,104,
"OverrideNamedEngramEntries=(EngramClassName=""EngramEntry_DroneTerminal_CS_C"",EngramLevelRequirement=93,EngramPointsCost=20,EngramHidden=False,RemoveEngramPreReq=True)",,,,,105,
"OverrideNamedEngramEntries=(EngramClassName=""EngramEntry_CrystalCracker_CS_C"",EngramLevelRequirement=94,EngramPointsCost=10,EngramHidden=False,RemoveEngramPreReq=True)",,,,,106,
"OverrideNamedEngramEntries=(EngramClassName=""EngramEntry_TurretMinigun_CS_C"",EngramLevelRequirement=94,EngramPointsCost=80,EngramHidden=False,RemoveEngramPreReq=True)",,,,,107,
"OverrideNamedEngramEntries=(EngramClassName=""EngramEntry_DedicatedStorage_Intake_CS_C"",EngramLevelRequirement=95,EngramPointsCost=0,EngramHidden=False,RemoveEngramPreReq=True)",,,,,108,
"OverrideNamedEngramEntries=(EngramClassName=""EngramEntry_ChargeStation_CS_C"",EngramLevelRequirement=99,EngramPointsCost=15,EngramHidden=False,RemoveEngramPreReq=True)",,,,,109,
"OverrideNamedEngramEntries=(EngramClassName=""EngramEntry_PlanetShield_CS_C"",EngramLevelRequirement=99,EngramPointsCost=15,EngramHidden=False,RemoveEngramPreReq=True)",,,,,110,
"OverrideNamedEngramEntries=(EngramClassName=""EngramEntry_TurretRocket_CS_C"",EngramLevelRequirement=99,EngramPointsCost=100,EngramHidden=False,RemoveEngramPreReq=True)",,,,,111,
"OverrideNamedEngramEntries=(EngramClassName=""EngramEntry_Vivarium_CS_C"",EngramLevelRequirement=99,EngramPointsCost=25,EngramHidden=False,RemoveEngramPreReq=True)",X,,,,112,
"OverrideNamedEngramEntries=(EngramClassName=""EngramEntry_ElementCatalyzer_CS_C"",EngramLevelRequirement=100,EngramPointsCost=10,EngramHidden=False,RemoveEngramPreReq=True)",,,,,113,
"OverrideNamedEngramEntries=(EngramClassName=""EngramEntry_HeavyTurret_CS_C"",EngramLevelRequirement=100,EngramPointsCost=100,EngramHidden=False,RemoveEngramPreReq=True)",,,,,114,
"OverrideNamedEngramEntries=(EngramClassName=""EngramEntry_Transmutator_CS_C"",EngramLevelRequirement=101,EngramPointsCost=0,EngramHidden=False,RemoveEngramPreReq=True)",X,,,,115,
"OverrideNamedEngramEntries=(EngramClassName=""EngramEntry_AutoCrafter_CS_C"",EngramLevelRequirement=105,EngramPointsCost=20,EngramHidden=False,RemoveEngramPreReq=True)",X,,,,116,
"OverrideNamedEngramEntries=(EngramClassName=""EngramEntry_HealingStation_CS_C"",EngramLevelRequirement=105,EngramPointsCost=35,EngramHidden=False,RemoveEngramPreReq=True)",X,,,,117,
"OverrideNamedEngramEntries=(EngramClassName=""EngramEntry_Mutator_CS_C"",EngramLevelRequirement=105,EngramPointsCost=0,EngramHidden=False,RemoveEngramPreReq=True)",,,,,118,
"OverrideNamedEngramEntries=(EngramClassName=""EngramEntry_TransferControlUnit_CS_C"",EngramLevelRequirement=105,EngramPointsCost=2,EngramHidden=False,RemoveEngramPreReq=True)",,,,,119,
"OverrideNamedEngramEntries=(EngramClassName=""EngramEntry_Propagator_CS_C"",EngramLevelRequirement=111,EngramPointsCost=0,EngramHidden=False,RemoveEngramPreReq=True)",,,,,120,
"OverrideNamedEngramEntries=(EngramClassName=""EngramEntry_ItemTranslocator_CS_C"",EngramLevelRequirement=135,EngramPointsCost=20,EngramHidden=False,RemoveEngramPreReq=True)",X,,,,121,
"OverrideNamedEngramEntries=(EngramClassName=""EngramEntry_TekChemBench_C"",EngramLevelRequirement=135,EngramPointsCost=0,EngramHidden=False,RemoveEngramPreReq=True)",X,,,,122,
"OverrideNamedEngramEntries=(EngramClassName=""EngramEntry_RepairStation_CS_C"",EngramLevelRequirement=135,EngramPointsCost=0,EngramHidden=False,RemoveEngramPreReq=True)",X,,,,123,
"OverrideNamedEngramEntries=(EngramClassName=""EngramEntry_TekCloningTerminal_CS_C"",EngramLevelRequirement=135,EngramPointsCost=0,EngramHidden=False,RemoveEngramPreReq=True)",X,,,,124,
"OverrideNamedEngramEntries=(EngramClassName=""EngramEntry_TekCookingPot_CS_C"",EngramLevelRequirement=135,EngramPointsCost=0,EngramHidden=False,RemoveEngramPreReq=True)",X,,,,125,
"OverrideNamedEngramEntries=(EngramClassName=""EngramEntry_TekForge_CS_C"",EngramLevelRequirement=135,EngramPointsCost=0,EngramHidden=False,RemoveEngramPreReq=True)",X,,,,126,
"OverrideNamedEngramEntries=(EngramClassName=""EngramEntry_TekFridge_CS_C"",EngramLevelRequirement=135,EngramPointsCost=0,EngramHidden=False,RemoveEngramPreReq=True)",X,,,,127,
"OverrideNamedEngramEntries=(EngramClassName=""EngramEntry_TekStove_C"",EngramLevelRequirement=135,EngramPointsCost=0,EngramHidden=False,RemoveEngramPreReq=True)",X,,,,128,
"OverrideNamedEngramEntries=(EngramClassName=""EngramEntry_EggIncubator_CS_C"",EngramLevelRequirement=89,EngramPointsCost=55,EngramHidden=False,RemoveEngramPreReq=True)",,,,,,
"OverrideNamedEngramEntries=(EngramClassName=""EngramEntry_Frontier_WaterTank_Large_CS_C"",EngramLevelRequirement=53,EngramPointsCost=25,EngramHidden=False,RemoveEngramPreReq=True)",,,,,,
"OverrideNamedEngramEntries=(EngramClassName=""EngramEntry_GeneInfuser_CS_C"",EngramLevelRequirement=86,EngramPointsCost=17,EngramHidden=False,RemoveEngramPreReq=True)",,,,,,
"OverrideNamedEngramEntries=(EngramClassName=""EngramEntry_MetalTrapdoorGiant_CS_C"",EngramLevelRequirement=54,EngramPointsCost=30,EngramHidden=False,RemoveEngramPreReq=True)",,,,,,
"OverrideNamedEngramEntries=(EngramClassName=""EngramEntry_Steampunk_Lights_CS_C"",EngramLevelRequirement=48,EngramPointsCost=10,EngramHidden=False,RemoveEngramPreReq=True)",,,,,,
"OverrideNamedEngramEntries=(EngramClassName=""EngramEntry_Steampunk_TeslaCoil_CS_C"",EngramLevelRequirement=103,EngramPointsCost=30,EngramHidden=False,RemoveEngramPreReq=True)",,,,,,
"OverrideNamedEngramEntries=(EngramClassName=""EngramEntry_StoneTrapdoorGiant_CS_C"",EngramLevelRequirement=30,EngramPointsCost=20,EngramHidden=False,RemoveEngramPreReq=True)",,,,,,
"OverrideNamedEngramEntries=(EngramClassName=""EngramEntry_AdobeCeilingDoorGiant_CS_C"",EngramLevelRequirement=34,EngramPointsCost=12,EngramHidden=False,RemoveEngramPreReq=True)",,,,,,
"OverrideNamedEngramEntries=(EngramClassName=""EngramEntry_WoodTrapdoorGiant_CS_C"",EngramLevelRequirement=30,EngramPointsCost=20,EngramHidden=False,RemoveEngramPreReq=True)",,,,,,
"OverrideNamedEngramEntries=(EngramClassName=""EngramEntry_AdobeLadder_CS_C"",EngramLevelRequirement=0,EngramPointsCost=0,EngramHidden=False,RemoveEngramPreReq=True)",x,16,6,,,CS ladder lol
"OverrideNamedEngramEntries=(EngramClassName=""EngramEntry_AutoCrafter_CS_C"",EngramLevelRequirement=0,EngramPointsCost=0,EngramHidden=False,RemoveEngramPreReq=True)",X,,,,,
"OverrideNamedEngramEntries=(EngramClassName=""EngramEntry_AutoTurretPlant_CS_C"",EngramLevelRequirement=0,EngramPointsCost=0,EngramHidden=False,RemoveEngramPreReq=True)",X,,,,,
"OverrideNamedEngramEntries=(EngramClassName=""EngramEntry_BladeWasp_CS_C"",EngramLevelRequirement=0,EngramPointsCost=0,EngramHidden=False,RemoveEngramPreReq=True)",,90,30,,,
"OverrideNamedEngramEntries=(EngramClassName=""EngramEntry_Ceiling_Door_XL_Adobe_CS_C"",EngramLevelRequirement=0,EngramPointsCost=0,EngramHidden=False,RemoveEngramPreReq=True)",,43,12,,,
"OverrideNamedEngramEntries=(EngramClassName=""EngramEntry_Ceiling_Door_XL_Metal_CS_C"",EngramLevelRequirement=0,EngramPointsCost=0,EngramHidden=False,RemoveEngramPreReq=True)",,58,30,,,
"OverrideNamedEngramEntries=(EngramClassName=""EngramEntry_Ceiling_Door_XL_Stone_CS_C"",EngramLevelRequirement=0,EngramPointsCost=0,EngramHidden=False,RemoveEngramPreReq=True)",,37,20,,,
"OverrideNamedEngramEntries=(EngramClassName=""EngramEntry_Ceiling_Door_XL_Wood_CS_C"",EngramLevelRequirement=0,EngramPointsCost=0,EngramHidden=False,RemoveEngramPreReq=True)",,30,5,,,
"OverrideNamedEngramEntries=(EngramClassName=""EngramEntry_CloningChamber_CS_C"",EngramLevelRequirement=0,EngramPointsCost=0,EngramHidden=False,RemoveEngramPreReq=True)",,,,tek,,
"OverrideNamedEngramEntries=(EngramClassName=""EngramEntry_CryoHospital_CS_C"",EngramLevelRequirement=0,EngramPointsCost=0,EngramHidden=False,RemoveEngramPreReq=True)",X,,,,,
"OverrideNamedEngramEntries=(EngramClassName=""EngramEntry_DinoPod_CS_C"",EngramLevelRequirement=0,EngramPointsCost=0,EngramHidden=False,RemoveEngramPreReq=True)",X,,,,,
"OverrideNamedEngramEntries=(EngramClassName=""EngramEntry_DinoPodStack_CS_C"",EngramLevelRequirement=0,EngramPointsCost=0,EngramHidden=False,RemoveEngramPreReq=True)",X,,,,,
"OverrideNamedEngramEntries=(EngramClassName=""EngramEntry_Frontier_OilLamp_CS_C"",EngramLevelRequirement=0,EngramPointsCost=0,EngramHidden=False,RemoveEngramPreReq=True)",X,,,,,
"OverrideNamedEngramEntries=(EngramClassName=""EngramEntry_ItemCollector_CS_C"",EngramLevelRequirement=0,EngramPointsCost=0,EngramHidden=False,RemoveEngramPreReq=True)",,20,10,,,
"OverrideNamedEngramEntries=(EngramClassName=""EngramEntry_Ladder_Thatch_CS_C"",EngramLevelRequirement=0,EngramPointsCost=0,EngramHidden=False,RemoveEngramPreReq=True)",x,4,3,,,CS ladder lol
"OverrideNamedEngramEntries=(EngramClassName=""EngramEntry_MetalLadder_CS_C"",EngramLevelRequirement=0,EngramPointsCost=0,EngramHidden=False,RemoveEngramPreReq=True)",x,48,21,,,CS ladder lol
"OverrideNamedEngramEntries=(EngramClassName=""EngramEntry_PodGun_CS_C"",EngramLevelRequirement=0,EngramPointsCost=0,EngramHidden=False,RemoveEngramPreReq=True)",X,,,,,
"OverrideNamedEngramEntries=(EngramClassName=""EngramEntry_RopeLadder_CS_C"",EngramLevelRequirement=0,EngramPointsCost=0,EngramHidden=False,RemoveEngramPreReq=True)",x,16,5,,,CS ladder lol
"OverrideNamedEngramEntries=(EngramClassName=""EngramEntry_StoneLadder_CS_C"",EngramLevelRequirement=0,EngramPointsCost=0,EngramHidden=False,RemoveEngramPreReq=True)",,24,6,,,
"OverrideNamedEngramEntries=(EngramClassName=""EngramEntry_TameGrinder_CS_C"",EngramLevelRequirement=0,EngramPointsCost=0,EngramHidden=False,RemoveEngramPreReq=True)",X,,,,,
"OverrideNamedEngramEntries=(EngramClassName=""EngramEntry_TekCeiling_CS_C"",EngramLevelRequirement=0,EngramPointsCost=0,EngramHidden=False,RemoveEngramPreReq=True)",?,,,,,
"OverrideNamedEngramEntries=(EngramClassName=""EngramEntry_TekCropPlot_CS_C"",EngramLevelRequirement=0,EngramPointsCost=0,EngramHidden=False,RemoveEngramPreReq=True)",?,104,32,,,
"OverrideNamedEngramEntries=(EngramClassName=""EngramEntry_TekForcefield_CS_C"",EngramLevelRequirement=0,EngramPointsCost=0,EngramHidden=False,RemoveEngramPreReq=True)",?,,,,,
"OverrideNamedEngramEntries=(EngramClassName=""EngramEntry_TekGenerator_CS_C"",EngramLevelRequirement=0,EngramPointsCost=0,EngramHidden=False,RemoveEngramPreReq=True)",?,,,,,
"OverrideNamedEngramEntries=(EngramClassName=""EngramEntry_TekLadder_CS_C"",EngramLevelRequirement=0,EngramPointsCost=0,EngramHidden=False,RemoveEngramPreReq=True)",x,,,,,CS ladder lol
"OverrideNamedEngramEntries=(EngramClassName=""EngramEntry_TekLight_CS_C"",EngramLevelRequirement=0,EngramPointsCost=0,EngramHidden=False,RemoveEngramPreReq=True)",?,,,,,
"OverrideNamedEngramEntries=(EngramClassName=""EngramEntry_TekReplicator_CS_C"",EngramLevelRequirement=0,EngramPointsCost=0,EngramHidden=False,RemoveEngramPreReq=True)",?,,,,,
"OverrideNamedEngramEntries=(EngramClassName=""EngramEntry_TekTransmitter_CS_C"",EngramLevelRequirement=0,EngramPointsCost=0,EngramHidden=False,RemoveEngramPreReq=True)",?,,,,,
"OverrideNamedEngramEntries=(EngramClassName=""EngramEntry_TekTrough_CS_C"",EngramLevelRequirement=0,EngramPointsCost=0,EngramHidden=False,RemoveEngramPreReq=True)",?,,,,,
"OverrideNamedEngramEntries=(EngramClassName=""EngramEntry_TribeTower_CS_C"",EngramLevelRequirement=0,EngramPointsCost=0,EngramHidden=False,RemoveEngramPreReq=True)",,42,60,,,
"OverrideNamedEngramEntries=(EngramClassName=""EngramEntry_TriCeiling_Tek_CS_C"",EngramLevelRequirement=0,EngramPointsCost=0,EngramHidden=False,RemoveEngramPreReq=True)",?,,,,,
"OverrideNamedEngramEntries=(EngramClassName=""EngramEntry_TriCeiling_Thatch_CS_C"",EngramLevelRequirement=0,EngramPointsCost=0,EngramHidden=False,RemoveEngramPreReq=True)",,3,4,,,
"OverrideNamedEngramEntries=(EngramClassName=""EngramEntry_TurretTek_CS_C"",EngramLevelRequirement=0,EngramPointsCost=0,EngramHidden=False,RemoveEngramPreReq=True)",?,,,,,
"OverrideNamedEngramEntries=(EngramClassName=""EngramEntry_Wasteland_Lights_CS_C"",EngramLevelRequirement=48,EngramPointsCost=10,EngramHidden=False,RemoveEngramPreReq=True)",,48,10,,,
"OverrideNamedEngramEntries=(EngramClassName=""EngramEntry_WoodLadder_CS_C"",EngramLevelRequirement=0,EngramPointsCost=0,EngramHidden=False,RemoveEngramPreReq=True)",x,13,6,,,CS ladder lol
"OverrideNamedEngramEntries=(EngramClassName=""EngramEntry_Castle_Craft_Tables_AL_C"",EngramLevelRequirement=0,EngramPointsCost=0,EngramHidden=False,RemoveEngramPreReq=True)",E,150,,,,
"OverrideNamedEngramEntries=(EngramClassName=""EngramEntry_Skeletons_AL_C"",EngramLevelRequirement=0,EngramPointsCost=0,EngramHidden=False,RemoveEngramPreReq=True)",X,,,,,
"OverrideNamedEngramEntries=(EngramClassName=""EngramEntry_Decoritems_Castle_Craft_Rugs_AL_C"",EngramLevelRequirement=0,EngramPointsCost=0,EngramHidden=False,RemoveEngramPreReq=True)",E,150,,,,
"OverrideNamedEngramEntries=(EngramClassName=""EngramEntry_Beds_AL_C"",EngramLevelRequirement=0,EngramPointsCost=0,EngramHidden=False,RemoveEngramPreReq=True)",E,150,,,,
"OverrideNamedEngramEntries=(EngramClassName=""EngramEntry_Castle_Craft_Crafting_Table_AL_C"",EngramLevelRequirement=0,EngramPointsCost=0,EngramHidden=False,RemoveEngramPreReq=True)",E,150,,,,
"OverrideNamedEngramEntries=(EngramClassName=""EngramEntry_Benches_AL_C"",EngramLevelRequirement=0,EngramPointsCost=0,EngramHidden=False,RemoveEngramPreReq=True)",E,150,,,,
"OverrideNamedEngramEntries=(EngramClassName=""EngramEntry_Chairs_AL_C"",EngramLevelRequirement=0,EngramPointsCost=0,EngramHidden=False,RemoveEngramPreReq=True)",E,150,,,,
"OverrideNamedEngramEntries=(EngramClassName=""EngramEntry_Thrones_AL_C"",EngramLevelRequirement=0,EngramPointsCost=0,EngramHidden=False,RemoveEngramPreReq=True)",E,150,,,,
"OverrideNamedEngramEntries=(EngramClassName=""EngramEntry_Storage_Chests_AL_C"",EngramLevelRequirement=0,EngramPointsCost=0,EngramHidden=False,RemoveEngramPreReq=True)",E,150,,,,
"OverrideNamedEngramEntries=(EngramClassName=""EngramEntry_Castle_Craft_Wall_Mounted_AL_C"",EngramLevelRequirement=0,EngramPointsCost=0,EngramHidden=False,RemoveEngramPreReq=True)",E,150,,,,
"OverrideNamedEngramEntries=(EngramClassName=""EngramEntry_Storage_Furniture_AL_C"",EngramLevelRequirement=0,EngramPointsCost=0,EngramHidden=False,RemoveEngramPreReq=True)",E,150,,,,
"OverrideNamedEngramEntries=(EngramClassName=""EngramEntry_DisplayCase_AL_C"",EngramLevelRequirement=0,EngramPointsCost=0,EngramHidden=False,RemoveEngramPreReq=True)",E,150,,,,
"OverrideNamedEngramEntries=(EngramClassName=""EngramEntry_Books_AL_C"",EngramLevelRequirement=0,EngramPointsCost=0,EngramHidden=False,RemoveEngramPreReq=True)",E,150,,,,
"OverrideNamedEngramEntries=(EngramClassName=""EngramEntry_Castle_Craft_Bookshelf_AL_C"",EngramLevelRequirement=0,EngramPointsCost=0,EngramHidden=False,RemoveEngramPreReq=True)",E,150,,,,
"OverrideNamedEngramEntries=(EngramClassName=""EngramEntry_Torture_Devices_AL_C"",EngramLevelRequirement=0,EngramPointsCost=0,EngramHidden=False,RemoveEngramPreReq=True)",X,,,,,
"OverrideNamedEngramEntries=(EngramClassName=""EngramEntry_Castle_Craft_Wall_Shields_AL_C"",EngramLevelRequirement=0,EngramPointsCost=0,EngramHidden=False,RemoveEngramPreReq=True)",E,150,,,,
"OverrideNamedEngramEntries=(EngramClassName=""EngramEntry_Castle_Craft_Bottle_Racks_AL_C"",EngramLevelRequirement=0,EngramPointsCost=0,EngramHidden=False,RemoveEngramPreReq=True)",E,150,,,,
"OverrideNamedEngramEntries=(EngramClassName=""EngramEntry_Floor_Candle_Stick_Holder_AL_C"",EngramLevelRequirement=0,EngramPointsCost=0,EngramHidden=False,RemoveEngramPreReq=True)",E,150,,,,
"OverrideNamedEngramEntries=(EngramClassName=""EngramEntry_CC_WallTorch_C"",EngramLevelRequirement=0,EngramPointsCost=0,EngramHidden=False,RemoveEngramPreReq=True)",E,150,,,,
"OverrideNamedEngramEntries=(EngramClassName=""EngramEntry_Castle_Craft_Chandeliers_AL_C"",EngramLevelRequirement=0,EngramPointsCost=0,EngramHidden=False,RemoveEngramPreReq=True)",E,150,,,,
"OverrideNamedEngramEntries=(EngramClassName=""EngramEntry_Barrels_AL_C"",EngramLevelRequirement=0,EngramPointsCost=0,EngramHidden=False,RemoveEngramPreReq=True)",E,150,,,,
"OverrideNamedEngramEntries=(EngramClassName=""EngramEntry_BeerBarrel_AL_C"",EngramLevelRequirement=0,EngramPointsCost=0,EngramHidden=False,RemoveEngramPreReq=True)",E,150,,,,
"OverrideNamedEngramEntries=(EngramClassName=""EngramEntry_Castle_Craft_Ladders_Stairs_AL_C"",EngramLevelRequirement=0,EngramPointsCost=0,EngramHidden=False,RemoveEngramPreReq=True)",E,150,,,,
"OverrideNamedEngramEntries=(EngramClassName=""EngramEntry_Castle_Craft_Flags_Banners_AL_C"",EngramLevelRequirement=0,EngramPointsCost=0,EngramHidden=False,RemoveEngramPreReq=True)",E,150,,,,
"OverrideNamedEngramEntries=(EngramClassName=""EngramEntry_Castle_Craft_TrainingDummy_AL_C"",EngramLevelRequirement=0,EngramPointsCost=0,EngramHidden=False,RemoveEngramPreReq=True)",E,150,,,,
"OverrideNamedEngramEntries=(EngramClassName=""EngramEntry_Castle_Craft_Wall_Signs_AL_C"",EngramLevelRequirement=0,EngramPointsCost=0,EngramHidden=False,RemoveEngramPreReq=True)",E,150,,,,
"OverrideNamedEngramEntries=(EngramClassName=""EngramEntry_Tents_AL_C"",EngramLevelRequirement=0,EngramPointsCost=0,EngramHidden=False,RemoveEngramPreReq=True)",E,150,,,,
"OverrideNamedEngramEntries=(EngramClassName=""EngramEntry_Castle_Craft_Dungeon_Decor_AL_C"",EngramLevelRequirement=0,EngramPointsCost=0,EngramHidden=False,RemoveEngramPreReq=True)",E,150,,,,
"OverrideNamedEngramEntries=(EngramClassName=""EngramEntry_Castle_Craft_WeaponRacks_AL_C"",EngramLevelRequirement=0,EngramPointsCost=0,EngramHidden=False,RemoveEngramPreReq=True)",E,150,,,,
"OverrideNamedEngramEntries=(EngramClassName=""EngramEntry_Tableware_AL_C"",EngramLevelRequirement=0,EngramPointsCost=0,EngramHidden=False,RemoveEngramPreReq=True)",E,150,,,,
"OverrideNamedEngramEntries=(EngramClassName=""EngramEntry_Lamp_Post_AL_C"",EngramLevelRequirement=0,EngramPointsCost=0,EngramHidden=False,RemoveEngramPreReq=True)",E,150,,,,
"OverrideNamedEngramEntries=(EngramClassName=""EngramEntry_Miscellaneous_Items_AL_C"",EngramLevelRequirement=0,EngramPointsCost=0,EngramHidden=False,RemoveEngramPreReq=True)",E,150,,,,
"OverrideNamedEngramEntries=(EngramClassName=""EngramEntry_Blacksmith_Decor_AL_C"",EngramLevelRequirement=0,EngramPointsCost=0,EngramHidden=False,RemoveEngramPreReq=True)",E,150,,,,
"OverrideNamedEngramEntries=(EngramClassName=""EngramEntry_Harp_C"",EngramLevelRequirement=0,EngramPointsCost=0,EngramHidden=False,RemoveEngramPreReq=True)",E,150,,,,
"OverrideNamedEngramEntries=(EngramClassName=""EngramEntry_SheetMusic_C"",EngramLevelRequirement=0,EngramPointsCost=0,EngramHidden=False,RemoveEngramPreReq=True)",E,150,,,,
"OverrideNamedEngramEntries=(EngramClassName=""EngramEntry_Castle_Craft_Building_Detail_AL_C"",EngramLevelRequirement=0,EngramPointsCost=0,EngramHidden=False,RemoveEngramPreReq=True)",E,150,,,,
"OverrideNamedEngramEntries=(EngramClassName=""EngramEntry_Castle_Craft_Fireplace_AL_C"",EngramLevelRequirement=0,EngramPointsCost=0,EngramHidden=False,RemoveEngramPreReq=True)",E,150,,,,
"OverrideNamedEngramEntries=(EngramClassName=""EngramEntry_ReusableBola_C"",EngramLevelRequirement=9,EngramPointsCost=8,EngramHidden=false,RemoveEngramPreReq=true)",,,,,,
"OverrideNamedEngramEntries=(EngramClassName=""EngramEntry_ReusableFlareLauncher_C"",EngramLevelRequirement=15,EngramPointsCost=6,EngramHidden=false,RemoveEngramPreReq=true)",,,,,,
"OverrideNamedEngramEntries=(EngramClassName=""Engram_HookPlus_C"",EngramLevelRequirement=47=false,EngramPointsCost=40,EngramHidden=false,RemoveEngramPreReq=true)",,,,,,
"OverrideNamedEngramEntries=(EngramClassName=""EngramEntry_ReusableLasso_C"",EngramLevelRequirement=0,EngramPointsCost=0,EngramHidden=false,RemoveEngramPreReq=true)",,,,,,
"OverrideNamedEngramEntries=(EngramClassName=""EngramEntry_ReusableParachute_C"",EngramLevelRequirement=22,EngramPointsCost=6,EngramHidden=false,RemoveEngramPreReq=true)",,,,,,
"OverrideNamedEngramEntries=(EngramClassName=""EngramEntry_WeaponReinWhip_C"",EngramLevelRequirement=20,EngramPointsCost=6,EngramHidden=false,RemoveEngramPreReq=true)",,,,,,
"OverrideNamedEngramEntries=(EngramClassName=""EngramEntry_ReusableSpear_C"",EngramLevelRequirement=3,EngramPointsCost=3,EngramHidden=false,RemoveEngramPreReq=true)",,,,,,
"OverrideNamedEngramEntries=(EngramClassName=""EngramEntry_VP_PlantTool_C"",EngramLevelRequirement=0,EngramPointsCost=0,EngramHidden=False,RemoveEngramPreReq=True)",E,150,,,11,0
"OverrideNamedEngramEntries=(EngramClassName=""EngramEntry_VP_PlanterBeach_C"",EngramLevelRequirement=0,EngramPointsCost=0,EngramHidden=False,RemoveEngramPreReq=True)",E,150,,,11,0
"OverrideNamedEngramEntries=(EngramClassName=""EngramEntry_VP_PlanterCrops_C"",EngramLevelRequirement=0,EngramPointsCost=0,EngramHidden=False,RemoveEngramPreReq=True)",E,150,,,11,0
"OverrideNamedEngramEntries=(EngramClassName=""EngramEntry_VP_PlanterCrystal_C"",EngramLevelRequirement=0,EngramPointsCost=0,EngramHidden=False,RemoveEngramPreReq=True)",E,150,,,56,0
"OverrideNamedEngramEntries=(EngramClassName=""EngramEntry_VP_PlanterJungle_C"",EngramLevelRequirement=0,EngramPointsCost=0,EngramHidden=False,RemoveEngramPreReq=True)",E,150,,,37,0
"OverrideNamedEngramEntries=(EngramClassName=""EngramEntry_VP_PlanterMountain_C"",EngramLevelRequirement=0,EngramPointsCost=0,EngramHidden=False,RemoveEngramPreReq=True)",E,150,,,15,0
"OverrideNamedEngramEntries=(EngramClassName=""EngramEntry_VP_PlanterMushroom_C"",EngramLevelRequirement=0,EngramPointsCost=0,EngramHidden=False,RemoveEngramPreReq=True)",E,150,,,56,0
"OverrideNamedEngramEntries=(EngramClassName=""EngramEntry_VP_PlanterOcean_C"",EngramLevelRequirement=0,EngramPointsCost=0,EngramHidden=False,RemoveEngramPreReq=True)",E,150,,,81,0
"OverrideNamedEngramEntries=(EngramClassName=""EngramEntry_VP_PlanterRedwood_C"",EngramLevelRequirement=0,EngramPointsCost=0,EngramHidden=False,RemoveEngramPreReq=True)",E,150,,,33,0
"OverrideNamedEngramEntries=(EngramClassName=""EngramEntry_VP_PlanterRock_C"",EngramLevelRequirement=0,EngramPointsCost=0,EngramHidden=False,RemoveEngramPreReq=True)",E,150,,,15,0
"OverrideNamedEngramEntries=(EngramClassName=""EngramEntry_VP_PlanterShared_C"",EngramLevelRequirement=0,EngramPointsCost=0,EngramHidden=False,RemoveEngramPreReq=True)",E,150,,,11,0
"OverrideNamedEngramEntries=(EngramClassName=""EngramEntry_VP_PlanterSnow_C"",EngramLevelRequirement=0,EngramPointsCost=0,EngramHidden=False,RemoveEngramPreReq=True)",E,150,,,23,0
"OverrideNamedEngramEntries=(EngramClassName=""EngramEntry_VP_PlanterSwamp_C"",EngramLevelRequirement=0,EngramPointsCost=0,EngramHidden=False,RemoveEngramPreReq=True)",E,150,,,33,0
"OverrideNamedEngramEntries=(EngramClassName=""EngramEntry_VP_PlanterVines_C"",EngramLevelRequirement=0,EngramPointsCost=0,EngramHidden=False,RemoveEngramPreReq=True)",E,150,,,33,0
"OverrideNamedEngramEntries=(EngramClassName=""EngramEntry_VPSE_PlanterBadlands_C"",EngramLevelRequirement=0,EngramPointsCost=0,EngramHidden=False,RemoveEngramPreReq=True)",E,150,,,56,0
"OverrideNamedEngramEntries=(EngramClassName=""EngramEntry_VPSE_PlanterDesert_C"",EngramLevelRequirement=0,EngramPointsCost=0,EngramHidden=False,RemoveEngramPreReq=True)",E,150,,,37,0
"OverrideNamedEngramEntries=(EngramClassName=""EngramEntry_VPSE_PlanterMisc_C"",EngramLevelRequirement=0,EngramPointsCost=0,EngramHidden=False,RemoveEngramPreReq=True)",E,150,,,23,0
"OverrideNamedEngramEntries=(EngramClassName=""EngramEntry_VPSE_PlanterMountain_C"",EngramLevelRequirement=0,EngramPointsCost=0,EngramHidden=False,RemoveEngramPreReq=True)",E,150,,,15,0
"OverrideNamedEngramEntries=(EngramClassName=""EngramEntry_VPSE_PlanterOasis_C"",EngramLevelRequirement=0,EngramPointsCost=0,EngramHidden=False,RemoveEngramPreReq=True)",E,150,,,11,0
"OverrideNamedEngramEntries=(EngramClassName=""EngramEntry_AwesomeTeleporters_Teleporter_C"",EngramLevelRequirement=0,EngramPointsCost=0,EngramHidden=False,RemoveEngramPreReq=True)",,48,20,,Awesome Teleporters,
"OverrideNamedEngramEntries=(EngramClassName=""EngramEntry_AwesomeTeleporters_Remote_C"",EngramLevelRequirement=0,EngramPointsCost=0,EngramHidden=False,RemoveEngramPreReq=True)",,48,20,,,
"OverrideNamedEngramEntries=(EngramClassName=""EngramEntry_CraftingSkillPotion_C"",EngramLevelRequirement=0,EngramPointsCost=0,EngramHidden=False,RemoveEngramPreReq=True)",,25,,,Crafting Skill Potion,
"OverrideNamedEngramEntries=(EngramClassName=""EngramDinoball_C"",EngramLevelRequirement=0,EngramPointsCost=0,EngramHidden=False,RemoveEngramPreReq=True)",,1,,,DIno Depot,
"OverrideNamedEngramEntries=(EngramClassName=""EngramDinoballStack_C"",EngramLevelRequirement=0,EngramPointsCost=0,EngramHidden=False,RemoveEngramPreReq=True)",,1,,,,
"OverrideNamedEngramEntries=(EngramClassName=""EngramDigitizerRifle_C"",EngramLevelRequirement=0,EngramPointsCost=0,EngramHidden=False,RemoveEngramPreReq=True)",,1,,,,
"OverrideNamedEngramEntries=(EngramClassName=""EngramDepotTerminal_C"",EngramLevelRequirement=0,EngramPointsCost=0,EngramHidden=False,RemoveEngramPreReq=True)",,1,,,,
"OverrideNamedEngramEntries=(EngramClassName=""EngramDinoballStorageBox_C"",EngramLevelRequirement=0,EngramPointsCost=0,EngramHidden=False,RemoveEngramPreReq=True)",,1,,,,
"OverrideNamedEngramEntries=(EngramClassName=""EngramEntryDinoballDisplayCase_C"",EngramLevelRequirement=0,EngramPointsCost=0,EngramHidden=False,RemoveEngramPreReq=True)",,1,,,,
"OverrideNamedEngramEntries=(EngramClassName=""EngramDepotGeneStorage_C"",EngramLevelRequirement=0,EngramPointsCost=0,EngramHidden=False,RemoveEngramPreReq=True)",,1,,,,
"OverrideNamedEngramEntries=(EngramClassName=""EngramDepotPad_C"",EngramLevelRequirement=0,EngramPointsCost=0,EngramHidden=False,RemoveEngramPreReq=True)",,1,,,,
"OverrideNamedEngramEntries=(EngramClassName=""EngramEntry_Fishbasket_Advanced_C"",EngramLevelRequirement=0,EngramPointsCost=0,EngramHidden=False,RemoveEngramPreReq=True)",,42,,,Extra Fishing QOL,
"OverrideNamedEngramEntries=(EngramClassName=""EngramEntry_FishingLure_C"",EngramLevelRequirement=0,EngramPointsCost=0,EngramHidden=False,RemoveEngramPreReq=True)",,36,,,,
"OverrideNamedEngramEntries=(EngramClassName=""EngramEntry_FishingNetLiveCapture_C"",EngramLevelRequirement=0,EngramPointsCost=0,EngramHidden=False,RemoveEngramPreReq=True)",,6,,,,
"OverrideNamedEngramEntries=(EngramClassName=""EngramEntry_FishingNetLiveCapture_Advanced_C"",EngramLevelRequirement=0,EngramPointsCost=0,EngramHidden=False,RemoveEngramPreReq=True)",,42,,,,
"OverrideNamedEngramEntries=(EngramClassName=""EngramEntry_HandFishingNet_C"",EngramLevelRequirement=0,EngramPointsCost=0,EngramHidden=False,RemoveEngramPreReq=True)",,13,,,,
"OverrideNamedEngramEntries=(EngramClassName=""EngramEntry_DinoFinder_C"",EngramLevelRequirement=0,EngramPointsCost=0,EngramHidden=False,RemoveEngramPreReq=True)",,,,,FQ Dino Finder,
"OverrideNamedEngramEntries=(EngramClassName=""EngramEntry_GaiaBaseGuardian_C"",EngramLevelRequirement=0,EngramPointsCost=0,EngramHidden=False,RemoveEngramPreReq=True)",,10,,,Gaia Base Guardian,
"OverrideNamedEngramEntries=(EngramClassName=""EngramEntry_MMH_StylistTable_C"",EngramLevelRequirement=0,EngramPointsCost=0,EngramHidden=False,RemoveEngramPreReq=True)",,2,,,Marnii Haristyles,
"OverrideNamedEngramEntries=(EngramClassName=""EngramEntry_SuperSpyglassPlus_C"",EngramLevelRequirement=0,EngramPointsCost=0,EngramHidden=False,RemoveEngramPreReq=True)",,25,5,could be the wrong one,Super Spyglass Plus,
"OverrideNamedEngramEntries=(EngramClassName=""EngramEntry_UpgradeStation_C"",EngramLevelRequirement=0,EngramPointsCost=0,EngramHidden=False,RemoveEngramPreReq=True)",,12,10,,Upgrade Station,
"OverrideNamedEngramEntries=(EngramClassName=""EngramEntry_AugmentStation_C"",EngramLevelRequirement=0,EngramPointsCost=0,EngramHidden=False,RemoveEngramPreReq=True)",,12,5,,,
"OverrideNamedEngramEntries=(EngramClassName=""EngramEntry_SalvageStation_C"",EngramLevelRequirement=0,EngramPointsCost=0,EngramHidden=False,RemoveEngramPreReq=True)",,12,10,,,
"OverrideNamedEngramEntries=(EngramClassName=""EngramEntry_BlueprintStation_C"",EngramLevelRequirement=0,EngramPointsCost=0,EngramHidden=False,RemoveEngramPreReq=True)",,12,5,,,
"OverrideNamedEngramEntries=(EngramClassName=""EngramEntry_EngramWorkbench_C"",EngramLevelRequirement=0,EngramPointsCost=0,EngramHidden=False,RemoveEngramPreReq=True)",,1,0,,Engrams Return,
,,,,,,
,,,,,,
,,,,,,
,,,,,,
,,,,,,
"OverrideNamedEngramEntries=(EngramClassName=""EngramEntry_Saddle_Postosuchus_C"",EngramLevelRequirement=0,EngramPointsCost=0,EngramHidden=False,RemoveEngramPreReq=True)",,39,19,Prehistoric Beasts,,
"OverrideNamedEngramEntries=(EngramClassName=""EngramEntry_Saddle_Neovenator_C"",EngramLevelRequirement=0,EngramPointsCost=0,EngramHidden=False,RemoveEngramPreReq=True)",,74,40,,,
"OverrideNamedEngramEntries=(EngramClassName=""EngramEntry_TekSaddle_Neovenator_C"",EngramLevelRequirement=0,EngramPointsCost=0,EngramHidden=False,RemoveEngramPreReq=True)",,,,,,
"OverrideNamedEngramEntries=(EngramClassName=""EngramEntry_CoagulatedKibble_C"",EngramLevelRequirement=0,EngramPointsCost=0,EngramHidden=False,RemoveEngramPreReq=True)",,74,,,,
"OverrideNamedEngramEntries=(EngramClassName=""EngramEntry_Saddle_Nasutoceratops_C"",EngramLevelRequirement=0,EngramPointsCost=0,EngramHidden=False,RemoveEngramPreReq=True)",,32,25,,,
"OverrideNamedEngramEntries=(EngramClassName=""EngramEntry_Saddle_Nasutoceratops_Tek_C"",EngramLevelRequirement=0,EngramPointsCost=0,EngramHidden=False,RemoveEngramPreReq=True)",,,,,,
"OverrideNamedEngramEntries=(EngramClassName=""EngramEntry_Saddle_Yang_C"",EngramLevelRequirement=0,EngramPointsCost=0,EngramHidden=False,RemoveEngramPreReq=True)",,74,40,,,
"OverrideNamedEngramEntries=(EngramClassName=""EngramEntry_Saddle_Tsintaosaurus_C"",EngramLevelRequirement=0,EngramPointsCost=0,EngramHidden=False,RemoveEngramPreReq=True)",,3,3,,,
"OverrideNamedEngramEntries=(EngramClassName=""EngramEntry_BagNeimongosaurus_C"",EngramLevelRequirement=0,EngramPointsCost=0,EngramHidden=False,RemoveEngramPreReq=True)",,18,6,,,
"OverrideNamedEngramEntries=(EngramClassName=""EngramEntry_Saddle_Ino_C"",EngramLevelRequirement=0,EngramPointsCost=0,EngramHidden=False,RemoveEngramPreReq=True)",,45,15,,,
"OverrideNamedEngramEntries=(EngramClassName=""EngramEntry_Saddle_Pyroraptor_C"",EngramLevelRequirement=0,EngramPointsCost=0,EngramHidden=False,RemoveEngramPreReq=True)",,25,10,,,
"OverrideNamedEngramEntries=(EngramClassName=""EngramEntry_Saddle_Dearc_C"",EngramLevelRequirement=0,EngramPointsCost=0,EngramHidden=False,RemoveEngramPreReq=True)",,45,21,,,
"OverrideNamedEngramEntries=(EngramClassName=""EngramEntry_WoodenFlute_C"",EngramLevelRequirement=0,EngramPointsCost=0,EngramHidden=False,RemoveEngramPreReq=True)",,40,18,,,
"OverrideNamedEngramEntries=(EngramClassName=""EngramEntry_Saddle_Siamosaurus_C"",EngramLevelRequirement=0,EngramPointsCost=0,EngramHidden=False,RemoveEngramPreReq=True)",,60,30,,,
"OverrideNamedEngramEntries=(EngramClassName=""EngramEntry_TastyTreat_C"",EngramLevelRequirement=0,EngramPointsCost=0,EngramHidden=False,RemoveEngramPreReq=True)",,45,,,,
"OverrideNamedEngramEntries=(EngramClassName=""EngramEntry_Saddle_Mapu_C"",EngramLevelRequirement=0,EngramPointsCost=0,EngramHidden=False,RemoveEngramPreReq=True)",,78,42,Prehistoric Beasts 2,,
"OverrideNamedEngramEntries=(EngramClassName=""EngramEntry_Saddle_Genyodectes_C"",EngramLevelRequirement=0,EngramPointsCost=0,EngramHidden=False,RemoveEngramPreReq=True)",,52,34,,,
"OverrideNamedEngramEntries=(EngramClassName=""EngramEntry_Saddle_GenyodectesHelmet_C"",EngramLevelRequirement=0,EngramPointsCost=0,EngramHidden=False,RemoveEngramPreReq=True)",,71,35,,,
"OverrideNamedEngramEntries=(EngramClassName=""EngramEntry_GenyTeddyBear_C"",EngramLevelRequirement=0,EngramPointsCost=0,EngramHidden=False,RemoveEngramPreReq=True)",,71,35,,,
"OverrideNamedEngramEntries=(EngramClassName=""EngramEntry_Saddle_Zuniceratops_C"",EngramLevelRequirement=0,EngramPointsCost=0,EngramHidden=False,RemoveEngramPreReq=True)",,21,20,,,
"OverrideNamedEngramEntries=(EngramClassName=""EngramEntry_Saddle_Zuniceratops_Advanced_C"",EngramLevelRequirement=0,EngramPointsCost=0,EngramHidden=False,RemoveEngramPreReq=True)",,64,35,,,
"OverrideNamedEngramEntries=(EngramClassName=""EngramEntry_Saddle_Zuniceratops_Tek_C"",EngramLevelRequirement=0,EngramPointsCost=0,EngramHidden=False,RemoveEngramPreReq=True)",,,,,,
"OverrideNamedEngramEntries=(EngramClassName=""EngramEntry_SaddleOuranosaurus_C"",EngramLevelRequirement=0,EngramPointsCost=0,EngramHidden=False,RemoveEngramPreReq=True)",,43,30,,,
"OverrideNamedEngramEntries=(EngramClassName=""EngramEntry_SaddleOuranosaurus_Egg_C"",EngramLevelRequirement=0,EngramPointsCost=0,EngramHidden=False,RemoveEngramPreReq=True)",,45,30,,,
"OverrideNamedEngramEntries=(EngramClassName=""EngramEntry_WinterSquash_Roasted_C"",EngramLevelRequirement=0,EngramPointsCost=0,EngramHidden=False,RemoveEngramPreReq=True)",,23,,,,
"OverrideNamedEngramEntries=(EngramClassName=""EngramEntry_Saddle_Baculites_C"",EngramLevelRequirement=0,EngramPointsCost=0,EngramHidden=False,RemoveEngramPreReq=True)",,30,18,,,
"OverrideNamedEngramEntries=(EngramClassName=""EngramEntry_Saddle_Duck_C"",EngramLevelRequirement=0,EngramPointsCost=0,EngramHidden=False,RemoveEngramPreReq=True)",,50,26,,,
"OverrideNamedEngramEntries=(EngramClassName=""EngramEntry_Saddle_Orn_C"",EngramLevelRequirement=0,EngramPointsCost=0,EngramHidden=False,RemoveEngramPreReq=True)",,60,25,,,
"OverrideNamedEngramEntries=(EngramClassName=""EngramEntry_Saddle_Advanced_Orn_C"",EngramLevelRequirement=0,EngramPointsCost=0,EngramHidden=False,RemoveEngramPreReq=True)",,78,40,,,
"OverrideNamedEngramEntries=(EngramClassName=""EngramEntry_Saddle_Jiangjunosaurus_C"",EngramLevelRequirement=0,EngramPointsCost=0,EngramHidden=False,RemoveEngramPreReq=True)",,75,37,,,
"OverrideNamedEngramEntries=(EngramClassName=""EngramEntry_Meatloaf_C"",EngramLevelRequirement=0,EngramPointsCost=0,EngramHidden=False,RemoveEngramPreReq=True)",,25,,,,
"OverrideNamedEngramEntries=(EngramClassName=""EngramEntry_Saddle_Anzu_Tek_C"",EngramLevelRequirement=0,EngramPointsCost=0,EngramHidden=False,RemoveEngramPreReq=True)",,,,,,
"OverrideNamedEngramEntries=(EngramClassName=""EngramEntry_Saddle_Axel_C"",EngramLevelRequirement=0,EngramPointsCost=0,EngramHidden=False,RemoveEngramPreReq=True)",,16,10,Prehistoric Beasts 3,,
"OverrideNamedEngramEntries=(EngramClassName=""EngramEntry_FishCakes_C"",EngramLevelRequirement=0,EngramPointsCost=0,EngramHidden=False,RemoveEngramPreReq=True)",,44,,,,
"OverrideNamedEngramEntries=(EngramClassName=""EngramEntry_Saddle_Haino_C"",EngramLevelRequirement=0,EngramPointsCost=0,EngramHidden=False,RemoveEngramPreReq=True)",,75,60,,,
"OverrideNamedEngramEntries=(EngramClassName=""EngramEntry_Saddle_Pinacosaurus_C"",EngramLevelRequirement=0,EngramPointsCost=0,EngramHidden=False,RemoveEngramPreReq=True)",,40,26,,,
"OverrideNamedEngramEntries=(EngramClassName=""EngramEntry_Saddle_Koola_C"",EngramLevelRequirement=0,EngramPointsCost=0,EngramHidden=False,RemoveEngramPreReq=True)",,55,23,,,
"OverrideNamedEngramEntries=(EngramClassName=""EngramEntry_Saddle_KoolaArmored_C"",EngramLevelRequirement=0,EngramPointsCost=0,EngramHidden=False,RemoveEngramPreReq=True)",,65,27,,,
"OverrideNamedEngramEntries=(EngramClassName=""EngramEntry_Saddle_Salty_C"",EngramLevelRequirement=0,EngramPointsCost=0,EngramHidden=False,RemoveEngramPreReq=True)",,44,24,,,
"OverrideNamedEngramEntries=(EngramClassName=""EngramEntry_Saddle_Doli_C"",EngramLevelRequirement=0,EngramPointsCost=0,EngramHidden=False,RemoveEngramPreReq=True)",,27,13,,,
"OverrideNamedEngramEntries=(EngramClassName=""EngramEntry_Saddle_Doli_Jaw_C"",EngramLevelRequirement=0,EngramPointsCost=0,EngramHidden=False,RemoveEngramPreReq=True)",,32,18,,,
"OverrideNamedEngramEntries=(EngramClassName=""EngramEntry_Saddle_Lythronax_C"",EngramLevelRequirement=0,EngramPointsCost=0,EngramHidden=False,RemoveEngramPreReq=True)",,71,36,,,
"OverrideNamedEngramEntries=(EngramClassName=""EngramEntry_Saddle_LythronaxTek_C"",EngramLevelRequirement=0,EngramPointsCost=0,EngramHidden=False,RemoveEngramPreReq=True)",,,,,,
"OverrideNamedEngramEntries=(EngramClassName=""EngramEntry_Saddle_Prionosuchus_C"",EngramLevelRequirement=0,EngramPointsCost=0,EngramHidden=False,RemoveEngramPreReq=True)",,60,24,,,
"OverrideNamedEngramEntries=(EngramClassName=""EngramEntry_TemTreat_C"",EngramLevelRequirement=0,EngramPointsCost=0,EngramHidden=False,RemoveEngramPreReq=True)",,60,,,,
"OverrideNamedEngramEntries=(EngramClassName=""EngramEntry_Saddle_Cryo_C"",EngramLevelRequirement=0,EngramPointsCost=0,EngramHidden=False,RemoveEngramPreReq=True)",,82,36,,,
"OverrideNamedEngramEntries=(EngramClassName=""EngramEntry_BerryJam_C"",EngramLevelRequirement=0,EngramPointsCost=0,EngramHidden=False,RemoveEngramPreReq=True)",,4,,Prehistoric Beasts 4,,
"OverrideNamedEngramEntries=(EngramClassName=""EngramEntry_Saddle_Liraionosaurus_C"",EngramLevelRequirement=0,EngramPointsCost=0,EngramHidden=False,RemoveEngramPreReq=True)",,15,6,,,
"OverrideNamedEngramEntries=(EngramClassName=""EngramEntry_SpiritOfTheArk_C"",EngramLevelRequirement=0,EngramPointsCost=0,EngramHidden=False,RemoveEngramPreReq=True)",,45,5,,,
"OverrideNamedEngramEntries=(EngramClassName=""EngramEntry_DilongCollar_C"",EngramLevelRequirement=0,EngramPointsCost=0,EngramHidden=False,RemoveEngramPreReq=True)",,27,5,,,
"OverrideNamedEngramEntries=(EngramClassName=""EngramEntry_Saddle_Massospondylus_C"",EngramLevelRequirement=0,EngramPointsCost=0,EngramHidden=False,RemoveEngramPreReq=True)",,40,18,,,
"OverrideNamedEngramEntries=(EngramClassName=""EngramEntry_SweetMelon_Fermented_C"",EngramLevelRequirement=0,EngramPointsCost=0,EngramHidden=False,RemoveEngramPreReq=True)",,40,,,,
"OverrideNamedEngramEntries=(EngramClassName=""EngramEntry_Saddle_Dracovenator_C"",EngramLevelRequirement=0,EngramPointsCost=0,EngramHidden=False,RemoveEngramPreReq=True)",,64,30,,,
"OverrideNamedEngramEntries=(EngramClassName=""EngramEntry_Saddle_Kelenken_C"",EngramLevelRequirement=0,EngramPointsCost=0,EngramHidden=False,RemoveEngramPreReq=True)",,65,28,,,
"OverrideNamedEngramEntries=(EngramClassName=""EngramEntry_Greeves_Kelenken_C"",EngramLevelRequirement=0,EngramPointsCost=0,EngramHidden=False,RemoveEngramPreReq=True)",,40,16,,,
"OverrideNamedEngramEntries=(EngramClassName=""EngramEntry_Saddle_Venenosaurus_C"",EngramLevelRequirement=0,EngramPointsCost=0,EngramHidden=False,RemoveEngramPreReq=True)",,40,17,,,
"OverrideNamedEngramEntries=(EngramClassName=""EngramEntry_Saddle_Hyneria_C"",EngramLevelRequirement=0,EngramPointsCost=0,EngramHidden=False,RemoveEngramPreReq=True)",,72,40,,,
"OverrideNamedEngramEntries=(EngramClassName=""EngramEntry_SeaKingKibble_C"",EngramLevelRequirement=0,EngramPointsCost=0,EngramHidden=False,RemoveEngramPreReq=True)",,72,,,,
"OverrideNamedEngramEntries=(EngramClassName=""EngramEntry_Saddle_Thresher_C"",EngramLevelRequirement=0,EngramPointsCost=0,EngramHidden=False,RemoveEngramPreReq=True)",,42,16,,,
"OverrideNamedEngramEntries=(EngramClassName=""EngramEntry_Saddle_Eotrike_C"",EngramLevelRequirement=0,EngramPointsCost=0,EngramHidden=False,RemoveEngramPreReq=True)",,74,38,Prehistoric Beasts 5,,
"OverrideNamedEngramEntries=(EngramClassName=""EngramEntry_Saddle_Eotrike_Advanced_C"",EngramLevelRequirement=0,EngramPointsCost=0,EngramHidden=False,RemoveEngramPreReq=True)",,95,47,,,
"OverrideNamedEngramEntries=(EngramClassName=""EngramEntry_Saddle_HaastEagle_C"",EngramLevelRequirement=0,EngramPointsCost=0,EngramHidden=False,RemoveEngramPreReq=True)",,51,24,,,
"OverrideNamedEngramEntries=(EngramClassName=""EngramEntry_Saddle_Gandakasia_C"",EngramLevelRequirement=0,EngramPointsCost=0,EngramHidden=False,RemoveEngramPreReq=True)",,22,15,,,
"OverrideNamedEngramEntries=(EngramClassName=""EngramEntry_Saddle_Angulomastacator_C"",EngramLevelRequirement=0,EngramPointsCost=0,EngramHidden=False,RemoveEngramPreReq=True)",,70,23,,,
"OverrideNamedEngramEntries=(EngramClassName=""EngramEntry_Saddle_Puru_C"",EngramLevelRequirement=0,EngramPointsCost=0,EngramHidden=False,RemoveEngramPreReq=True)",,74,40,,,
"OverrideNamedEngramEntries=(EngramClassName=""EngramEntry_Saddle_Edmonto_C"",EngramLevelRequirement=0,EngramPointsCost=0,EngramHidden=False,RemoveEngramPreReq=True)",,72,37,,,
"OverrideNamedEngramEntries=(EngramClassName=""EngramEntry_Saddle_Edmonto_Transport_C"",EngramLevelRequirement=0,EngramPointsCost=0,EngramHidden=False,RemoveEngramPreReq=True)",,90,48,,,
"OverrideNamedEngramEntries=(EngramClassName=""EngramEntry_Helmet_Edmonto_C"",EngramLevelRequirement=0,EngramPointsCost=0,EngramHidden=False,RemoveEngramPreReq=True)",,85,42,,,
"OverrideNamedEngramEntries=(EngramClassName=""EngramEntry_Saddle_Gomphotherium_C"",EngramLevelRequirement=0,EngramPointsCost=0,EngramHidden=False,RemoveEngramPreReq=True)",,43,30,,,
"OverrideNamedEngramEntries=(EngramClassName=""EngramEntry_Saddle_GomphotheriumArmor_C"",EngramLevelRequirement=0,EngramPointsCost=0,EngramHidden=False,RemoveEngramPreReq=True)",,55,32,,,
"OverrideNamedEngramEntries=(EngramClassName=""EngramEntry_Saddle_GompMedKit_C"",EngramLevelRequirement=0,EngramPointsCost=0,EngramHidden=False,RemoveEngramPreReq=True)",,43,5,,,
"OverrideNamedEngramEntries=(EngramClassName=""EngramEntry_Saddle_GompPacks_C"",EngramLevelRequirement=0,EngramPointsCost=0,EngramHidden=False,RemoveEngramPreReq=True)",,43,5,,,
"OverrideNamedEngramEntries=(EngramClassName=""EngramEntry_ChallengePaul_C"",EngramLevelRequirement=0,EngramPointsCost=0,EngramHidden=False,RemoveEngramPreReq=True)",,95,0,Additional Creatures 2: Wild Ark,,
"OverrideNamedEngramEntries=(EngramClassName=""EngramEntry_CropBlend_C"",EngramLevelRequirement=0,EngramPointsCost=0,EngramHidden=False,RemoveEngramPreReq=True)",,45,0,,,
"OverrideNamedEngramEntries=(EngramClassName=""EngramEntry_HoneBerry_C"",EngramLevelRequirement=0,EngramPointsCost=0,EngramHidden=False,RemoveEngramPreReq=True)",,60,0,,,
"OverrideNamedEngramEntries=(EngramClassName=""EngramEntry_PetFood_C"",EngramLevelRequirement=0,EngramPointsCost=0,EngramHidden=False,RemoveEngramPreReq=True)",,25,0,,,
"OverrideNamedEngramEntries=(EngramClassName=""EngramEntry_Saddle_AC2Dibble_C"",EngramLevelRequirement=0,EngramPointsCost=0,EngramHidden=False,RemoveEngramPreReq=True)",,66,28,,,
"OverrideNamedEngramEntries=(EngramClassName=""EngramEntry_Saddle_Anteo_C"",EngramLevelRequirement=0,EngramPointsCost=0,EngramHidden=False,RemoveEngramPreReq=True)",,68,32,,,
"OverrideNamedEngramEntries=(EngramClassName=""EngramEntry_Saddle_BigPaul_C"",EngramLevelRequirement=0,EngramPointsCost=0,EngramHidden=False,RemoveEngramPreReq=True)",,95,45,,,
"OverrideNamedEngramEntries=(EngramClassName=""EngramEntry_Saddle_BloodyAeros_C"",EngramLevelRequirement=0,EngramPointsCost=0,EngramHidden=False,RemoveEngramPreReq=True)",,87,48,,,
"OverrideNamedEngramEntries=(EngramClassName=""EngramEntry_Saddle_Gigatitan_C"",EngramLevelRequirement=0,EngramPointsCost=0,EngramHidden=False,RemoveEngramPreReq=True)",,62,25,,,
"OverrideNamedEngramEntries=(EngramClassName=""EngramEntry_Saddle_Goyle_C"",EngramLevelRequirement=0,EngramPointsCost=0,EngramHidden=False,RemoveEngramPreReq=True)",,52,20,,,
"OverrideNamedEngramEntries=(EngramClassName=""EngramEntry_Saddle_KamiInostran_C"",EngramLevelRequirement=0,EngramPointsCost=0,EngramHidden=False,RemoveEngramPreReq=True)",,77,42,,,
"OverrideNamedEngramEntries=(EngramClassName=""EngramEntry_Saddle_OgreDarner_C"",EngramLevelRequirement=0,EngramPointsCost=0,EngramHidden=False,RemoveEngramPreReq=True)",,67,24,,,
"OverrideNamedEngramEntries=(EngramClassName=""EngramEntry_Saddle_Phosphato_C"",EngramLevelRequirement=0,EngramPointsCost=0,EngramHidden=False,RemoveEngramPreReq=True)",,35,14,,,
"OverrideNamedEngramEntries=(EngramClassName=""EngramEntry_Saddle_Skorpio_C"",EngramLevelRequirement=0,EngramPointsCost=0,EngramHidden=False,RemoveEngramPreReq=True)",,28,13,,,
"OverrideNamedEngramEntries=(EngramClassName=""EngramEntry_Saddle_Tarchia_C"",EngramLevelRequirement=0,EngramPointsCost=0,EngramHidden=False,RemoveEngramPreReq=True)",,71,36,,,
"OverrideNamedEngramEntries=(EngramClassName=""EngramEntry_Saddle_Toro_C"",EngramLevelRequirement=0,EngramPointsCost=0,EngramHidden=False,RemoveEngramPreReq=True)",,40,16,,,
"OverrideNamedEngramEntries=(EngramClassName=""EngramEntry_Saddle_Xuan_C"",EngramLevelRequirement=0,EngramPointsCost=0,EngramHidden=False,RemoveEngramPreReq=True)",,46,16,,,
"OverrideNamedEngramEntries=(EngramClassName=""EngramEntry_Saddle_Eryops_C"",EngramLevelRequirement=0,EngramPointsCost=0,EngramHidden=False,RemoveEngramPreReq=True)",,47,21,,,
"OverrideNamedEngramEntries=(EngramClassName=""EngramEntry_Saddle_Succ_C"",EngramLevelRequirement=0,EngramPointsCost=0,EngramHidden=False,RemoveEngramPreReq=True)",,63,23,,,
"OverrideNamedEngramEntries=(EngramClassName=""EngramEntry_Saddle_AC2Fasola_C"",EngramLevelRequirement=0,EngramPointsCost=0,EngramHidden=False,RemoveEngramPreReq=True)",,71,34,,,
"OverrideNamedEngramEntries=(EngramClassName=""EngramEntry_Ammo_ConcussiveArrow_C"",EngramLevelRequirement=0,EngramPointsCost=0,EngramHidden=False,RemoveEngramPreReq=True)",x,,,,,
"OverrideNamedEngramEntries=(EngramClassName=""EngramEntry_Saddle_Edmont_C"",EngramLevelRequirement=0,EngramPointsCost=0,EngramHidden=False,RemoveEngramPreReq=True)",,66,26,,,
"OverrideNamedEngramEntries=(EngramClassName=""EngramEntry_Saddle_Deinoch_C"",EngramLevelRequirement=0,EngramPointsCost=0,EngramHidden=False,RemoveEngramPreReq=True)",,92,48,,,
"OverrideNamedEngramEntries=(EngramClassName=""EngramEntry_Saddle_Brachau_C"",EngramLevelRequirement=0,EngramPointsCost=0,EngramHidden=False,RemoveEngramPreReq=True)",,86,45,,,
"OverrideNamedEngramEntries=(EngramClassName=""EngramEntry_Saddle_HornedNurse_C"",EngramLevelRequirement=0,EngramPointsCost=0,EngramHidden=False,RemoveEngramPreReq=True)",,41,18,,,
"OverrideNamedEngramEntries=(EngramClassName=""EngramEntry_Saddle_Vallibon_C"",EngramLevelRequirement=0,EngramPointsCost=0,EngramHidden=False,RemoveEngramPreReq=True)",,76,30,,,
"OverrideNamedEngramEntries=(EngramClassName=""EngramEntry_VallibonEquip_Gauntlets_C"",EngramLevelRequirement=0,EngramPointsCost=0,EngramHidden=False,RemoveEngramPreReq=True)",,76,10,,,
"OverrideNamedEngramEntries=(EngramClassName=""EngramEntry_VallibonEquip_Muzzle_C"",EngramLevelRequirement=0,EngramPointsCost=0,EngramHidden=False,RemoveEngramPreReq=True)",,76,5,,,
"OverrideNamedEngramEntries=(EngramClassName=""EngramEntry_Saddle_Delta_C"",EngramLevelRequirement=0,EngramPointsCost=0,EngramHidden=False,RemoveEngramPreReq=True)",,25,8,,,
"OverrideNamedEngramEntries=(EngramClassName=""EngramEntry_Saddle_Kaikaifilu_C"",EngramLevelRequirement=0,EngramPointsCost=0,EngramHidden=False,RemoveEngramPreReq=True)",,46,22,,,
"OverrideNamedEngramEntries=(EngramClassName=""EngramEntry_CureGreaterAC_C"",EngramLevelRequirement=0,EngramPointsCost=0,EngramHidden=False,RemoveEngramPreReq=True)",x,,,,,
"OverrideNamedEngramEntries=(EngramClassName=""EngramEntry_CureLowAC_C"",EngramLevelRequirement=0,EngramPointsCost=0,EngramHidden=False,RemoveEngramPreReq=True)",x,,,,,
"OverrideNamedEngramEntries=(EngramClassName=""EngramEntry_ClarifyingCandleAC_C"",EngramLevelRequirement=0,EngramPointsCost=0,EngramHidden=False,RemoveEngramPreReq=True)",,73,,,,
"OverrideNamedEngramEntries=(EngramClassName=""EngramEntry_SoothingCandleAC_C"",EngramLevelRequirement=0,EngramPointsCost=0,EngramHidden=False,RemoveEngramPreReq=True)",,73,,,,
"OverrideNamedEngramEntries=(EngramClassName=""EngramEntry_CandleWaxAC_C"",EngramLevelRequirement=0,EngramPointsCost=0,EngramHidden=False,RemoveEngramPreReq=True)",,73,,,,
"OverrideNamedEngramEntries=(EngramClassName=""EngramEntry_Saddle_AC2Yang_C"",EngramLevelRequirement=0,EngramPointsCost=0,EngramHidden=False,RemoveEngramPreReq=True)",,73,38,,,
"OverrideNamedEngramEntries=(EngramClassName=""EngramEntry_Saddle_Tyrmimus_C"",EngramLevelRequirement=0,EngramPointsCost=0,EngramHidden=False,RemoveEngramPreReq=True)",,43,19,,,
"OverrideNamedEngramEntries=(EngramClassName=""EngramEntry_Saddle_BigIggy_C"",EngramLevelRequirement=0,EngramPointsCost=0,EngramHidden=False,RemoveEngramPreReq=True)",,44,20,,,
"OverrideNamedEngramEntries=(EngramClassName=""EngramEntry_Saddle_Cedaro_C"",EngramLevelRequirement=0,EngramPointsCost=0,EngramHidden=False,RemoveEngramPreReq=True)",,51,24,,,
"OverrideNamedEngramEntries=(EngramClassName=""EngramEntry_Saddle_Albert_C"",EngramLevelRequirement=0,EngramPointsCost=0,EngramHidden=False,RemoveEngramPreReq=True)",,25,12,,,
"OverrideNamedEngramEntries=(EngramClassName=""EngramEntry_Saddle_Apato_C"",EngramLevelRequirement=0,EngramPointsCost=0,EngramHidden=False,RemoveEngramPreReq=True)",,63,24,,,
"OverrideNamedEngramEntries=(EngramClassName=""EngramEntry_Saddle_Epanterias_C"",EngramLevelRequirement=0,EngramPointsCost=0,EngramHidden=False,RemoveEngramPreReq=True)",,83,46,,,
"OverrideNamedEngramEntries=(EngramClassName=""EngramEntry_Saddle_AC2Tyrannotitan_C"",EngramLevelRequirement=0,EngramPointsCost=0,EngramHidden=False,RemoveEngramPreReq=True)",,74,42,,,
"OverrideNamedEngramEntries=(EngramClassName=""EngramEntry_Saddle_Anga_C"",EngramLevelRequirement=0,EngramPointsCost=0,EngramHidden=False,RemoveEngramPreReq=True)",,40,22,,,
"OverrideNamedEngramEntries=(EngramClassName=""EngramEntry_Saddle_Austro_C"",EngramLevelRequirement=0,EngramPointsCost=0,EngramHidden=False,RemoveEngramPreReq=True)",,18,10,,,
"OverrideNamedEngramEntries=(EngramClassName=""EngramEntry_Saddle_ChunkyKing_C"",EngramLevelRequirement=0,EngramPointsCost=0,EngramHidden=False,RemoveEngramPreReq=True)",,59,24,,,
"OverrideNamedEngramEntries=(EngramClassName=""EngramEntry_Saddle_Hadal_C"",EngramLevelRequirement=0,EngramPointsCost=0,EngramHidden=False,RemoveEngramPreReq=True)",,77,45,,,
"OverrideNamedEngramEntries=(EngramClassName=""EngramEntry_ErythroCombatSaddle_C"",EngramLevelRequirement=0,EngramPointsCost=0,EngramHidden=False,RemoveEngramPreReq=True)",,64,30,,,
"OverrideNamedEngramEntries=(EngramClassName=""EngramEntry_ErythroStandardSaddle_C"",EngramLevelRequirement=0,EngramPointsCost=0,EngramHidden=False,RemoveEngramPreReq=True)",,56,20,,,
"OverrideNamedEngramEntries=(EngramClassName=""EngramEntry_Saddle_AcrophAQ_C"",EngramLevelRequirement=0,EngramPointsCost=0,EngramHidden=False,RemoveEngramPreReq=True)",,18,12,Additional Creatures: Aquaria,,
"OverrideNamedEngramEntries=(EngramClassName=""EngramEntry_Saddle_AqLeopardSeal_C"",EngramLevelRequirement=0,EngramPointsCost=0,EngramHidden=False,RemoveEngramPreReq=True)",,35,10,,,
"OverrideNamedEngramEntries=(EngramClassName=""EngramEntry_Saddle_AqWalrus_C"",EngramLevelRequirement=0,EngramPointsCost=0,EngramHidden=False,RemoveEngramPreReq=True)",,39,14,,,
"OverrideNamedEngramEntries=(EngramClassName=""EngramEntry_Saddle_AQCrypto_C"",EngramLevelRequirement=0,EngramPointsCost=0,EngramHidden=False,RemoveEngramPreReq=True)",,16,7,,,
"OverrideNamedEngramEntries=(EngramClassName=""EngramEntry_Saddle_Edestus_C"",EngramLevelRequirement=0,EngramPointsCost=0,EngramHidden=False,RemoveEngramPreReq=True)",,53,18,,,
"OverrideNamedEngramEntries=(EngramClassName=""EngramEntry_Saddle_Goonch_C"",EngramLevelRequirement=0,EngramPointsCost=0,EngramHidden=False,RemoveEngramPreReq=True)",,54,16,,,
"OverrideNamedEngramEntries=(EngramClassName=""EngramEntry_Saddle_HelicoprionAQ_C"",EngramLevelRequirement=0,EngramPointsCost=0,EngramHidden=False,RemoveEngramPreReq=True)",,41,15,,,
"OverrideNamedEngramEntries=(EngramClassName=""EngramEntry_Saddle_Hydrothero_C"",EngramLevelRequirement=0,EngramPointsCost=0,EngramHidden=False,RemoveEngramPreReq=True)",,49,19,,,
"OverrideNamedEngramEntries=(EngramClassName=""EngramEntry_Saddle_Ophthal_C"",EngramLevelRequirement=0,EngramPointsCost=0,EngramHidden=False,RemoveEngramPreReq=True)",,32,12,,,
"OverrideNamedEngramEntries=(EngramClassName=""EngramEntry_Saddle_Piraiba_C"",EngramLevelRequirement=0,EngramPointsCost=0,EngramHidden=False,RemoveEngramPreReq=True)",,54,16,,,
"OverrideNamedEngramEntries=(EngramClassName=""EngramEntry_Saddle_Protostega_C"",EngramLevelRequirement=0,EngramPointsCost=0,EngramHidden=False,RemoveEngramPreReq=True)",,30,11,,,
"OverrideNamedEngramEntries=(EngramClassName=""EngramEntry_Saddle_Tigerfish_C"",EngramLevelRequirement=0,EngramPointsCost=0,EngramHidden=False,RemoveEngramPreReq=True)",,52,20,,,
"OverrideNamedEngramEntries=(EngramClassName=""EngramEntry_Saddle_Tylosaur_C"",EngramLevelRequirement=0,EngramPointsCost=0,EngramHidden=False,RemoveEngramPreReq=True)",,84,44,,,
"OverrideNamedEngramEntries=(EngramClassName=""EngramEntry_Saddle_Orca_C"",EngramLevelRequirement=0,EngramPointsCost=0,EngramHidden=False,RemoveEngramPreReq=True)",,42,20,,,
"OverrideNamedEngramEntries=(EngramClassName=""EngramEntry_Saddle_Diploceras_C"",EngramLevelRequirement=0,EngramPointsCost=0,EngramHidden=False,RemoveEngramPreReq=True)",,13,3,Additional Creatures Endemics,,
"OverrideNamedEngramEntries=(EngramClassName=""EngramEntry_Saddle_Hector_C"",EngramLevelRequirement=0,EngramPointsCost=0,EngramHidden=False,RemoveEngramPreReq=True)",,13,4,,,
"OverrideNamedEngramEntries=(EngramClassName=""EngramEntry_PakaBroth_C"",EngramLevelRequirement=0,EngramPointsCost=0,EngramHidden=False,RemoveEngramPreReq=True)",,15,0,,,
"OverrideNamedEngramEntries=(EngramClassName=""EngramEntry_Saddle_Pakasucc_C"",EngramLevelRequirement=0,EngramPointsCost=0,EngramHidden=False,RemoveEngramPreReq=True)",,15,5,,,
"OverrideNamedEngramEntries=(EngramClassName=""EngramEntry_Saddle_WHAT_C"",EngramLevelRequirement=0,EngramPointsCost=0,EngramHidden=False,RemoveEngramPreReq=True)",,18,8,,,
"OverrideNamedEngramEntries=(EngramClassName=""EngramEntry_Saddle_Onchopristis_C"",EngramLevelRequirement=0,EngramPointsCost=0,EngramHidden=False,RemoveEngramPreReq=True)",,35,16,,,
"OverrideNamedEngramEntries=(EngramClassName=""EngramEntry_Saddle_AHammer_C"",EngramLevelRequirement=0,EngramPointsCost=0,EngramHidden=False,RemoveEngramPreReq=True)",,63,27,Shads Atlas Imports,,
"OverrideNamedEngramEntries=(EngramClassName=""EngramEntry_Saddle_Kodiak_C"",EngramLevelRequirement=0,EngramPointsCost=0,EngramHidden=False,RemoveEngramPreReq=True)",,52,22,,,
"OverrideNamedEngramEntries=(EngramClassName=""EngramEntry_Saddle_NormCyclops_C"",EngramLevelRequirement=0,EngramPointsCost=0,EngramHidden=False,RemoveEngramPreReq=True)",x,,,,,
"OverrideNamedEngramEntries=(EngramClassName=""EngramEntry_Saddle_ArmoredCyclops_C"",EngramLevelRequirement=0,EngramPointsCost=0,EngramHidden=False,RemoveEngramPreReq=True)",x,,,,,
"OverrideNamedEngramEntries=(EngramClassName=""EngramEntry_Saddle_Croc_C"",EngramLevelRequirement=0,EngramPointsCost=0,EngramHidden=False,RemoveEngramPreReq=True)",x,,,,,croc saddle
"OverrideNamedEngramEntries=(EngramClassName=""EngramEntry_Saddle_Abat_C"",EngramLevelRequirement=0,EngramPointsCost=0,EngramHidden=False,RemoveEngramPreReq=True)",,44,15,,,
"OverrideNamedEngramEntries=(EngramClassName=""EngramEntry_CreateBoneBrute_C"",EngramLevelRequirement=0,EngramPointsCost=0,EngramHidden=False,RemoveEngramPreReq=True)",x,,,,,
"OverrideNamedEngramEntries=(EngramClassName=""EngramEntry_Saddle_AIBoneBrute_C"",EngramLevelRequirement=0,EngramPointsCost=0,EngramHidden=False,RemoveEngramPreReq=True)",x,,,,,
"OverrideNamedEngramEntries=(EngramClassName=""EngramEntry_Weapon_CyclopsBoneMace_C"",EngramLevelRequirement=0,EngramPointsCost=0,EngramHidden=False,RemoveEngramPreReq=True)",x,,,,,
"OverrideNamedEngramEntries=(EngramClassName=""EngramEntry_Weapon_CyclopsChitinGA_C"",EngramLevelRequirement=0,EngramPointsCost=0,EngramHidden=False,RemoveEngramPreReq=True)",x,,,,,
"OverrideNamedEngramEntries=(EngramClassName=""EngramEntry_Weapon_CyclopsChitinGS_C"",EngramLevelRequirement=0,EngramPointsCost=0,EngramHidden=False,RemoveEngramPreReq=True)",x,,,,,
"OverrideNamedEngramEntries=(EngramClassName=""EngramEntry_Saddle_Atlasuchus_C"",EngramLevelRequirement=0,EngramPointsCost=0,EngramHidden=False,RemoveEngramPreReq=True)",,38,18,Ports of Atlas,,
"OverrideNamedEngramEntries=(EngramClassName=""EngramEntry_Saddle_GrandTortugar_C"",EngramLevelRequirement=43,EngramPointsCost=18,EngramHidden=False,RemoveEngramPreReq=True)",,43,18,,,vanilla
"OverrideNamedEngramEntries=(EngramClassName=""EngramEntry_SaddlePlatform_GrandTortugar_C"",EngramLevelRequirement=52,EngramPointsCost=18,EngramHidden=False,RemoveEngramPreReq=True)",,52,18,,,modded
"OverrideNamedEngramEntries=(EngramClassName=""EngramEntry_Saddle_Olfend_C"",EngramLevelRequirement=0,EngramPointsCost=0,EngramHidden=False,RemoveEngramPreReq=True)",x,,,,,
"OverrideNamedEngramEntries=(EngramClassName=""EngramEntry_Saddle_Ostrich_C"",EngramLevelRequirement=0,EngramPointsCost=0,EngramHidden=False,RemoveEngramPreReq=True)",,22,15,,,
"OverrideNamedEngramEntries=(EngramClassName=""EngramEntry_Saddle_Seahorse_C"",EngramLevelRequirement=0,EngramPointsCost=0,EngramHidden=False,RemoveEngramPreReq=True)",,42,20,,,
"OverrideNamedEngramEntries=(EngramClassName=""EngramEntry_Grill_C"",EngramLevelRequirement=0,EngramPointsCost=0,EngramHidden=False,RemoveEngramPreReq=True)",,32,10,,,
"OverrideNamedEngramEntries=(EngramClassName=""EngramEntry_Kiln_C"",EngramLevelRequirement=0,EngramPointsCost=0,EngramHidden=False,RemoveEngramPreReq=True)",,24,10,,,
"OverrideNamedEngramEntries=(EngramClassName=""EngramEntry_BlacksmithForge_C"",EngramLevelRequirement=0,EngramPointsCost=0,EngramHidden=False,RemoveEngramPreReq=True)",,38,25,,,
"OverrideNamedEngramEntries=(EngramClassName=""EngramEntry_MarineCropPlot_C"",EngramLevelRequirement=0,EngramPointsCost=0,EngramHidden=False,RemoveEngramPreReq=True)",,42,15,,,
"OverrideNamedEngramEntries=(EngramClassName=""EngramEntry_AtlasReborn_Box_C"",EngramLevelRequirement=0,EngramPointsCost=0,EngramHidden=False,RemoveEngramPreReq=True)",x,,,Atlas Reborn,,cosmetics only
"OverrideNamedEngramEntries=(EngramClassName=""EngramEntry_AtlasReborn_Forge_C"",EngramLevelRequirement=0,EngramPointsCost=0,EngramHidden=False,RemoveEngramPreReq=True)",x,,,,,
"OverrideNamedEngramEntries=(EngramClassName=""EngramEntry_AtlasReborn_Smithy_C"",EngramLevelRequirement=0,EngramPointsCost=0,EngramHidden=False,RemoveEngramPreReq=True)",x,,,,,
"OverrideNamedEngramEntries=(EngramClassName=""EngramEntry_AtlasReborn_Storage_Small_C"",EngramLevelRequirement=0,EngramPointsCost=0,EngramHidden=False,RemoveEngramPreReq=True)",x,,,,,
"OverrideNamedEngramEntries=(EngramClassName=""EngramEntry_AtlasReborn_Storage_Large_C"",EngramLevelRequirement=0,EngramPointsCost=0,EngramHidden=False,RemoveEngramPreReq=True)",x,,,,,
"OverrideNamedEngramEntries=(EngramClassName=""EngramEntry_MeanWhale_Platform_C"",EngramLevelRequirement=0,EngramPointsCost=0,EngramHidden=False,RemoveEngramPreReq=True)",,93,60,,,
"OverrideNamedEngramEntries=(EngramClassName=""EngramEntry_MeanWhale_TekArmor_C"",EngramLevelRequirement=0,EngramPointsCost=0,EngramHidden=False,RemoveEngramPreReq=True)",,,,,,
"OverrideNamedEngramEntries=(EngramClassName=""EngramEntry_Saddle_HorseReborn_C"",EngramLevelRequirement=0,EngramPointsCost=0,EngramHidden=False,RemoveEngramPreReq=True)",x,,,,,
"OverrideNamedEngramEntries=(EngramClassName=""EngramEntry_Pirate_Sword_C"",EngramLevelRequirement=0,EngramPointsCost=0,EngramHidden=False,RemoveEngramPreReq=True)",x,,,,,
"OverrideNamedEngramEntries=(EngramClassName=""EngramEntry_Atlas_Commander_Boots_C"",EngramLevelRequirement=0,EngramPointsCost=0,EngramHidden=False,RemoveEngramPreReq=True)",x,,,,,
"OverrideNamedEngramEntries=(EngramClassName=""EngramEntry_Atlas_Commander_Helmet_C"",EngramLevelRequirement=0,EngramPointsCost=0,EngramHidden=False,RemoveEngramPreReq=True)",x,,,,,
"OverrideNamedEngramEntries=(EngramClassName=""EngramEntry_Atlas_Commander_Pants_C"",EngramLevelRequirement=0,EngramPointsCost=0,EngramHidden=False,RemoveEngramPreReq=True)",x,,,,,
"OverrideNamedEngramEntries=(EngramClassName=""EngramEntry_Atlas_Commander_Shirt_C"",EngramLevelRequirement=0,EngramPointsCost=0,EngramHidden=False,RemoveEngramPreReq=True)",x,,,,,
"OverrideNamedEngramEntries=(EngramClassName=""EngramEntry_Atlas_Commander_Gloves_C"",EngramLevelRequirement=0,EngramPointsCost=0,EngramHidden=False,RemoveEngramPreReq=True)",x,,,,,
"OverrideNamedEngramEntries=(EngramClassName=""EngramEntry_Pirate_Boots_Reborn_C"",EngramLevelRequirement=0,EngramPointsCost=0,EngramHidden=False,RemoveEngramPreReq=True)",x,,,,,
"OverrideNamedEngramEntries=(EngramClassName=""EngramEntry_Pirate_Gloves_Reborn_C"",EngramLevelRequirement=0,EngramPointsCost=0,EngramHidden=False,RemoveEngramPreReq=True)",x,,,,,
"OverrideNamedEngramEntries=(EngramClassName=""EngramEntry_Pirate_Helmet_Reborn_C"",EngramLevelRequirement=0,EngramPointsCost=0,EngramHidden=False,RemoveEngramPreReq=True)",x,,,,,
"OverrideNamedEngramEntries=(EngramClassName=""EngramEntry_Pirate_Pants_Reborn_C"",EngramLevelRequirement=0,EngramPointsCost=0,EngramHidden=False,RemoveEngramPreReq=True)",x,,,,,
"OverrideNamedEngramEntries=(EngramClassName=""EngramEntry_Pirate_Shirt_Reborn_C"",EngramLevelRequirement=0,EngramPointsCost=0,EngramHidden=False,RemoveEngramPreReq=True)",x,,,,,
"OverrideNamedEngramEntries=(EngramClassName=""EngramEntry_AmbulocetusSaddle_C"",EngramLevelRequirement=0,EngramPointsCost=0,EngramHidden=False,RemoveEngramPreReq=True)",,23,7,The Sunken World Additions,,
"OverrideNamedEngramEntries=(EngramClassName=""EngramEntry_SphyrnaSaddle_C"",EngramLevelRequirement=0,EngramPointsCost=0,EngramHidden=False,RemoveEngramPreReq=True)",,19,8,,,
"OverrideNamedEngramEntries=(EngramClassName=""EngramEntry_ThermiteScope_C"",EngramLevelRequirement=0,EngramPointsCost=0,EngramHidden=False,RemoveEngramPreReq=True)",,83,9,,,
"OverrideNamedEngramEntries=(EngramClassName=""EngramEntry_EdestusSaddle_C"",EngramLevelRequirement=0,EngramPointsCost=0,EngramHidden=False,RemoveEngramPreReq=True)",,80,35,,,
"OverrideNamedEngramEntries=(EngramClassName=""EngramEntry_Trident_C"",EngramLevelRequirement=0,EngramPointsCost=0,EngramHidden=False,RemoveEngramPreReq=True)",x,,,,,spear upgrade
"OverrideNamedEngramEntries=(EngramClassName=""EngramEntry_RefinedTranqBolt_C"",EngramLevelRequirement=0,EngramPointsCost=0,EngramHidden=False,RemoveEngramPreReq=True)",,88,30,,,
"OverrideNamedEngramEntries=(EngramClassName=""EngramEntry_TorpedoBolt_C"",EngramLevelRequirement=0,EngramPointsCost=0,EngramHidden=False,RemoveEngramPreReq=True)",x,,,,,underwater rocket
"OverrideNamedEngramEntries=(EngramClassName=""EngramEntry_SeaScaleBoots_C"",EngramLevelRequirement=0,EngramPointsCost=0,EngramHidden=False,RemoveEngramPreReq=True)",,17,7,,,
"OverrideNamedEngramEntries=(EngramClassName=""EngramEntry_SeaScaleGloves_C"",EngramLevelRequirement=0,EngramPointsCost=0,EngramHidden=False,RemoveEngramPreReq=True)",,17,7,,,
"OverrideNamedEngramEntries=(EngramClassName=""EngramEntry_SeaScaleHelmet_C"",EngramLevelRequirement=0,EngramPointsCost=0,EngramHidden=False,RemoveEngramPreReq=True)",,17,9,,,
"OverrideNamedEngramEntries=(EngramClassName=""EngramEntry_SeaScalePants_C"",EngramLevelRequirement=0,EngramPointsCost=0,EngramHidden=False,RemoveEngramPreReq=True)",,17,9,,,
"OverrideNamedEngramEntries=(EngramClassName=""EngramEntry_SeaScaleShirt_C"",EngramLevelRequirement=0,EngramPointsCost=0,EngramHidden=False,RemoveEngramPreReq=True)",,17,6,,,
"OverrideNamedEngramEntries=(EngramClassName=""EngramEntry_Rotisserie_C"",EngramLevelRequirement=0,EngramPointsCost=0,EngramHidden=False,RemoveEngramPreReq=True)",x,,,,,
"OverrideNamedEngramEntries=(EngramClassName=""EngramEntry_SharkRepel_C"",EngramLevelRequirement=0,EngramPointsCost=0,EngramHidden=False,RemoveEngramPreReq=True)",,22,12,,,
"OverrideNamedEngramEntries=(EngramClassName=""EngramEntry_ProtoceratopsSaddle_C"",EngramLevelRequirement=0,EngramPointsCost=0,EngramHidden=False,RemoveEngramPreReq=True)",,10,7,,,
"OverrideNamedEngramEntries=(EngramClassName=""EngramEntry_DivingKnife_C"",EngramLevelRequirement=0,EngramPointsCost=0,EngramHidden=False,RemoveEngramPreReq=True)",,57,12,,,
"OverrideNamedEngramEntries=(EngramClassName=""EngramEntry_StoneKnife_C"",EngramLevelRequirement=0,EngramPointsCost=0,EngramHidden=False,RemoveEngramPreReq=True)",,6,2,,,
"OverrideNamedEngramEntries=(EngramClassName=""EngramEntry_FloatingWeave_C"",EngramLevelRequirement=0,EngramPointsCost=0,EngramHidden=False,RemoveEngramPreReq=True)",,13,6,,,
"OverrideNamedEngramEntries=(EngramClassName=""EngramEntry_Saddle_Acrophyseter_C"",EngramLevelRequirement=0,EngramPointsCost=0,EngramHidden=False,RemoveEngramPreReq=True)",,26,15,,,
"OverrideNamedEngramEntries=(EngramClassName=""Engram_SeagrassBandage_C"",EngramLevelRequirement=0,EngramPointsCost=0,EngramHidden=False,RemoveEngramPreReq=True)",x,,,,,recipe too underwater
"OverrideNamedEngramEntries=(EngramClassName=""EngramEntry_BnBWorkbench_C"",EngramLevelRequirement=0,EngramPointsCost=0,EngramHidden=False,RemoveEngramPreReq=True)",,18,4,Mega's Bits & Bobs,,
"OverrideNamedEngramEntries=(EngramClassName=""EngramEntry_BnBSurvivalTea_C"",EngramLevelRequirement=0,EngramPointsCost=0,EngramHidden=False,RemoveEngramPreReq=True)",x,,,,,
"OverrideNamedEngramEntries=(EngramClassName=""EngramEntry_BnBSurvivorCubes_C"",EngramLevelRequirement=0,EngramPointsCost=0,EngramHidden=False,RemoveEngramPreReq=True)",x,,,,,
"OverrideNamedEngramEntries=(EngramClassName=""EngramEntry_BnBLargeBandage_C"",EngramLevelRequirement=0,EngramPointsCost=0,EngramHidden=False,RemoveEngramPreReq=True)",,24,6,,,
"OverrideNamedEngramEntries=(EngramClassName=""EngramEntry_BnBSmallBandage_C"",EngramLevelRequirement=0,EngramPointsCost=0,EngramHidden=False,RemoveEngramPreReq=True)",,4,2,,,
"OverrideNamedEngramEntries=(EngramClassName=""EngramEntry_BnBFoodbag_C"",EngramLevelRequirement=0,EngramPointsCost=0,EngramHidden=False,RemoveEngramPreReq=True)",x,,,,,
"OverrideNamedEngramEntries=(EngramClassName=""EngramEntry_BnBShadPowerBox_C"",EngramLevelRequirement=0,EngramPointsCost=0,EngramHidden=False,RemoveEngramPreReq=True)",x,,,,,(electric) Junction Box
"OverrideNamedEngramEntries=(EngramClassName=""EngramEntry_Saddle_Boar_C"",EngramLevelRequirement=0,EngramPointsCost=0,EngramHidden=False,RemoveEngramPreReq=True)",,18,8,,,
"OverrideNamedEngramEntries=(EngramClassName=""EngramEntry_BnBMedkit_C"",EngramLevelRequirement=0,EngramPointsCost=0,EngramHidden=False,RemoveEngramPreReq=True)",,44,8,,,
"OverrideNamedEngramEntries=(EngramClassName=""EngramEntry_GreaterUrsusImplant_C"",EngramLevelRequirement=0,EngramPointsCost=0,EngramHidden=False,RemoveEngramPreReq=True)",x,,,,,
"OverrideNamedEngramEntries=(EngramClassName=""EngramEntry_UrsusImplant_C"",EngramLevelRequirement=0,EngramPointsCost=0,EngramHidden=False,RemoveEngramPreReq=True)",,19,9,,,
"OverrideNamedEngramEntries=(EngramClassName=""EngramEntry_Saddle_AppalachianIguanodon_C"",EngramLevelRequirement=0,EngramPointsCost=0,EngramHidden=False,RemoveEngramPreReq=True)",,34,9,Kaluga's Appalachian Denizens,,
"OverrideNamedEngramEntries=(EngramClassName=""EngramEntry_Saddle_AppalachianPara_C"",EngramLevelRequirement=0,EngramPointsCost=0,EngramHidden=False,RemoveEngramPreReq=True)",x,,,,,
"OverrideNamedEngramEntries=(EngramClassName=""EngramEntry_Saddle_Megaloceros_C"",EngramLevelRequirement=0,EngramPointsCost=0,EngramHidden=False,RemoveEngramPreReq=True)",,36,16,,,
"OverrideNamedEngramEntries=(EngramClassName=""EngramEntry_Saddle_AppalachianRhinoPlatform_C"",EngramLevelRequirement=0,EngramPointsCost=0,EngramHidden=False,RemoveEngramPreReq=True)",,56,20,,,
"OverrideNamedEngramEntries=(EngramClassName=""EngramEntry_Saddle_AppalachianMammoth_C"",EngramLevelRequirement=0,EngramPointsCost=0,EngramHidden=False,RemoveEngramPreReq=True)",,28,12,,,
"OverrideNamedEngramEntries=(EngramClassName=""EngramEntry_Saddle_DireWolf_Basic_C"",EngramLevelRequirement=0,EngramPointsCost=0,EngramHidden=False,RemoveEngramPreReq=True)",x,,,,,
"OverrideNamedEngramEntries=(EngramClassName=""EngramEntry_Saddle_DireWolf_Storage_C"",EngramLevelRequirement=0,EngramPointsCost=0,EngramHidden=False,RemoveEngramPreReq=True)",x,,,,,
"OverrideNamedEngramEntries=(EngramClassName=""EngramEntry_Saddle_DireWolf_Armored_C"",EngramLevelRequirement=0,EngramPointsCost=0,EngramHidden=False,RemoveEngramPreReq=True)",x,,,,,
"OverrideNamedEngramEntries=(EngramClassName=""EngramEntry_Saddle_AppalachianCarno_C"",EngramLevelRequirement=0,EngramPointsCost=0,EngramHidden=False,RemoveEngramPreReq=True)",x,,,,,
"OverrideNamedEngramEntries=(EngramClassName=""EngramEntry_Saddle_AppalachianGigantoraptor_C"",EngramLevelRequirement=0,EngramPointsCost=0,EngramHidden=False,RemoveEngramPreReq=True)",x,,,,,
"OverrideNamedEngramEntries=(EngramClassName=""EngramEntry_Saddle_AppalachianChalico_C"",EngramLevelRequirement=0,EngramPointsCost=0,EngramHidden=False,RemoveEngramPreReq=True)",x,,,,,
"OverrideNamedEngramEntries=(EngramClassName=""EngramEntry_AppalachianCeratosaurusSaddle_ASA_C"",EngramLevelRequirement=0,EngramPointsCost=0,EngramHidden=False,RemoveEngramPreReq=True)",x,,,,,
"OverrideNamedEngramEntries=(EngramClassName=""EngramEntry_Saddle_AppalachianPara_Chitin_C"",EngramLevelRequirement=0,EngramPointsCost=0,EngramHidden=False,RemoveEngramPreReq=True)",,18,11,,,
"OverrideNamedEngramEntries=(EngramClassName=""EngramEntry_Saddle_AppalachianDirebear_C"",EngramLevelRequirement=0,EngramPointsCost=0,EngramHidden=False,RemoveEngramPreReq=True)",x,,,,,
"OverrideNamedEngramEntries=(EngramClassName=""EngramEntry_Saddle_AppalachianRhino_C"",EngramLevelRequirement=0,EngramPointsCost=0,EngramHidden=False,RemoveEngramPreReq=True)",,41,18,,,
"OverrideNamedEngramEntries=(EngramClassName=""EngramEntry_Saddle_AppalachianEquus_C"",EngramLevelRequirement=0,EngramPointsCost=0,EngramHidden=False,RemoveEngramPreReq=True)",,10,5,,,
"OverrideNamedEngramEntries=(EngramClassName=""EngramEntry_Saddle_AppalachianSauro_C"",EngramLevelRequirement=0,EngramPointsCost=0,EngramHidden=False,RemoveEngramPreReq=True)",,60,26,,,
"OverrideNamedEngramEntries=(EngramClassName=""EngramEntry_Saddle_AppalachianSauro_Platform_C"",EngramLevelRequirement=0,EngramPointsCost=0,EngramHidden=False,RemoveEngramPreReq=True)",,78,32,,,
"OverrideNamedEngramEntries=(EngramClassName=""EngramEntry_Saddle_AppalachianStego_C"",EngramLevelRequirement=0,EngramPointsCost=0,EngramHidden=False,RemoveEngramPreReq=True)",,29,17,,,
"OverrideNamedEngramEntries=(EngramClassName=""EngramEntry_Saddle_AppalachianTrike_C"",EngramLevelRequirement=0,EngramPointsCost=0,EngramHidden=False,RemoveEngramPreReq=True)",,22,8,,,
"OverrideNamedEngramEntries=(EngramClassName=""EngramEntry_Saddle_Hyaenodon_Basic_C"",EngramLevelRequirement=0,EngramPointsCost=0,EngramHidden=False,RemoveEngramPreReq=True)",,39,14,,,
"OverrideNamedEngramEntries=(EngramClassName=""EngramEntry_Saddle_AppalachianCarnoChitin_C"",EngramLevelRequirement=0,EngramPointsCost=0,EngramHidden=False,RemoveEngramPreReq=True)",x,,,,,
,,,,,,
,,,,,,
,,,,,,
,,,,,,
,,,,,,
"OverrideNamedEngramEntries=(EngramClassName=""EngramEntry_ElementalDart_C"",EngramLevelRequirement=0,EngramPointsCost=0,EngramHidden=False,RemoveEngramPreReq=True)",,30,4,T.A.C. Elemental Raptors,,
"OverrideNamedEngramEntries=(EngramClassName=""EngramEntry_FA-VAL_C"",EngramLevelRequirement=0,EngramPointsCost=0,EngramHidden=False,RemoveEngramPreReq=True)",x,,,,,rifle??? why
"OverrideNamedEngramEntries=(EngramClassName=""EngramEntry_VAL-Tranq_C"",EngramLevelRequirement=0,EngramPointsCost=0,EngramHidden=False,RemoveEngramPreReq=True)",x,,,,,ammo for it
"OverrideNamedEngramEntries=(EngramClassName=""EngramEntry_Pyroraptor_Saddle_C"",EngramLevelRequirement=0,EngramPointsCost=0,EngramHidden=False,RemoveEngramPreReq=True)",x,,,,,pyro saddle
"OverrideNamedEngramEntries=(EngramClassName=""EngramEntry_PyroraptorSickle_C"",EngramLevelRequirement=0,EngramPointsCost=0,EngramHidden=False,RemoveEngramPreReq=True)",x,,,,,pyro sword
"OverrideNamedEngramEntries=(EngramClassName=""EngramEntry_ElementalDust_C"",EngramLevelRequirement=0,EngramPointsCost=0,EngramHidden=False,RemoveEngramPreReq=True)",x,,,,,base elemental dust (can probably be removed)
"OverrideNamedEngramEntries=(EngramClassName=""EngramEntry_Weapon_Cryo_ClimbPick_C"",EngramLevelRequirement=0,EngramPointsCost=0,EngramHidden=False,RemoveEngramPreReq=True)",x,,,,,ice climbing pick
"OverrideNamedEngramEntries=(EngramClassName=""EngramEntry_Cryoraptor_Saddle_C"",EngramLevelRequirement=0,EngramPointsCost=0,EngramHidden=False,RemoveEngramPreReq=True)",,39,16,,,
"OverrideNamedEngramEntries=(EngramClassName=""EngramEntry_Weapon_VR-BR_C"",EngramLevelRequirement=0,EngramPointsCost=0,EngramHidden=False,RemoveEngramPreReq=True)",x,,,,,boomerang veno
"OverrideNamedEngramEntries=(EngramClassName=""EngramEntry_Venoraptor_Saddle_C"",EngramLevelRequirement=0,EngramPointsCost=0,EngramHidden=False,RemoveEngramPreReq=True)",,30,11,,,
"OverrideNamedEngramEntries=(EngramClassName=""EngramEntry_ElementalArrow_C"",EngramLevelRequirement=0,EngramPointsCost=0,EngramHidden=False,RemoveEngramPreReq=True)",x,,,,,broken descripton
"OverrideNamedEngramEntries=(EngramClassName=""EngramEntry_ElementalDustF_C"",EngramLevelRequirement=0,EngramPointsCost=0,EngramHidden=False,RemoveEngramPreReq=True)",,27,2,,,
"OverrideNamedEngramEntries=(EngramClassName=""EngramEntry_ElementalDustI_C"",EngramLevelRequirement=0,EngramPointsCost=0,EngramHidden=False,RemoveEngramPreReq=True)",,27,2,,,
"OverrideNamedEngramEntries=(EngramClassName=""EngramEntry_ElementalDustP_C"",EngramLevelRequirement=0,EngramPointsCost=0,EngramHidden=False,RemoveEngramPreReq=True)",x,,,,,pyro dust
"OverrideNamedEngramEntries=(EngramClassName=""EngramEntry_Hydrovanta_Saddle_C"",EngramLevelRequirement=0,EngramPointsCost=0,EngramHidden=False,RemoveEngramPreReq=True)",,64,22,Moro's Hydrovanta,,
"OverrideNamedEngramEntries=(EngramClassName=""EngramEntry_Hydrovanta_HealingBrew_Tier1_C"",EngramLevelRequirement=0,EngramPointsCost=0,EngramHidden=False,RemoveEngramPreReq=True)",,64,2,,,
"OverrideNamedEngramEntries=(EngramClassName=""EngramEntry_Hydrovanta_HealingBrew_Tier2_C"",EngramLevelRequirement=0,EngramPointsCost=0,EngramHidden=False,RemoveEngramPreReq=True)",,67,3,,,
"OverrideNamedEngramEntries=(EngramClassName=""EngramEntry_Hydrovanta_HealingBrew_Tier3_C"",EngramLevelRequirement=0,EngramPointsCost=0,EngramHidden=False,RemoveEngramPreReq=True)",,70,4,,,
"OverrideNamedEngramEntries=(EngramClassName=""EngramEntry_Hydrovanta_Dossier_C"",EngramLevelRequirement=0,EngramPointsCost=0,EngramHidden=False,RemoveEngramPreReq=True)",x,,,,,
"OverrideNamedEngramEntries=(EngramClassName=""EngramEntry_Hydrovanta_ChibiPet_C"",EngramLevelRequirement=0,EngramPointsCost=0,EngramHidden=False,RemoveEngramPreReq=True)",,64,,,,
"OverrideNamedEngramEntries=(EngramClassName=""EngramEntry_Hydrovanta_AquariumTank_C"",EngramLevelRequirement=0,EngramPointsCost=0,EngramHidden=False,RemoveEngramPreReq=True)",x,,,,,
"OverrideNamedEngramEntries=(EngramClassName=""EngramEntry_LivyatanCommunicationPad_Moro_C"",EngramLevelRequirement=0,EngramPointsCost=0,EngramHidden=False,RemoveEngramPreReq=True)",,97,8,Moro's Livyathan,,no idea if these are all correct
"OverrideNamedEngramEntries=(EngramClassName=""EngramEntry_SaddleLivyatan_Siege_C"",EngramLevelRequirement=0,EngramPointsCost=0,EngramHidden=False,RemoveEngramPreReq=True)",,99,,,,default saddle is 97
"OverrideNamedEngramEntries=(EngramClassName=""EngramEntry_BoneSaddleLivyatan_C"",EngramLevelRequirement=0,EngramPointsCost=0,EngramHidden=False,RemoveEngramPreReq=True)",,98,45,,,bone saddle 98
"OverrideNamedEngramEntries=(EngramClassName=""EngramEntry_LivyHideDryingRack_C"",EngramLevelRequirement=0,EngramPointsCost=0,EngramHidden=False,RemoveEngramPreReq=True)",,98,3,,,metal 99
"OverrideNamedEngramEntries=(EngramClassName=""EngramEntry_CraftingBench_Livy_C"",EngramLevelRequirement=0,EngramPointsCost=0,EngramHidden=False,RemoveEngramPreReq=True)",,97,4,,,
"OverrideNamedEngramEntries=(EngramClassName=""EngramEntry_SaddleLivyatanDefault_C"",EngramLevelRequirement=0,EngramPointsCost=0,EngramHidden=False,RemoveEngramPreReq=True)",,97,34,,,
"OverrideNamedEngramEntries=(EngramClassName=""EngramEntry_BackPlates_Siege_C"",EngramLevelRequirement=0,EngramPointsCost=0,EngramHidden=False,RemoveEngramPreReq=True)",,99,4,,,
"OverrideNamedEngramEntries=(EngramClassName=""EngramEntry_Cockpit_Siege_C"",EngramLevelRequirement=0,EngramPointsCost=0,EngramHidden=False,RemoveEngramPreReq=True)",,99,4,,,
"OverrideNamedEngramEntries=(EngramClassName=""EngramEntry_DriedLivyatanHide_C"",EngramLevelRequirement=0,EngramPointsCost=0,EngramHidden=False,RemoveEngramPreReq=True)",,98,3,,,
"OverrideNamedEngramEntries=(EngramClassName=""EngramEntry_FishingNets_BoneSaddle_C"",EngramLevelRequirement=0,EngramPointsCost=0,EngramHidden=False,RemoveEngramPreReq=True)",,98,3,,,
"OverrideNamedEngramEntries=(EngramClassName=""EngramEntry_HeadPlates_Siege_C"",EngramLevelRequirement=0,EngramPointsCost=0,EngramHidden=False,RemoveEngramPreReq=True)",,99,4,,,
"OverrideNamedEngramEntries=(EngramClassName=""EngramEntry_LeatherPads_LivySaddle_C"",EngramLevelRequirement=0,EngramPointsCost=0,EngramHidden=False,RemoveEngramPreReq=True)",,98,3,,,
"OverrideNamedEngramEntries=(EngramClassName=""EngramEntry_MetalHelmet_Siege_C"",EngramLevelRequirement=0,EngramPointsCost=0,EngramHidden=False,RemoveEngramPreReq=True)",,99,4,,,
"OverrideNamedEngramEntries=(EngramClassName=""EngramEntry_MetalPads_Siege_C"",EngramLevelRequirement=0,EngramPointsCost=0,EngramHidden=False,RemoveEngramPreReq=True)",,99,4,,,
"OverrideNamedEngramEntries=(EngramClassName=""EngramEntry_StomachPlates_Siege_C"",EngramLevelRequirement=0,EngramPointsCost=0,EngramHidden=False,RemoveEngramPreReq=True)",,99,4,,,
"OverrideNamedEngramEntries=(EngramClassName=""EngramEntry_AlphaLivyHuntingHorn_C"",EngramLevelRequirement=0,EngramPointsCost=0,EngramHidden=False,RemoveEngramPreReq=True)",,99,3,,,
"OverrideNamedEngramEntries=(EngramClassName=""EngramEntry_MorosGigantophis_BasicSaddle_C"",EngramLevelRequirement=0,EngramPointsCost=0,EngramHidden=False,RemoveEngramPreReq=True)",,64,24,Moro's Gigantophis,,
"OverrideNamedEngramEntries=(EngramClassName=""EngramEntry_Gigantophis_Flute_C"",EngramLevelRequirement=0,EngramPointsCost=0,EngramHidden=False,RemoveEngramPreReq=True)",,64,12,,,
"OverrideNamedEngramEntries=(EngramClassName=""EngramEntry_Gigantophis_PulseGun_C"",EngramLevelRequirement=0,EngramPointsCost=0,EngramHidden=False,RemoveEngramPreReq=True)",,82,14,,,
"OverrideNamedEngramEntries=(EngramClassName=""EngramEntry_Gigantophis_PulseGun_Ammo_C"",EngramLevelRequirement=0,EngramPointsCost=0,EngramHidden=False,RemoveEngramPreReq=True)",,82,,,,
"OverrideNamedEngramEntries=(EngramClassName=""EngramEntry_Gigantophis_WesternSnakeHat_C"",EngramLevelRequirement=0,EngramPointsCost=0,EngramHidden=False,RemoveEngramPreReq=True)",x,,,,,
"OverrideNamedEngramEntries=(EngramClassName=""EngramEntry_Gigantophis_GatlingGun_C"",EngramLevelRequirement=0,EngramPointsCost=0,EngramHidden=False,RemoveEngramPreReq=True)",,70,9,,,
"OverrideNamedEngramEntries=(EngramClassName=""EngramEntry_Gigantophis_GatlingGun_Ammo_C"",EngramLevelRequirement=0,EngramPointsCost=0,EngramHidden=False,RemoveEngramPreReq=True)",,70,,,,
"OverrideNamedEngramEntries=(EngramClassName=""EngramEntry_Gigantophis_SantaHat_C"",EngramLevelRequirement=0,EngramPointsCost=0,EngramHidden=False,RemoveEngramPreReq=True)",x,,,,,
"OverrideNamedEngramEntries=(EngramClassName=""EngramEntry_MorosGigantophis_AmmoBelt_C"",EngramLevelRequirement=0,EngramPointsCost=0,EngramHidden=False,RemoveEngramPreReq=True)",x,,,,,
"OverrideNamedEngramEntries=(EngramClassName=""EngramEntry_Gigantophis_Dossier_C"",EngramLevelRequirement=0,EngramPointsCost=0,EngramHidden=False,RemoveEngramPreReq=True)",x,,,,,
"OverrideNamedEngramEntries=(EngramClassName=""EngramEntry_Gigantophis_ChibiPet_C"",EngramLevelRequirement=0,EngramPointsCost=0,EngramHidden=False,RemoveEngramPreReq=True)",x,,,,,
"OverrideNamedEngramEntries=(EngramClassName=""EngramEntry_SulfurCapsule_C"",EngramLevelRequirement=0,EngramPointsCost=0,EngramHidden=False,RemoveEngramPreReq=True)",,,,Sulfur Titan,,tek
"OverrideNamedEngramEntries=(EngramClassName=""EngramEntry_SulfurGrenade_C"",EngramLevelRequirement=0,EngramPointsCost=0,EngramHidden=False,RemoveEngramPreReq=True)",,,,,,tek
"OverrideNamedEngramEntries=(EngramClassName=""EngramEntry_TitanTerminal_C"",EngramLevelRequirement=0,EngramPointsCost=0,EngramHidden=False,RemoveEngramPreReq=True)",,90,20,,,
"OverrideNamedEngramEntries=(EngramClassName=""EngramEntry_SulfurJetpack_C"",EngramLevelRequirement=0,EngramPointsCost=0,EngramHidden=False,RemoveEngramPreReq=True)",,,,,,tek
"OverrideNamedEngramEntries=(EngramClassName=""EngramEntry_SulfurTitanSaddle_C"",EngramLevelRequirement=0,EngramPointsCost=0,EngramHidden=False,RemoveEngramPreReq=True)",,100,45,,,
"OverrideNamedEngramEntries=(EngramClassName=""EngramEntry_SulfurWrench_C"",EngramLevelRequirement=0,EngramPointsCost=0,EngramHidden=False,RemoveEngramPreReq=True)",,,,,,tek
"OverrideNamedEngramEntries=(EngramClassName=""EngramEntry_AlphaSulfurSummoner_C"",EngramLevelRequirement=0,EngramPointsCost=0,EngramHidden=False,RemoveEngramPreReq=True)",,90,50,,,
"OverrideNamedEngramEntries=(EngramClassName=""EngramEntry_Saddle_Torvosaurus_BC_C"",EngramLevelRequirement=0,EngramPointsCost=0,EngramHidden=False,RemoveEngramPreReq=True)",,80,32,Birdwatcher's Collection,,
"OverrideNamedEngramEntries=(EngramClassName=""EngramEntry_Saddle_GiantSpino_BC_C"",EngramLevelRequirement=0,EngramPointsCost=0,EngramHidden=False,RemoveEngramPreReq=True)",,97,42,,,
"OverrideNamedEngramEntries=(EngramClassName=""EngramEntry_AlphaGiantSpinoSummoner_C"",EngramLevelRequirement=0,EngramPointsCost=0,EngramHidden=False,RemoveEngramPreReq=True)",,99,1,,,
"OverrideNamedEngramEntries=(EngramClassName=""EngramEntry_BCKibble_Super_C"",EngramLevelRequirement=0,EngramPointsCost=0,EngramHidden=False,RemoveEngramPreReq=True)",,92,5,,,
"OverrideNamedEngramEntries=(EngramClassName=""EngramEntry_BCKibble_Small_C"",EngramLevelRequirement=0,EngramPointsCost=0,EngramHidden=False,RemoveEngramPreReq=True)",,42,5,,,
"OverrideNamedEngramEntries=(EngramClassName=""EngramEntry_BCKibble_Medium_C"",EngramLevelRequirement=0,EngramPointsCost=0,EngramHidden=False,RemoveEngramPreReq=True)",,42,5,,,
"OverrideNamedEngramEntries=(EngramClassName=""EngramEntry_BCKibble_Large_C"",EngramLevelRequirement=0,EngramPointsCost=0,EngramHidden=False,RemoveEngramPreReq=True)",,56,5,,,
"OverrideNamedEngramEntries=(EngramClassName=""EngramEntry_Saddle_Shoni_Platform_BC_C"",EngramLevelRequirement=0,EngramPointsCost=0,EngramHidden=False,RemoveEngramPreReq=True)",,93,36,,,
"OverrideNamedEngramEntries=(EngramClassName=""EngramEntry_Saddle_Saurophaganax_BC_C"",EngramLevelRequirement=0,EngramPointsCost=0,EngramHidden=False,RemoveEngramPreReq=True)",,79,35,,,
"OverrideNamedEngramEntries=(EngramClassName=""EngramEntry_Vecti-1-Saddle_C"",EngramLevelRequirement=0,EngramPointsCost=0,EngramHidden=False,RemoveEngramPreReq=True)",,69,24,[T.A.C] Vectispinus,,
"OverrideNamedEngramEntries=(EngramClassName=""EngramEntry_Vecti-3-Saddle_C"",EngramLevelRequirement=0,EngramPointsCost=0,EngramHidden=False,RemoveEngramPreReq=True)",x,,,,,rocket saddle
"OverrideNamedEngramEntries=(EngramClassName=""EngramEntry_Vecti-Artillery_Shell_C"",EngramLevelRequirement=0,EngramPointsCost=0,EngramHidden=False,RemoveEngramPreReq=True)",x,,,,,rocket variant
"OverrideNamedEngramEntries=(EngramClassName=""EngramEntry_Vecti-EnergyCell_C"",EngramLevelRequirement=0,EngramPointsCost=0,EngramHidden=False,RemoveEngramPreReq=True)",,68,5,,,
"OverrideNamedEngramEntries=(EngramClassName=""EngramEntry_Vecti-RailGun_C"",EngramLevelRequirement=0,EngramPointsCost=0,EngramHidden=False,RemoveEngramPreReq=True)",,68,15,,,
"OverrideNamedEngramEntries=(EngramClassName=""EngramEntry_Vecti-TranqRocketLauncher_C"",EngramLevelRequirement=0,EngramPointsCost=0,EngramHidden=False,RemoveEngramPreReq=True)",x,,,,,tranq var
"OverrideNamedEngramEntries=(EngramClassName=""EngramEntry_Vecti-TranqRockets_C"",EngramLevelRequirement=0,EngramPointsCost=0,EngramHidden=False,RemoveEngramPreReq=True)",x,,,,,tranq var
"OverrideNamedEngramEntries=(EngramClassName=""EngramEntry_Allosaurus-Brain_C"",EngramLevelRequirement=0,EngramPointsCost=0,EngramHidden=False,RemoveEngramPreReq=True)",,64,5,[T.A.C] Antrodemus ,,
"OverrideNamedEngramEntries=(EngramClassName=""EngramEntry_Antro-Saddle_T0_C"",EngramLevelRequirement=0,EngramPointsCost=0,EngramHidden=False,RemoveEngramPreReq=True)",,65,30,,,
"OverrideNamedEngramEntries=(EngramClassName=""EngramEntry_Scorched-Skin_C"",EngramLevelRequirement=0,EngramPointsCost=0,EngramHidden=False,RemoveEngramPreReq=True)",x,,,,,
"OverrideNamedEngramEntries=(EngramClassName=""EngramEntry_Aberrant-Skin_C"",EngramLevelRequirement=0,EngramPointsCost=0,EngramHidden=False,RemoveEngramPreReq=True)",x,,,,,
"OverrideNamedEngramEntries=(EngramClassName=""EngramEntry_Antro-Arms_C"",EngramLevelRequirement=0,EngramPointsCost=0,EngramHidden=False,RemoveEngramPreReq=True)",x,,,,,saddle extension
"OverrideNamedEngramEntries=(EngramClassName=""EngramEntry_Antro-Body_C"",EngramLevelRequirement=0,EngramPointsCost=0,EngramHidden=False,RemoveEngramPreReq=True)",,71,5,,,
"OverrideNamedEngramEntries=(EngramClassName=""EngramEntry_Antro-Helm_C"",EngramLevelRequirement=0,EngramPointsCost=0,EngramHidden=False,RemoveEngramPreReq=True)",,71,5,,,
"OverrideNamedEngramEntries=(EngramClassName=""EngramEntry_Antro-Pants_C"",EngramLevelRequirement=0,EngramPointsCost=0,EngramHidden=False,RemoveEngramPreReq=True)",x,,,,,saddle extension
"OverrideNamedEngramEntries=(EngramClassName=""EngramEntry_Antro-Pestal_C"",EngramLevelRequirement=0,EngramPointsCost=0,EngramHidden=False,RemoveEngramPreReq=True)",x,,,,,saddle extension
"OverrideNamedEngramEntries=(EngramClassName=""EngramEntry_Antro-Storage_C"",EngramLevelRequirement=0,EngramPointsCost=0,EngramHidden=False,RemoveEngramPreReq=True)",x,,,,,saddle extension
"OverrideNamedEngramEntries=(EngramClassName=""EngramEntry_EocarchSaddle0_C"",EngramLevelRequirement=0,EngramPointsCost=0,EngramHidden=False,RemoveEngramPreReq=True)",,55,26,[T.A.C] Eocarcharia,,
"OverrideNamedEngramEntries=(EngramClassName=""EngramEntry_EocarchSaddleClown_C"",EngramLevelRequirement=0,EngramPointsCost=0,EngramHidden=False,RemoveEngramPreReq=True)",x,,,,,saddle extension
"OverrideNamedEngramEntries=(EngramClassName=""EngramEntry_EocarchSaddle7_C"",EngramLevelRequirement=0,EngramPointsCost=0,EngramHidden=False,RemoveEngramPreReq=True)",x,,,,,saddle extension
"OverrideNamedEngramEntries=(EngramClassName=""EngramEntry_EocarchSaddle3_C"",EngramLevelRequirement=0,EngramPointsCost=0,EngramHidden=False,RemoveEngramPreReq=True)",x,,,,,saddle extension
"OverrideNamedEngramEntries=(EngramClassName=""EngramEntry_EocarchSaddle1_C"",EngramLevelRequirement=0,EngramPointsCost=0,EngramHidden=False,RemoveEngramPreReq=True)",x,,,,,saddle extension
"OverrideNamedEngramEntries=(EngramClassName=""EngramEntry_EocarchSaddle2_C"",EngramLevelRequirement=0,EngramPointsCost=0,EngramHidden=False,RemoveEngramPreReq=True)",x,,,,,saddle extension
"OverrideNamedEngramEntries=(EngramClassName=""EngramEntry_EocarchSaddle4_C"",EngramLevelRequirement=0,EngramPointsCost=0,EngramHidden=False,RemoveEngramPreReq=True)",x,,,,,saddle extension
"OverrideNamedEngramEntries=(EngramClassName=""EngramEntry_Shroom_C"",EngramLevelRequirement=0,EngramPointsCost=0,EngramHidden=False,RemoveEngramPreReq=True)",,55,3,,,
"OverrideNamedEngramEntries=(EngramClassName=""EngramEntry_BB_Female_Base_Saddle_C"",EngramLevelRequirement=0,EngramPointsCost=0,EngramHidden=False,RemoveEngramPreReq=True)",,44,13,[T.A.C] Bastion Beetle,,
"OverrideNamedEngramEntries=(EngramClassName=""EngramEntry_BB_Male_Base_Saddle_C"",EngramLevelRequirement=0,EngramPointsCost=0,EngramHidden=False,RemoveEngramPreReq=True)",,44,13,,,
"OverrideNamedEngramEntries=(EngramClassName=""EngramEntry_BB_Female_Amber_C"",EngramLevelRequirement=0,EngramPointsCost=0,EngramHidden=False,RemoveEngramPreReq=True)",,44,2,,,
"OverrideNamedEngramEntries=(EngramClassName=""EngramEntry_BB_Male_Amber_C"",EngramLevelRequirement=0,EngramPointsCost=0,EngramHidden=False,RemoveEngramPreReq=True)",,44,2,,,
"OverrideNamedEngramEntries=(EngramClassName=""EngramEntry_BB_Male_Amber1SE_C"",EngramLevelRequirement=0,EngramPointsCost=0,EngramHidden=False,RemoveEngramPreReq=True)",x,,,,,
"OverrideNamedEngramEntries=(EngramClassName=""EngramEntry_BB_Female_Amber_SE_C"",EngramLevelRequirement=0,EngramPointsCost=0,EngramHidden=False,RemoveEngramPreReq=True)",x,,,,,
"OverrideNamedEngramEntries=(EngramClassName=""EngramEntry_BB_Female_Gun_C"",EngramLevelRequirement=0,EngramPointsCost=0,EngramHidden=False,RemoveEngramPreReq=True)",,81,5,,,bastion breaker
"OverrideNamedEngramEntries=(EngramClassName=""EngramEntry_BB_Male_Gun_C"",EngramLevelRequirement=0,EngramPointsCost=0,EngramHidden=False,RemoveEngramPreReq=True)",,66,5,,,
"OverrideNamedEngramEntries=(EngramClassName=""EngramEntry_BB_Female_Amber_AK_C"",EngramLevelRequirement=0,EngramPointsCost=0,EngramHidden=False,RemoveEngramPreReq=True)",x,,,,,
"OverrideNamedEngramEntries=(EngramClassName=""EngramEntry_BB_Male_Amber_AK_C"",EngramLevelRequirement=0,EngramPointsCost=0,EngramHidden=False,RemoveEngramPreReq=True)",x,,,,,
"OverrideNamedEngramEntries=(EngramClassName=""EngramEntry_120MM_C"",EngramLevelRequirement=0,EngramPointsCost=0,EngramHidden=False,RemoveEngramPreReq=True)",,81,3,,,"""bastion breaker bullet"""
"OverrideNamedEngramEntries=(EngramClassName=""EngramEntry_BB_Female_Amber_AB_C"",EngramLevelRequirement=0,EngramPointsCost=0,EngramHidden=False,RemoveEngramPreReq=True)",x,,,,,
"OverrideNamedEngramEntries=(EngramClassName=""EngramEntry_BB_Male_AmberAB_C"",EngramLevelRequirement=0,EngramPointsCost=0,EngramHidden=False,RemoveEngramPreReq=True)",x,,,,,
"OverrideNamedEngramEntries=(EngramClassName=""EngramEntry_Saddle_Tyranno_C"",EngramLevelRequirement=0,EngramPointsCost=0,EngramHidden=False,RemoveEngramPreReq=True)",,77,20,Cosmics Cohorts - Tyrannodominator,,
"OverrideNamedEngramEntries=(EngramClassName=""EngramEntry_Saddle_Tyranno_Arm_C"",EngramLevelRequirement=0,EngramPointsCost=0,EngramHidden=False,RemoveEngramPreReq=True)",x,,,,,saddle extension
"OverrideNamedEngramEntries=(EngramClassName=""EngramEntry_Saddle_Tyranno_Helm_C"",EngramLevelRequirement=0,EngramPointsCost=0,EngramHidden=False,RemoveEngramPreReq=True)",,77,8,,,
"OverrideNamedEngramEntries=(EngramClassName=""EngramEntry_Saddle_Tyranno_Leg_C"",EngramLevelRequirement=0,EngramPointsCost=0,EngramHidden=False,RemoveEngramPreReq=True)",x,,,,,saddle extension
"OverrideNamedEngramEntries=(EngramClassName=""EngramEntry_Saddle_Tyranno_Tail_C"",EngramLevelRequirement=0,EngramPointsCost=0,EngramHidden=False,RemoveEngramPreReq=True)",,77,6,,,
"OverrideNamedEngramEntries=(EngramClassName=""EngramEntry_Boss_C"",EngramLevelRequirement=0,EngramPointsCost=0,EngramHidden=False,RemoveEngramPreReq=True)",,,,,,
"OverrideNamedEngramEntries=(EngramClassName=""EngramEntry_GLAmmo_Gas_C"",EngramLevelRequirement=0,EngramPointsCost=0,EngramHidden=False,RemoveEngramPreReq=True)",x,,,,,tranq rocket
"OverrideNamedEngramEntries=(EngramClassName=""EngramEntry_GLAmmo_Grenade_C"",EngramLevelRequirement=0,EngramPointsCost=0,EngramHidden=False,RemoveEngramPreReq=True)",,66,4,,,"Cannon Rocket, needed for taming"
"OverrideNamedEngramEntries=(EngramClassName=""EngramEntry_GLAmmo_MiniNuke_C"",EngramLevelRequirement=0,EngramPointsCost=0,EngramHidden=False,RemoveEngramPreReq=True)",,120,2,,,Nuke Rocket
"OverrideNamedEngramEntries=(EngramClassName=""EngramEntry_Saddle_Sanguivern_C"",EngramLevelRequirement=0,EngramPointsCost=0,EngramHidden=False,RemoveEngramPreReq=True)",,84,38,ARKOLOGY: OE - Sanguivern,,
"OverrideNamedEngramEntries=(EngramClassName=""EngramEntry_BloodstarvedSummoner_C"",EngramLevelRequirement=0,EngramPointsCost=0,EngramHidden=False,RemoveEngramPreReq=True)",x,,,,,LC-specific boss summon
"OverrideNamedEngramEntries=(EngramClassName=""EngramEntry_BloodstarvedSummoner_Beta_C"",EngramLevelRequirement=0,EngramPointsCost=0,EngramHidden=False,RemoveEngramPreReq=True)",x,,,,,LC-specific boss summon
"OverrideNamedEngramEntries=(EngramClassName=""EngramEntry_BloodstarvedSummoner_Gamma_C"",EngramLevelRequirement=0,EngramPointsCost=0,EngramHidden=False,RemoveEngramPreReq=True)",x,,,,,LC-specific boss summon
"OverrideNamedEngramEntries=(EngramClassName=""EngramEntry_BloodstarvedSummoner_Legendary_C"",EngramLevelRequirement=0,EngramPointsCost=0,EngramHidden=False,RemoveEngramPreReq=True)",x,,,,,LC-specific boss summon
"OverrideNamedEngramEntries=(EngramClassName=""EngramEntry_Cocktail_Sanguivern_C"",EngramLevelRequirement=0,EngramPointsCost=0,EngramHidden=False,RemoveEngramPreReq=True)",,84,6,,,
"OverrideNamedEngramEntries=(EngramClassName=""EngramEntry_BloodstarvedSummoner_Beta_NONLC_C"",EngramLevelRequirement=0,EngramPointsCost=0,EngramHidden=False,RemoveEngramPreReq=True)",,68,,,,
"OverrideNamedEngramEntries=(EngramClassName=""EngramEntry_BloodstarvedSummoner_Gamma_NONLC_C"",EngramLevelRequirement=0,EngramPointsCost=0,EngramHidden=False,RemoveEngramPreReq=True)",,51,,,,
"OverrideNamedEngramEntries=(EngramClassName=""EngramEntry_BloodstarvedSummoner_Legendary_NONLC_C"",EngramLevelRequirement=0,EngramPointsCost=0,EngramHidden=False,RemoveEngramPreReq=True)",,,,,,tek
"OverrideNamedEngramEntries=(EngramClassName=""EngramEntry_BloodstarvedSummoner_NONLC_C"",EngramLevelRequirement=0,EngramPointsCost=0,EngramHidden=False,RemoveEngramPreReq=True)",,84,,,,ALPHA
"OverrideNamedEngramEntries=(EngramClassName=""EngramEntry_Saddle_Hapipalus_C"",EngramLevelRequirement=0,EngramPointsCost=0,EngramHidden=False,RemoveEngramPreReq=True)",,94,42,ARKOLOGY: OE - Hapipalus,,
"OverrideNamedEngramEntries=(EngramClassName=""EngramEntry_QueenSummoner_Gamma_C"",EngramLevelRequirement=0,EngramPointsCost=0,EngramHidden=False,RemoveEngramPreReq=True)",x,,,,,AB-specific boss summon
"OverrideNamedEngramEntries=(EngramClassName=""EngramEntry_QueenSummoner_Beta_C"",EngramLevelRequirement=0,EngramPointsCost=0,EngramHidden=False,RemoveEngramPreReq=True)",x,,,,,AB-specific boss summon
"OverrideNamedEngramEntries=(EngramClassName=""EngramEntry_QueenSummoner_C"",EngramLevelRequirement=0,EngramPointsCost=0,EngramHidden=False,RemoveEngramPreReq=True)",x,,,,,AB-specific boss summon
"OverrideNamedEngramEntries=(EngramClassName=""EngramEntry_QueenSummoner_Legendary_C"",EngramLevelRequirement=0,EngramPointsCost=0,EngramHidden=False,RemoveEngramPreReq=True)",x,,,,,AB-specific boss summon
"OverrideNamedEngramEntries=(EngramClassName=""EngramEntry_QueenSummoner_Beta_NonAB_C"",EngramLevelRequirement=0,EngramPointsCost=0,EngramHidden=False,RemoveEngramPreReq=True)",,79,,,,
"OverrideNamedEngramEntries=(EngramClassName=""EngramEntry_QueenSummoner_Gamma_NonAB_C"",EngramLevelRequirement=0,EngramPointsCost=0,EngramHidden=False,RemoveEngramPreReq=True)",equalize levels of boss summoner engrams,61,,,,
"OverrideNamedEngramEntries=(EngramClassName=""EngramEntry_QueenSummoner_Legendary_NonAB_C"",EngramLevelRequirement=0,EngramPointsCost=0,EngramHidden=False,RemoveEngramPreReq=True)",,,,,,tek
"OverrideNamedEngramEntries=(EngramClassName=""EngramEntry_QueenSummoner_NonAB_C"",EngramLevelRequirement=0,EngramPointsCost=0,EngramHidden=False,RemoveEngramPreReq=True)",,94,,,,ALPHA
"OverrideNamedEngramEntries=(EngramClassName=""EngramEntry_PrimalSummoner_C"",EngramLevelRequirement=0,EngramPointsCost=0,EngramHidden=False,RemoveEngramPreReq=True)",x,,,ARKOLOGY: OE - Desolatitan,,Island-specific boss summon
"OverrideNamedEngramEntries=(EngramClassName=""EngramEntry_Saddle_Desolatitan_C"",EngramLevelRequirement=0,EngramPointsCost=0,EngramHidden=False,RemoveEngramPreReq=True)",,102,52,,,
"OverrideNamedEngramEntries=(EngramClassName=""EngramEntry_PrimalSummoner_Beta_C"",EngramLevelRequirement=0,EngramPointsCost=0,EngramHidden=False,RemoveEngramPreReq=True)",x,,,,,Island-specific boss summon
"OverrideNamedEngramEntries=(EngramClassName=""EngramEntry_PrimalSummoner_Gamma_C"",EngramLevelRequirement=0,EngramPointsCost=0,EngramHidden=False,RemoveEngramPreReq=True)",x,,,,,Island-specific boss summon
"OverrideNamedEngramEntries=(EngramClassName=""EngramEntry_PrimalSummoner_Legendary_C"",EngramLevelRequirement=0,EngramPointsCost=0,EngramHidden=False,RemoveEngramPreReq=True)",x,,,,,Island-specific boss summon
"OverrideNamedEngramEntries=(EngramClassName=""EngramEntry_PrimalSummoner_Beta_NonIsland_C"",EngramLevelRequirement=0,EngramPointsCost=0,EngramHidden=False,RemoveEngramPreReq=True)",,89,,,,
"OverrideNamedEngramEntries=(EngramClassName=""EngramEntry_PrimalSummoner_Gamma_NonIsland_C"",EngramLevelRequirement=0,EngramPointsCost=0,EngramHidden=False,RemoveEngramPreReq=True)",equalize levels of boss summoner engrams,76,,,,
"OverrideNamedEngramEntries=(EngramClassName=""EngramEntry_PrimalSummoner_Legendary_NonIsland_C"",EngramLevelRequirement=0,EngramPointsCost=0,EngramHidden=False,RemoveEngramPreReq=True)",,,,,,tek
"OverrideNamedEngramEntries=(EngramClassName=""EngramEntry_PrimalSummoner_NonIsland_C"",EngramLevelRequirement=0,EngramPointsCost=0,EngramHidden=False,RemoveEngramPreReq=True)",,102,,,,ALPHA
"OverrideNamedEngramEntries=(EngramClassName=""EngramEntry_Saddle_Meraxes_C"",EngramLevelRequirement=0,EngramPointsCost=0,EngramHidden=False,RemoveEngramPreReq=True)",,77,33,BigAL's: Meraxes,,
"OverrideNamedEngramEntries=(EngramClassName=""EngramEntry_CorruptedMeraxesSummoner_C"",EngramLevelRequirement=0,EngramPointsCost=0,EngramHidden=False,RemoveEngramPreReq=True)",,104,10,,,
"OverrideNamedEngramEntries=(EngramClassName=""EngramEntry_Meraxes_Chibi_C"",EngramLevelRequirement=0,EngramPointsCost=0,EngramHidden=False,RemoveEngramPreReq=True)",x,,,,,
"OverrideNamedEngramEntries=(EngramClassName=""EngramEntry_SE_Meraxes_Chibi_C"",EngramLevelRequirement=0,EngramPointsCost=0,EngramHidden=False,RemoveEngramPreReq=True)",x,,,,,
"OverrideNamedEngramEntries=(EngramClassName=""EngramEntry_TEK_Meraxes_Chibi_C"",EngramLevelRequirement=0,EngramPointsCost=0,EngramHidden=False,RemoveEngramPreReq=True)",x,,,,,
"OverrideNamedEngramEntries=(EngramClassName=""EngramEntry_Arkology_Meraxes_Chibi_C"",EngramLevelRequirement=0,EngramPointsCost=0,EngramHidden=False,RemoveEngramPreReq=True)",x,,,,,
"OverrideNamedEngramEntries=(EngramClassName=""EngramEntry_Paleo_Meraxes_Chibi_C"",EngramLevelRequirement=0,EngramPointsCost=0,EngramHidden=False,RemoveEngramPreReq=True)",x,,,,,
"OverrideNamedEngramEntries=(EngramClassName=""EngramEntry_Animated_Meraxes_Chibi_C"",EngramLevelRequirement=0,EngramPointsCost=0,EngramHidden=False,RemoveEngramPreReq=True)",x,,,,,
"OverrideNamedEngramEntries=(EngramClassName=""EngramEntry_Corrupted_Meraxes_Chibi_C"",EngramLevelRequirement=0,EngramPointsCost=0,EngramHidden=False,RemoveEngramPreReq=True)",x,,,,,
"OverrideNamedEngramEntries=(EngramClassName=""RW_EngramEntry_ArmorChip_C"",EngramLevelRequirement=0,EngramPointsCost=0,EngramHidden=False,RemoveEngramPreReq=True)",,22,4,Runic Wyverns,,
"OverrideNamedEngramEntries=(EngramClassName=""RW_EngramEntry_Shrine_C"",EngramLevelRequirement=0,EngramPointsCost=0,EngramHidden=False,RemoveEngramPreReq=True)",,14,5,,,
"OverrideNamedEngramEntries=(EngramClassName=""RW_EngramEntry_GhostBoss_v2_C"",EngramLevelRequirement=0,EngramPointsCost=0,EngramHidden=False,RemoveEngramPreReq=True)",x,,,,,"decent boss, but would require more of the mods items / wyverns"
"OverrideNamedEngramEntries=(EngramClassName=""RW_EngramEntry_RubyCrystal_C"",EngramLevelRequirement=0,EngramPointsCost=0,EngramHidden=False,RemoveEngramPreReq=True)",,38,2,,,
"OverrideNamedEngramEntries=(EngramClassName=""RW_EngramEntry_SapphireCrystal_C"",EngramLevelRequirement=0,EngramPointsCost=0,EngramHidden=False,RemoveEngramPreReq=True)",,38,2,,,
"OverrideNamedEngramEntries=(EngramClassName=""RW_EngramEntry_EmeraldCrystal_C"",EngramLevelRequirement=0,EngramPointsCost=0,EngramHidden=False,RemoveEngramPreReq=True)",,38,2,,,
"OverrideNamedEngramEntries=(EngramClassName=""RW_EngramEntry_ChromaticCrystal_C"",EngramLevelRequirement=0,EngramPointsCost=0,EngramHidden=False,RemoveEngramPreReq=True)",,27,2,,,for runic halo lantern
"OverrideNamedEngramEntries=(EngramClassName=""RW_EngramEntry_Saddle_C"",EngramLevelRequirement=0,EngramPointsCost=0,EngramHidden=False,RemoveEngramPreReq=True)",,33,6,,,
"OverrideNamedEngramEntries=(EngramClassName=""RW_EngramEntry_TalonBundle_C"",EngramLevelRequirement=0,EngramPointsCost=0,EngramHidden=False,RemoveEngramPreReq=True)",x,,,,,
"OverrideNamedEngramEntries=(EngramClassName=""RW_EngramEntry_CrystalQueen_C"",EngramLevelRequirement=0,EngramPointsCost=0,EngramHidden=False,RemoveEngramPreReq=True)",x,,,,,"decent boss, but would require more of the mods items / wyverns"
"OverrideNamedEngramEntries=(EngramClassName=""RW_EngramEntry_RunicVoidOverrideChip_C"",EngramLevelRequirement=0,EngramPointsCost=0,EngramHidden=False,RemoveEngramPreReq=True)",x,,,,,for runic void wyvern
"OverrideNamedEngramEntries=(EngramClassName=""RW_EngramEntry_Aug_Flame_C"",EngramLevelRequirement=0,EngramPointsCost=0,EngramHidden=False,RemoveEngramPreReq=True)",x,,,,,
"OverrideNamedEngramEntries=(EngramClassName=""RW_EngramEntry_Aug_Glacial_C"",EngramLevelRequirement=0,EngramPointsCost=0,EngramHidden=False,RemoveEngramPreReq=True)",x,,,,,
"OverrideNamedEngramEntries=(EngramClassName=""RW_EngramEntry_Aug_HideAntlers_C"",EngramLevelRequirement=0,EngramPointsCost=0,EngramHidden=False,RemoveEngramPreReq=True)",x,,,,,
"OverrideNamedEngramEntries=(EngramClassName=""RW_EngramEntry_Aug_HideHalo_C"",EngramLevelRequirement=0,EngramPointsCost=0,EngramHidden=False,RemoveEngramPreReq=True)",x,,,,,
"OverrideNamedEngramEntries=(EngramClassName=""RW_EngramEntry_Aug_Spark_C"",EngramLevelRequirement=0,EngramPointsCost=0,EngramHidden=False,RemoveEngramPreReq=True)",x,,,,,
"OverrideNamedEngramEntries=(EngramClassName=""RW_EngramEntry_Aug_Venom_C"",EngramLevelRequirement=0,EngramPointsCost=0,EngramHidden=False,RemoveEngramPreReq=True)",x,,,,,
"OverrideNamedEngramEntries=(EngramClassName=""EngramEntry_Saddle_Leopard_C"",EngramLevelRequirement=0,EngramPointsCost=0,EngramHidden=False,RemoveEngramPreReq=True)",x,,,Cliffans Additional Critters (& Creatures),,
"OverrideNamedEngramEntries=(EngramClassName=""EngramEntry_Saddle_LeopardFaceplate_C"",EngramLevelRequirement=0,EngramPointsCost=0,EngramHidden=False,RemoveEngramPreReq=True)",x,,,,,
"OverrideNamedEngramEntries=(EngramClassName=""EngramEntry_Saddle_RatCheese_C"",EngramLevelRequirement=0,EngramPointsCost=0,EngramHidden=False,RemoveEngramPreReq=True)",x,,,,,
"OverrideNamedEngramEntries=(EngramClassName=""EngramEntry_Saddle_RatLantern_C"",EngramLevelRequirement=0,EngramPointsCost=0,EngramHidden=False,RemoveEngramPreReq=True)",x,,,,,
"OverrideNamedEngramEntries=(EngramClassName=""EngramEntry_Saddle_RatPouch_C"",EngramLevelRequirement=0,EngramPointsCost=0,EngramHidden=False,RemoveEngramPreReq=True)",x,,,,,
"OverrideNamedEngramEntries=(EngramClassName=""EngramEntry_Saddle_RacoonBackpackMedium_C"",EngramLevelRequirement=0,EngramPointsCost=0,EngramHidden=False,RemoveEngramPreReq=True)",x,,,,,
"OverrideNamedEngramEntries=(EngramClassName=""EngramEntry_TetraSaddle_C"",EngramLevelRequirement=0,EngramPointsCost=0,EngramHidden=False,RemoveEngramPreReq=True)",,96,45,Veridian Forge: Stegotetrabelodon,,platform saddle
"OverrideNamedEngramEntries=(EngramClassName=""EngramEntry_Trebuchet_C"",EngramLevelRequirement=0,EngramPointsCost=0,EngramHidden=False,RemoveEngramPreReq=True)",,64,4,,,
"OverrideNamedEngramEntries=(EngramClassName=""EngramEntry_Macuahuitl_C"",EngramLevelRequirement=0,EngramPointsCost=0,EngramHidden=False,RemoveEngramPreReq=True)",x,,,,,better club
"OverrideNamedEngramEntries=(EngramClassName=""EngramEntry_TetraSaddleDwarf_C"",EngramLevelRequirement=0,EngramPointsCost=0,EngramHidden=False,RemoveEngramPreReq=True)",,49,25,,,
"OverrideNamedEngramEntries=(EngramClassName=""EngramEntry_TetraSaddle2_C"",EngramLevelRequirement=0,EngramPointsCost=0,EngramHidden=False,RemoveEngramPreReq=True)",,58,5,,,saddle ext
"OverrideNamedEngramEntries=(EngramClassName=""EngramEntry_TetraSaddle3_C"",EngramLevelRequirement=0,EngramPointsCost=0,EngramHidden=False,RemoveEngramPreReq=True)",,58,6,,,saddle ext
"OverrideNamedEngramEntries=(EngramClassName=""EngramEntry_Hwacha_C"",EngramLevelRequirement=0,EngramPointsCost=0,EngramHidden=False,RemoveEngramPreReq=True)",,64,4,,,
"OverrideNamedEngramEntries=(EngramClassName=""EngramEntry_RR_FeedingBasket_C"",EngramLevelRequirement=0,EngramPointsCost=0,EngramHidden=False,RemoveEngramPreReq=True)",x,,,RR-StarExoticAnimals,,
"OverrideNamedEngramEntries=(EngramClassName=""EngramEntry_RR_Elephant_Saddle_C"",EngramLevelRequirement=0,EngramPointsCost=0,EngramHidden=False,RemoveEngramPreReq=True)",x,,,,,
"OverrideNamedEngramEntries=(EngramClassName=""EngramEntry_RR_Giraffe_Saddle_C"",EngramLevelRequirement=0,EngramPointsCost=0,EngramHidden=False,RemoveEngramPreReq=True)",x,,,,,
"OverrideNamedEngramEntries=(EngramClassName=""EngramEntry_RR_StarLion_Saddle_C"",EngramLevelRequirement=0,EngramPointsCost=0,EngramHidden=False,RemoveEngramPreReq=True)",x,,,,,
"OverrideNamedEngramEntries=(EngramClassName=""EngramEntry_RR_Olfend_Saddle_C"",EngramLevelRequirement=0,EngramPointsCost=0,EngramHidden=False,RemoveEngramPreReq=True)",x,,,,,
"OverrideNamedEngramEntries=(EngramClassName=""EngramEntry_RR_Rhino_Saddle_C"",EngramLevelRequirement=0,EngramPointsCost=0,EngramHidden=False,RemoveEngramPreReq=True)",x,,,,,
"OverrideNamedEngramEntries=(EngramClassName=""EngramEntry_RR_StarTiger_Saddle_C"",EngramLevelRequirement=0,EngramPointsCost=0,EngramHidden=False,RemoveEngramPreReq=True)",x,,,,,
"OverrideNamedEngramEntries=(EngramClassName=""EngramEntry_RR_HammerheadShark_Saddle_C"",EngramLevelRequirement=0,EngramPointsCost=0,EngramHidden=False,RemoveEngramPreReq=True)",x,,,RR-StarAnimals,,
"OverrideNamedEngramEntries=(EngramClassName=""EngramEntry_RR_Saddle_Leatherwing_C"",EngramLevelRequirement=0,EngramPointsCost=0,EngramHidden=False,RemoveEngramPreReq=True)",,45,18,,,
"OverrideNamedEngramEntries=(EngramClassName=""EngramEntry_RR_Saddle_Razortooth_C"",EngramLevelRequirement=0,EngramPointsCost=0,EngramHidden=False,RemoveEngramPreReq=True)",x,,,,,
"OverrideNamedEngramEntries=(EngramClassName=""EngramEntry_RR_Saddle_StarOstrich_C"",EngramLevelRequirement=0,EngramPointsCost=0,EngramHidden=False,RemoveEngramPreReq=True)",x,,,,,
"OverrideNamedEngramEntries=(EngramClassName=""EngramEntry_RR_Saddle_StarShieldhorn_C"",EngramLevelRequirement=0,EngramPointsCost=0,EngramHidden=False,RemoveEngramPreReq=True)",x,,,,,
"OverrideNamedEngramEntries=(EngramClassName=""EngramEntry_RR_Saddle_StarTrikehorn_C"",EngramLevelRequirement=0,EngramPointsCost=0,EngramHidden=False,RemoveEngramPreReq=True)",x,,,,,
"OverrideNamedEngramEntries=(EngramClassName=""EngramEntry_Saddle_RR_StarCarrierTurtle_C"",EngramLevelRequirement=0,EngramPointsCost=0,EngramHidden=False,RemoveEngramPreReq=True)",x,,,,,
"OverrideNamedEngramEntries=(EngramClassName=""EngramEntry_RR_Saddle_StarCowBull_C"",EngramLevelRequirement=0,EngramPointsCost=0,EngramHidden=False,RemoveEngramPreReq=True)",x,,,RR-StarFarmAnimals,,
"OverrideNamedEngramEntries=(EngramClassName=""EngramEntry_RR_Saddle_StarHorse_C"",EngramLevelRequirement=0,EngramPointsCost=0,EngramHidden=False,RemoveEngramPreReq=True)",x,,,,,
"OverrideNamedEngramEntries=(EngramClassName=""EngramEntry_RR_Saddle_Pig_C"",EngramLevelRequirement=0,EngramPointsCost=0,EngramHidden=False,RemoveEngramPreReq=True)",x,,,,,
"OverrideNamedEngramEntries=(EngramClassName=""EngramEntry_Saddle_Krono_C"",EngramLevelRequirement=0,EngramPointsCost=0,EngramHidden=False,RemoveEngramPreReq=True)",x,83,42,Oceania Content,,dino broken rn
"OverrideNamedEngramEntries=(EngramClassName=""EngramEntry_Saddle_Archelon_AEM_C"",EngramLevelRequirement=0,EngramPointsCost=0,EngramHidden=False,RemoveEngramPreReq=True)",,26,7,,,
"OverrideNamedEngramEntries=(EngramClassName=""EngramEntry_Saddle_Dugong_C"",EngramLevelRequirement=0,EngramPointsCost=0,EngramHidden=False,RemoveEngramPreReq=True)",,16,6,,,
"OverrideNamedEngramEntries=(EngramClassName=""EngramEntry_CoralWaterBed_C"",EngramLevelRequirement=0,EngramPointsCost=0,EngramHidden=False,RemoveEngramPreReq=True)",x,,,,,
"OverrideNamedEngramEntries=(EngramClassName=""EngramEntry_CoralFoundation_C"",EngramLevelRequirement=0,EngramPointsCost=0,EngramHidden=False,RemoveEngramPreReq=True)",x,,,,,
"OverrideNamedEngramEntries=(EngramClassName=""EngramEntry_CoralWall_C"",EngramLevelRequirement=0,EngramPointsCost=0,EngramHidden=False,RemoveEngramPreReq=True)",x,,,,,
"OverrideNamedEngramEntries=(EngramClassName=""EngramEntry_CoralCeiling_C"",EngramLevelRequirement=0,EngramPointsCost=0,EngramHidden=False,RemoveEngramPreReq=True)",x,,,,,
"OverrideNamedEngramEntries=(EngramClassName=""EngramEntry_CoralStairs_C"",EngramLevelRequirement=0,EngramPointsCost=0,EngramHidden=False,RemoveEngramPreReq=True)",x,,,,,
"OverrideNamedEngramEntries=(EngramClassName=""EngramEntry_PreservingBarrel_C"",EngramLevelRequirement=0,EngramPointsCost=0,EngramHidden=False,RemoveEngramPreReq=True)",x,,,,,
"OverrideNamedEngramEntries=(EngramClassName=""EngramEntry_CoralDoor_C"",EngramLevelRequirement=0,EngramPointsCost=0,EngramHidden=False,RemoveEngramPreReq=True)",x,,,,,
"OverrideNamedEngramEntries=(EngramClassName=""EngramEntry_CoralCampfire_C"",EngramLevelRequirement=0,EngramPointsCost=0,EngramHidden=False,RemoveEngramPreReq=True)",x,,,,,
"OverrideNamedEngramEntries=(EngramClassName=""EngramEntry_SlopedCoralWall_C"",EngramLevelRequirement=0,EngramPointsCost=0,EngramHidden=False,RemoveEngramPreReq=True)",x,,,,,
"OverrideNamedEngramEntries=(EngramClassName=""EngramEntry_CoralNode_C"",EngramLevelRequirement=0,EngramPointsCost=0,EngramHidden=False,RemoveEngramPreReq=True)",x,,,,,
"OverrideNamedEngramEntries=(EngramClassName=""EngramEntry_CoralPillar_C"",EngramLevelRequirement=0,EngramPointsCost=0,EngramHidden=False,RemoveEngramPreReq=True)",x,,,,,
"OverrideNamedEngramEntries=(EngramClassName=""EngramEntry_Saddle_TurretBallistaBrachyura_C"",EngramLevelRequirement=0,EngramPointsCost=0,EngramHidden=False,RemoveEngramPreReq=True)",x,,,,,
"OverrideNamedEngramEntries=(EngramClassName=""EngramEntry_Saddle_TurretCannonBrachyura_C"",EngramLevelRequirement=0,EngramPointsCost=0,EngramHidden=False,RemoveEngramPreReq=True)",x,,,,,
"OverrideNamedEngramEntries=(EngramClassName=""EngramEntry_Saddle_TurretCatapultBrachyura_C"",EngramLevelRequirement=0,EngramPointsCost=0,EngramHidden=False,RemoveEngramPreReq=True)",x,,,,,
"OverrideNamedEngramEntries=(EngramClassName=""EngramEntry_Saddle_TurretMinigunBrachyura_C"",EngramLevelRequirement=0,EngramPointsCost=0,EngramHidden=False,RemoveEngramPreReq=True)",x,,,,,
"OverrideNamedEngramEntries=(EngramClassName=""EngramEntry_Saddle_TurretRocketBrachyura_C"",EngramLevelRequirement=0,EngramPointsCost=0,EngramHidden=False,RemoveEngramPreReq=True)",x,,,,,
,,,,,,
,,,,,,
,,,,,,
,,,,,,
,,,,,,
"OverrideNamedEngramEntries=(EngramClassName=""EngramEntry_FishBait_C"",EngramLevelRequirement=0,EngramPointsCost=0,EngramHidden=False,RemoveEngramPreReq=True)",,52,2,Cyrus Drakonis,,
"OverrideNamedEngramEntries=(EngramClassName=""EngramEntry_Saddle_Wak_Spino_C"",EngramLevelRequirement=0,EngramPointsCost=0,EngramHidden=False,RemoveEngramPreReq=True)",,95,36,Wak Spino,,
"OverrideNamedEngramEntries=(EngramClassName=""EngramEntry_FishSoup_C"",EngramLevelRequirement=0,EngramPointsCost=0,EngramHidden=False,RemoveEngramPreReq=True)",,95,8,,,
"OverrideNamedEngramEntries=(EngramClassName=""EngramEntry_Saddle_Wak_Spino_Flag_C"",EngramLevelRequirement=0,EngramPointsCost=0,EngramHidden=False,RemoveEngramPreReq=True)",x,,,,,
"OverrideNamedEngramEntries=(EngramClassName=""EngramEntry_Chibi_Wak_Spino_C"",EngramLevelRequirement=0,EngramPointsCost=0,EngramHidden=False,RemoveEngramPreReq=True)",x,,,,,
"OverrideNamedEngramEntries=(EngramClassName=""EngramEntry_Chibi_SE_Wak_Spino_C"",EngramLevelRequirement=0,EngramPointsCost=0,EngramHidden=False,RemoveEngramPreReq=True)",x,,,,,
"OverrideNamedEngramEntries=(EngramClassName=""EngramEntry_HatzSaddle_C"",EngramLevelRequirement=0,EngramPointsCost=0,EngramHidden=False,RemoveEngramPreReq=True)",,92,30,Hatzegopteryx Kukulkan,,
"OverrideNamedEngramEntries=(EngramClassName=""EngramEntry_HatzSaddle_Battle_C"",EngramLevelRequirement=0,EngramPointsCost=0,EngramHidden=False,RemoveEngramPreReq=True)",,95,45,,,
"OverrideNamedEngramEntries=(EngramClassName=""EngramEntry_EdmontoniaSaddle_C"",EngramLevelRequirement=0,EngramPointsCost=0,EngramHidden=False,RemoveEngramPreReq=True)",,59,34,Additions: Edmontonia,,
"OverrideNamedEngramEntries=(EngramClassName=""EngramEntry_EdFlamethrowerSaddle_C"",EngramLevelRequirement=0,EngramPointsCost=0,EngramHidden=False,RemoveEngramPreReq=True)",,69,41,,,
"OverrideNamedEngramEntries=(EngramClassName=""EngramEntry_AnomalocarisSaddle_C"",EngramLevelRequirement=0,EngramPointsCost=0,EngramHidden=False,RemoveEngramPreReq=True)",,44,24,Additions: Anomalocaris,,
"OverrideNamedEngramEntries=(EngramClassName=""EngramEntry_AnomaloCocktail_C"",EngramLevelRequirement=0,EngramPointsCost=0,EngramHidden=False,RemoveEngramPreReq=True)",,44,5,,,
"OverrideNamedEngramEntries=(EngramClassName=""EngramEntry_DraconyxSaddle_C"",EngramLevelRequirement=0,EngramPointsCost=0,EngramHidden=False,RemoveEngramPreReq=True)",,14,9,Arketypes: Draconyx,,
"OverrideNamedEngramEntries=(EngramClassName=""EngramEntry_BombardierBeetleSaddle_C"",EngramLevelRequirement=0,EngramPointsCost=0,EngramHidden=False,RemoveEngramPreReq=True)",,46,20,Arketypes: Bombardier Beetle,,
"OverrideNamedEngramEntries=(EngramClassName=""EngramEntry_Saddle_Lyco_C"",EngramLevelRequirement=0,EngramPointsCost=0,EngramHidden=False,RemoveEngramPreReq=True)",,9,7,Piggle's Lycosuchus,,
"OverrideNamedEngramEntries=(EngramClassName=""EngramEntry_Saddle_Lyco_ExtraArmor_C"",EngramLevelRequirement=0,EngramPointsCost=0,EngramHidden=False,RemoveEngramPreReq=True)",x,,,,,
"OverrideNamedEngramEntries=(EngramClassName=""EngramEntry_Saddle_Lyco_Bag_C"",EngramLevelRequirement=0,EngramPointsCost=0,EngramHidden=False,RemoveEngramPreReq=True)",x,,,,,
"OverrideNamedEngramEntries=(EngramClassName=""EngramEntry_Saddle_Lyco_Ghillie_C"",EngramLevelRequirement=0,EngramPointsCost=0,EngramHidden=False,RemoveEngramPreReq=True)",x,,,,,
"OverrideNamedEngramEntries=(EngramClassName=""EngramEntry_Saddle_Lyco_DMG_C"",EngramLevelRequirement=0,EngramPointsCost=0,EngramHidden=False,RemoveEngramPreReq=True)",x,,,,,
"OverrideNamedEngramEntries=(EngramClassName=""EngramEntry_CureGreater_C"",EngramLevelRequirement=0,EngramPointsCost=0,EngramHidden=False,RemoveEngramPreReq=True)",,24,3,Piggle's Adasaurus,,
"OverrideNamedEngramEntries=(EngramClassName=""EngramEntry_Saddle_Ada_C"",EngramLevelRequirement=0,EngramPointsCost=0,EngramHidden=False,RemoveEngramPreReq=True)",,24,16,,,
"OverrideNamedEngramEntries=(EngramClassName=""EngramEntry_ChibiAda_C"",EngramLevelRequirement=0,EngramPointsCost=0,EngramHidden=False,RemoveEngramPreReq=True)",x,,,,,"chibi, eh"
"OverrideNamedEngramEntries=(EngramClassName=""EngramEntry_Saddle_EVO_Giga_C"",EngramLevelRequirement=0,EngramPointsCost=0,EngramHidden=False,RemoveEngramPreReq=True)",,94,66,Paleo: Apex Predators,,
"OverrideNamedEngramEntries=(EngramClassName=""EngramEntry_Saddle_EVO_Rex_C"",EngramLevelRequirement=0,EngramPointsCost=0,EngramHidden=False,RemoveEngramPreReq=True)",,77,48,,,
"OverrideNamedEngramEntries=(EngramClassName=""EngramEntry_Saddle_EVO_Tarbo_C"",EngramLevelRequirement=0,EngramPointsCost=0,EngramHidden=False,RemoveEngramPreReq=True)",x,,,,,Tarbo Saddle
"OverrideNamedEngramEntries=(EngramClassName=""EngramEntry_Saddle_Tek_EVO_Rex_C"",EngramLevelRequirement=0,EngramPointsCost=0,EngramHidden=False,RemoveEngramPreReq=True)",,,,,,tek
"OverrideNamedEngramEntries=(EngramClassName=""EngramEntry_Saddle_EVO_Mosa_C"",EngramLevelRequirement=0,EngramPointsCost=0,EngramHidden=False,RemoveEngramPreReq=True)",,81,56,Paleo: Dangerous Depths,,
"OverrideNamedEngramEntries=(EngramClassName=""EngramEntry_Saddle_EVO_Therizino_C"",EngramLevelRequirement=0,EngramPointsCost=0,EngramHidden=False,RemoveEngramPreReq=True)",,73,42,Paleo: Hard Hitting Herbivores,,
"OverrideNamedEngramEntries=(EngramClassName=""EngramEntry_Saddle_PA_Cryptoclidus_C"",EngramLevelRequirement=0,EngramPointsCost=0,EngramHidden=False,RemoveEngramPreReq=True)",,27,20,Paleo: Native Aquatics,,
"OverrideNamedEngramEntries=(EngramClassName=""EngramEntry_Saddle_PA_Empiro_C"",EngramLevelRequirement=0,EngramPointsCost=0,EngramHidden=False,RemoveEngramPreReq=True)",,88,44,Paleo: Rulers of the Wastelands,,
"OverrideNamedEngramEntries=(EngramClassName=""EngramEntry_Saddle_PA_Ledu_C"",EngramLevelRequirement=0,EngramPointsCost=0,EngramHidden=False,RemoveEngramPreReq=True)",,88,49,,,
"OverrideNamedEngramEntries=(EngramClassName=""EngramEntry_MegistotheriumSaddle_C"",EngramLevelRequirement=0,EngramPointsCost=0,EngramHidden=False,RemoveEngramPreReq=True)",,74,40,Xyphias' Creatures: Megistotherium,,
"OverrideNamedEngramEntries=(EngramClassName=""EngramEntry_MeiolaniaSaddle_C"",EngramLevelRequirement=0,EngramPointsCost=0,EngramHidden=False,RemoveEngramPreReq=True)",,34,22,Xyphias' Creatures: Meiolania,,
"OverrideNamedEngramEntries=(EngramClassName=""EngramEntry_MeiolaniaMortarSaddle_C"",EngramLevelRequirement=0,EngramPointsCost=0,EngramHidden=False,RemoveEngramPreReq=True)",,89,45,,,
"OverrideNamedEngramEntries=(EngramClassName=""EngramEntry_RocketMortar_C"",EngramLevelRequirement=0,EngramPointsCost=0,EngramHidden=False,RemoveEngramPreReq=True)",,89,6,,,
"OverrideNamedEngramEntries=(EngramClassName=""EngramEntry_MeiolaniaShield_C"",EngramLevelRequirement=0,EngramPointsCost=0,EngramHidden=False,RemoveEngramPreReq=True)",x,,,,,shield that blocks 100% of view
"OverrideNamedEngramEntries=(EngramClassName=""EngramEntry_MeiolaniaStonecutterSaddle_C"",EngramLevelRequirement=0,EngramPointsCost=0,EngramHidden=False,RemoveEngramPreReq=True)",x,,,,,
"OverrideNamedEngramEntries=(EngramClassName=""EngramEntry_CrushedBlackPearl_C"",EngramLevelRequirement=0,EngramPointsCost=0,EngramHidden=False,RemoveEngramPreReq=True)",x,,,Xyphias' Creatures: Mischoptera,,
"OverrideNamedEngramEntries=(EngramClassName=""EngramEntry_InfusedCrushedBlackPearl_C"",EngramLevelRequirement=0,EngramPointsCost=0,EngramHidden=False,RemoveEngramPreReq=True)",x,,,,,
"OverrideNamedEngramEntries=(EngramClassName=""EngramEntry_MischopteraSaddle_C"",EngramLevelRequirement=0,EngramPointsCost=0,EngramHidden=False,RemoveEngramPreReq=True)",,68,20,,,
"OverrideNamedEngramEntries=(EngramClassName=""EngramEntry_VetulicolianFood_C"",EngramLevelRequirement=0,EngramPointsCost=0,EngramHidden=False,RemoveEngramPreReq=True)",,3,1,Xyphias' Creatures: Vetulicolians,,
"OverrideNamedEngramEntries=(EngramClassName=""EngramEntry_Saddle_Titanophoneus_C"",EngramLevelRequirement=0,EngramPointsCost=0,EngramHidden=False,RemoveEngramPreReq=True)",,53,30,,,
"OverrideNamedEngramEntries=(EngramClassName=""EngramEntry_Saddle_Kurupi_C"",EngramLevelRequirement=0,EngramPointsCost=0,EngramHidden=False,RemoveEngramPreReq=True)",,17,10,,,
"OverrideNamedEngramEntries=(EngramClassName=""EngramEntry_Saddle_Taniwhasaurus_C"",EngramLevelRequirement=0,EngramPointsCost=0,EngramHidden=False,RemoveEngramPreReq=True)",,14,10,,,
"OverrideNamedEngramEntries=(EngramClassName=""EngramEntry_Saddle_Camarilla_C"",EngramLevelRequirement=0,EngramPointsCost=0,EngramHidden=False,RemoveEngramPreReq=True)",,22,14,,,
"OverrideNamedEngramEntries=(EngramClassName=""EngramEntry_Saddle_Europa_C"",EngramLevelRequirement=0,EngramPointsCost=0,EngramHidden=False,RemoveEngramPreReq=True)",,76,35,Neo Ark Ascended: Europasaurus,,
"OverrideNamedEngramEntries=(EngramClassName=""EngramEntry_DinocrocutaSaddle_C"",EngramLevelRequirement=0,EngramPointsCost=0,EngramHidden=False,RemoveEngramPreReq=True)",,52,22,Feras Vanilla Edits: Dinocrocuta,,
"OverrideNamedEngramEntries=(EngramClassName=""EngramEntry_SmilodonSaddle_C"",EngramLevelRequirement=0,EngramPointsCost=0,EngramHidden=False,RemoveEngramPreReq=True)",,46,20,Feras Vanilla Edits: Smilodon,,
"OverrideNamedEngramEntries=(EngramClassName=""EngramEntry_ArcticFoxSaddle_C"",EngramLevelRequirement=0,EngramPointsCost=0,EngramHidden=False,RemoveEngramPreReq=True)",,6,3,Feras Fauna Foxes,,
"OverrideNamedEngramEntries=(EngramClassName=""EngramEntry_TatzelwurmSaddle_C"",EngramLevelRequirement=0,EngramPointsCost=0,EngramHidden=False,RemoveEngramPreReq=True)",,48,20,Curious Cryptids,,
"OverrideNamedEngramEntries=(EngramClassName=""EngramEntry_BatteryCharger_C"",EngramLevelRequirement=0,EngramPointsCost=0,EngramHidden=False,RemoveEngramPreReq=True)",,45,3,Myrm's Custom Creations: Dracoteuthis,,
"OverrideNamedEngramEntries=(EngramClassName=""EngramEntry_Saddle_Glaucus_C"",EngramLevelRequirement=0,EngramPointsCost=0,EngramHidden=False,RemoveEngramPreReq=True)",,88,34,Myrm's Custom Creations: Draconis Glaucus,,
"OverrideNamedEngramEntries=(EngramClassName=""EngramEntry_InstinctNullifier_C"",EngramLevelRequirement=0,EngramPointsCost=0,EngramHidden=False,RemoveEngramPreReq=True)",,32,5,Isle of Myths: Skyshroud Drakara,,
"OverrideNamedEngramEntries=(EngramClassName=""EngramEntry_DrakaraKibble_C"",EngramLevelRequirement=0,EngramPointsCost=0,EngramHidden=False,RemoveEngramPreReq=True)",,32,4,,,
"OverrideNamedEngramEntries=(EngramClassName=""EngramEntry_Saddle_Drakara_C"",EngramLevelRequirement=0,EngramPointsCost=0,EngramHidden=False,RemoveEngramPreReq=True)",,32,25,,,
"OverrideNamedEngramEntries=(EngramClassName=""EngramEntry_Saddle_Oxalaia_C"",EngramLevelRequirement=0,EngramPointsCost=0,EngramHidden=False,RemoveEngramPreReq=True)",,76,35,Isle of Myths: Oxalaia,,
"OverrideNamedEngramEntries=(EngramClassName=""EngramEntry_Saddle_Spearcrest_C"",EngramLevelRequirement=0,EngramPointsCost=0,EngramHidden=False,RemoveEngramPreReq=True)",,72,37,Isle of Myths: Spearcrest,,
"OverrideNamedEngramEntries=(EngramClassName=""EngramEntry_Saddle_Suchomimus_C"",EngramLevelRequirement=0,EngramPointsCost=0,EngramHidden=False,RemoveEngramPreReq=True)",,56,25,Isle of Myths: Suchomimus,,
"OverrideNamedEngramEntries=(EngramClassName=""EngramEntry_SaddleTylosaurus_C"",EngramLevelRequirement=0,EngramPointsCost=0,EngramHidden=False,RemoveEngramPreReq=True)",,67,29,Moro's Tylosaurus,,
"OverrideNamedEngramEntries=(EngramClassName=""EngramEntry_BaseSaddle_Notho_C"",EngramLevelRequirement=0,EngramPointsCost=0,EngramHidden=False,RemoveEngramPreReq=True)",,47,24,Moro's Nothosaurus,,
"OverrideNamedEngramEntries=(EngramClassName=""EngramEntry_RubidgeaOCSaddle_C"",EngramLevelRequirement=0,EngramPointsCost=0,EngramHidden=False,RemoveEngramPreReq=True)",,54,26,Origin Creations - Rubidgea,,
"OverrideNamedEngramEntries=(EngramClassName=""EngramEntry_Coagulated-Kibble_C"",EngramLevelRequirement=0,EngramPointsCost=0,EngramHidden=False,RemoveEngramPreReq=True)",,36,7,[T.A.C] Daemonis,,
"OverrideNamedEngramEntries=(EngramClassName=""EngramEntry_Coagulated-Spread_Consumable_C"",EngramLevelRequirement=0,EngramPointsCost=0,EngramHidden=False,RemoveEngramPreReq=True)",,31,4,,,
"OverrideNamedEngramEntries=(EngramClassName=""EngramEntry_Daemonis_Boss_C"",EngramLevelRequirement=0,EngramPointsCost=0,EngramHidden=False,RemoveEngramPreReq=True)",x,,,,,
"OverrideNamedEngramEntries=(EngramClassName=""EngramEntry_Saddle_Daemonis_C"",EngramLevelRequirement=0,EngramPointsCost=0,EngramHidden=False,RemoveEngramPreReq=True)",,46,14,,,
"OverrideNamedEngramEntries=(EngramClassName=""EngramEntry_Dzung-Standard-Saddle_C"",EngramLevelRequirement=0,EngramPointsCost=0,EngramHidden=False,RemoveEngramPreReq=True)",,48,22,[T.A.C./DETV] Dzungariotherium,,
"OverrideNamedEngramEntries=(EngramClassName=""EngramEntry_Dzung-Armor_C"",EngramLevelRequirement=0,EngramPointsCost=0,EngramHidden=False,RemoveEngramPreReq=True)",,68,44,,,
"OverrideNamedEngramEntries=(EngramClassName=""EngramEntry_Dzung-Platform_C"",EngramLevelRequirement=0,EngramPointsCost=0,EngramHidden=False,RemoveEngramPreReq=True)",,58,33,,,
"OverrideNamedEngramEntries=(EngramClassName=""EngramEntry_Saddle_Mono_C"",EngramLevelRequirement=0,EngramPointsCost=0,EngramHidden=False,RemoveEngramPreReq=True)",x,,,Forgotten Fauna Monolophosaurus,,shield saddle extension
"OverrideNamedEngramEntries=(EngramClassName=""EngramEntry_MonoSaddleBlade_C"",EngramLevelRequirement=0,EngramPointsCost=0,EngramHidden=False,RemoveEngramPreReq=True)",,37,22,,,
"OverrideNamedEngramEntries=(EngramClassName=""EngramEntry_MonoSaddleShield_C"",EngramLevelRequirement=0,EngramPointsCost=0,EngramHidden=False,RemoveEngramPreReq=True)",,42,12,,,
"OverrideNamedEngramEntries=(EngramClassName=""EngramEntry_Saddle_Noxcalva_C"",EngramLevelRequirement=0,EngramPointsCost=0,EngramHidden=False,RemoveEngramPreReq=True)",,33,16,Blazing's Noxcalvasaurus,,
"OverrideNamedEngramEntries=(EngramClassName=""EngramEntry_RoyalArchaeImplant_C"",EngramLevelRequirement=0,EngramPointsCost=0,EngramHidden=False,RemoveEngramPreReq=True)",,18,6,Shad's Royal Archaeopteryx,,
"OverrideNamedEngramEntries=(EngramClassName=""EngramEntry_Saddle_Plateo_C"",EngramLevelRequirement=0,EngramPointsCost=0,EngramHidden=False,RemoveEngramPreReq=True)",,27,12,Faye's Ascended Menagerie,,
"OverrideNamedEngramEntries=(EngramClassName=""EngramEntry_Saddle_Diamantino_C"",EngramLevelRequirement=0,EngramPointsCost=0,EngramHidden=False,RemoveEngramPreReq=True)",,84,40,Aussie Additions Diamantinasaurus,,
"OverrideNamedEngramEntries=(EngramClassName=""EngramEntry_Saddle_DiamantinoChest_C"",EngramLevelRequirement=0,EngramPointsCost=0,EngramHidden=False,RemoveEngramPreReq=True)",x,,,,,saddle ext
"OverrideNamedEngramEntries=(EngramClassName=""EngramEntry_Saddle_DiamantinoLegs_C"",EngramLevelRequirement=0,EngramPointsCost=0,EngramHidden=False,RemoveEngramPreReq=True)",x,,,,,saddle ext
"OverrideNamedEngramEntries=(EngramClassName=""EngramEntry_Saddle_DiamantinoNeck_C"",EngramLevelRequirement=0,EngramPointsCost=0,EngramHidden=False,RemoveEngramPreReq=True)",x,,,,,saddle ext
"OverrideNamedEngramEntries=(EngramClassName=""EngramEntry_Saddle_Mutta_C"",EngramLevelRequirement=0,EngramPointsCost=0,EngramHidden=False,RemoveEngramPreReq=True)",,57,25,Aussie Additions Muttaburrasaurus,,
"OverrideNamedEngramEntries=(EngramClassName=""EngramEntry_Saddle_Minmi_C"",EngramLevelRequirement=0,EngramPointsCost=0,EngramHidden=False,RemoveEngramPreReq=True)",,12,5,Aussie Additions Minmi,,
"OverrideNamedEngramEntries=(EngramClassName=""EngramEntry_Saddle_Argentino_Platform_C"",EngramLevelRequirement=0,EngramPointsCost=0,EngramHidden=False,RemoveEngramPreReq=True)",,99,72,Ark Abi's Argentinosaurus Mod,,
"OverrideNamedEngramEntries=(EngramClassName=""EngramEntry_Food_Argentino_Snack_C"",EngramLevelRequirement=0,EngramPointsCost=0,EngramHidden=False,RemoveEngramPreReq=True)",,99,14,,,
"OverrideNamedEngramEntries=(EngramClassName=""EngramEntry_Food_Argentino_Snack_EXT_C"",EngramLevelRequirement=0,EngramPointsCost=0,EngramHidden=False,RemoveEngramPreReq=True)",x,,,,,
"OverrideNamedEngramEntries=(EngramClassName=""EngramEntry_ArgentinoSpawner_C"",EngramLevelRequirement=0,EngramPointsCost=0,EngramHidden=False,RemoveEngramPreReq=True)",x,,,,,"boss spawner, eh"
"OverrideNamedEngramEntries=(EngramClassName=""EngramEntry_TrackingDart_C"",EngramLevelRequirement=0,EngramPointsCost=0,EngramHidden=False,RemoveEngramPreReq=True)",,58,4,Feral Fauna: Majungasaurus,,
"OverrideNamedEngramEntries=(EngramClassName=""EngramEntry_Saddle_Majunga_C"",EngramLevelRequirement=0,EngramPointsCost=0,EngramHidden=False,RemoveEngramPreReq=True)",,58,28,,,
"OverrideNamedEngramEntries=(EngramClassName=""EngramEntry_Saddle_Majunga_Industrial_C"",EngramLevelRequirement=0,EngramPointsCost=0,EngramHidden=False,RemoveEngramPreReq=True)",x,,,,,ext variant saddle
"OverrideNamedEngramEntries=(EngramClassName=""EngramEntry_PurifiedParasites_C"",EngramLevelRequirement=0,EngramPointsCost=0,EngramHidden=False,RemoveEngramPreReq=True)",,82,15,,,
"OverrideNamedEngramEntries=(EngramClassName=""EngramEntry_Saddle_Walliserops_C"",EngramLevelRequirement=0,EngramPointsCost=0,EngramHidden=False,RemoveEngramPreReq=True)",,11,5,Feral Fauna: Walliserops,,
"OverrideNamedEngramEntries=(EngramClassName=""EngramEntry_ChitinSpear_C"",EngramLevelRequirement=0,EngramPointsCost=0,EngramHidden=False,RemoveEngramPreReq=True)",x,,,,,lv 10 spear
"OverrideNamedEngramEntries=(EngramClassName=""EngramEntry_Saddle_Barsboldia_C"",EngramLevelRequirement=0,EngramPointsCost=0,EngramHidden=False,RemoveEngramPreReq=True)",,71,34,Creature Compendium: Barsboldia ,,
"OverrideNamedEngramEntries=(EngramClassName=""EngramEntry_Saddle_DarkedgeSaddle_C"",EngramLevelRequirement=0,EngramPointsCost=0,EngramHidden=False,RemoveEngramPreReq=True)",,82,38,,,
"OverrideNamedEngramEntries=(EngramClassName=""EngramEntry_Saddle_Sivatherium_C"",EngramLevelRequirement=0,EngramPointsCost=0,EngramHidden=False,RemoveEngramPreReq=True)",,72,40,ARK Wilds: Sivatherium,,
"OverrideNamedEngramEntries=(EngramClassName=""EngramEntry_Saddle_Cockatrice_C"",EngramLevelRequirement=0,EngramPointsCost=0,EngramHidden=False,RemoveEngramPreReq=True)",,82,35,ARK Wilds: Cockatrice,,
"OverrideNamedEngramEntries=(EngramClassName=""EngramEntry_Saddle_AdditionsBrachio_C"",EngramLevelRequirement=0,EngramPointsCost=0,EngramHidden=False,RemoveEngramPreReq=True)",,74,42,Additions Ascended: Brachiosaurus,,
"OverrideNamedEngramEntries=(EngramClassName=""EngramEntry_Saddle_Styra_C"",EngramLevelRequirement=0,EngramPointsCost=0,EngramHidden=False,RemoveEngramPreReq=True)",,12,5,Neo Ark Ascended: Styracosaurus,,
"OverrideNamedEngramEntries=(EngramClassName=""EngramEntry_Saddle_Skjaldastordr_Ankylo_C"",EngramLevelRequirement=0,EngramPointsCost=0,EngramHidden=False,RemoveEngramPreReq=True)",,36,15,MSVV Skjaldastordr,,
"OverrideNamedEngramEntries=(EngramClassName=""EngramEntry_SaddleEX_EXSpino_C"",EngramLevelRequirement=0,EngramPointsCost=0,EngramHidden=False,RemoveEngramPreReq=True)",,83,40,Extreme Creatures: Spino,,
"OverrideNamedEngramEntries=(EngramClassName=""EngramEntry_Saddle_EXSpino_C"",EngramLevelRequirement=0,EngramPointsCost=0,EngramHidden=False,RemoveEngramPreReq=True)",,91,50,,,
"OverrideNamedEngramEntries=(EngramClassName=""EngramEntry_Redpandafood_C"",EngramLevelRequirement=0,EngramPointsCost=0,EngramHidden=False,RemoveEngramPreReq=True)",,12,5,Cyrus's Critters: Redpanda,,
"OverrideNamedEngramEntries=(EngramClassName=""EngramEntry_RedpandaChibi_C"",EngramLevelRequirement=0,EngramPointsCost=0,EngramHidden=False,RemoveEngramPreReq=True)",x,,,,,
"OverrideNamedEngramEntries=(EngramClassName=""EngramEntry_ChitinShield_C"",EngramLevelRequirement=0,EngramPointsCost=0,EngramHidden=False,RemoveEngramPreReq=True)",,54,7,Cyrus' Critters: [Cuter TLC] Jumping Spider,,
"OverrideNamedEngramEntries=(EngramClassName=""EngramEntry_SpiderFood_C"",EngramLevelRequirement=0,EngramPointsCost=0,EngramHidden=False,RemoveEngramPreReq=True)",,14,6,,,
"OverrideNamedEngramEntries=(EngramClassName=""EngramEntry_ThoraxSaddle_C"",EngramLevelRequirement=0,EngramPointsCost=0,EngramHidden=False,RemoveEngramPreReq=True)",,54,22,,,
"OverrideNamedEngramEntries=(EngramClassName=""EngramEntry_ChibiGecko_C"",EngramLevelRequirement=0,EngramPointsCost=0,EngramHidden=False,RemoveEngramPreReq=True)",x,,,Cyrus' Critters: Magna Gecko,,
"OverrideNamedEngramEntries=(EngramClassName=""EngramEntry_GeckoDossier_C"",EngramLevelRequirement=0,EngramPointsCost=0,EngramHidden=False,RemoveEngramPreReq=True)",x,,,,,
"OverrideNamedEngramEntries=(EngramClassName=""EngramEntry_GeckoFood_C"",EngramLevelRequirement=0,EngramPointsCost=0,EngramHidden=False,RemoveEngramPreReq=True)",,16,8,,,
"OverrideNamedEngramEntries=(EngramClassName=""EngramEntry_Saddle_HuskyWolf_C"",EngramLevelRequirement=0,EngramPointsCost=0,EngramHidden=False,RemoveEngramPreReq=True)",,57,25,HuskyWolf,,
"OverrideNamedEngramEntries=(EngramClassName=""EngramEntry_Saddle_Galva_C"",EngramLevelRequirement=0,EngramPointsCost=0,EngramHidden=False,RemoveEngramPreReq=True)",,68,28,Project Anomaly - Galvarex,,
"OverrideNamedEngramEntries=(EngramClassName=""EngramEntry_Transmutator_Galvarex_C"",EngramLevelRequirement=0,EngramPointsCost=0,EngramHidden=False,RemoveEngramPreReq=True)",,68,12,,,
"OverrideNamedEngramEntries=(EngramClassName=""EngramEntry_Saddle_MM_Owlgriffin_C"",EngramLevelRequirement=0,EngramPointsCost=0,EngramHidden=False,RemoveEngramPreReq=True)",,28,14,MarniiMods Griffins,,
"OverrideNamedEngramEntries=(EngramClassName=""EngramEntry_Saddle_Nycta_C"",EngramLevelRequirement=0,EngramPointsCost=0,EngramHidden=False,RemoveEngramPreReq=True)",,79,43,Isla Nycta's Nyctatyrannus,,
"OverrideNamedEngramEntries=(EngramClassName=""EngramEntry_Saddle_PSpino_C"",EngramLevelRequirement=0,EngramPointsCost=0,EngramHidden=False,RemoveEngramPreReq=True)",,74,45,Paddletail Spino,,
"OverrideNamedEngramEntries=(EngramClassName=""EngramEntry_PaddleSwimmer_AdminRemote_C"",EngramLevelRequirement=0,EngramPointsCost=0,EngramHidden=False,RemoveEngramPreReq=True)",x,,,,,
"OverrideNamedEngramEntries=(EngramClassName=""Engram_OrycKibble_C"",EngramLevelRequirement=0,EngramPointsCost=0,EngramHidden=False,RemoveEngramPreReq=True)",,42,4,Polypeiron Fauna - Orycterocetus,,
"OverrideNamedEngramEntries=(EngramClassName=""Engram_OrycterocetusTotem_C"",EngramLevelRequirement=0,EngramPointsCost=0,EngramHidden=False,RemoveEngramPreReq=True)",,42,21,,,
"OverrideNamedEngramEntries=(EngramClassName=""EngramEntry_Saddle_DShantungosaurus_C"",EngramLevelRequirement=0,EngramPointsCost=0,EngramHidden=False,RemoveEngramPreReq=True)",,66,40,Deimos variants: D-Shantungosaurus,,
"OverrideNamedEngramEntries=(EngramClassName=""EngramEntry_GreaterAnkySaddle_C"",EngramLevelRequirement=0,EngramPointsCost=0,EngramHidden=False,RemoveEngramPreReq=True)",,58,28,ClaysAnkyloEdit,,
"OverrideNamedEngramEntries=(EngramClassName=""EngramEntry_ClayAnkySaddle_C"",EngramLevelRequirement=0,EngramPointsCost=0,EngramHidden=False,RemoveEngramPreReq=True)",,26,18,,,
"OverrideNamedEngramEntries=(EngramClassName=""EngramEntry_Saddle_ClayLeed_C"",EngramLevelRequirement=0,EngramPointsCost=0,EngramHidden=False,RemoveEngramPreReq=True)",,33,,ClaysLeedsichthysEdit,,
"OverrideNamedEngramEntries=(EngramClassName=""EngramEntry_Saddle_GreaterClayLeed_C"",EngramLevelRequirement=0,EngramPointsCost=0,EngramHidden=False,RemoveEngramPreReq=True)",x,,,,,saddle for bigger variant
"OverrideNamedEngramEntries=(EngramClassName=""EngramEntry_Saddle_ClayPachyrhinosaddle_C"",EngramLevelRequirement=0,EngramPointsCost=0,EngramHidden=False,RemoveEngramPreReq=True)",x,,,ClaysPachyrhinoEdit,,saddle for same sized
"OverrideNamedEngramEntries=(EngramClassName=""EngramEntry_Saddle_GreaterClayPachyrhinosaddle_C"",EngramLevelRequirement=0,EngramPointsCost=0,EngramHidden=False,RemoveEngramPreReq=True)",,37,23,,,
"OverrideNamedEngramEntries=(EngramClassName=""EngramEntry_Saddle_ClayRex_C"",EngramLevelRequirement=0,EngramPointsCost=0,EngramHidden=False,RemoveEngramPreReq=True)",,76,34,ClaysRexEdit,,does this work?
"OverrideNamedEngramEntries=(EngramClassName=""EngramEntry_Saddle_ClayTrike_C"",EngramLevelRequirement=0,EngramPointsCost=0,EngramHidden=False,RemoveEngramPreReq=True)",,29,16,ClaysTrikeEdit,,
"OverrideNamedEngramEntries=(EngramClassName=""EngramEntry_Saddle_GreaterClayTrike_C"",EngramLevelRequirement=0,EngramPointsCost=0,EngramHidden=False,RemoveEngramPreReq=True)",,66,36,,,
"OverrideNamedEngramEntries=(EngramClassName=""EngramEntry_Saddle_PaleoMoschops_C"",EngramLevelRequirement=0,EngramPointsCost=0,EngramHidden=False,RemoveEngramPreReq=True)",,6,6,Paleo ARK Ascension,,
"OverrideNamedEngramEntries=(EngramClassName=""EngramEntry_Saddle_PaleoKentro_C"",EngramLevelRequirement=0,EngramPointsCost=0,EngramHidden=False,RemoveEngramPreReq=True)",,26,15,,,
"OverrideNamedEngramEntries=(EngramClassName=""EngramEntry_DefenseUnit_C"",EngramLevelRequirement=0,EngramPointsCost=0,EngramHidden=False,RemoveEngramPreReq=True)",,75,25,Better Creatures,,
"OverrideNamedEngramEntries=(EngramClassName=""PrimalEngramEntry_PhoenixFlameThrower_C"",EngramLevelRequirement=0,EngramPointsCost=0,EngramHidden=False,RemoveEngramPreReq=True)",,71,12,Improved Phoenix,,
"OverrideNamedEngramEntries=(EngramClassName=""EngramEntry_Milkglider_Saddle_ASEP_C"",EngramLevelRequirement=0,EngramPointsCost=0,EngramHidden=False,RemoveEngramPreReq=True)",,19,24,Maewing Port,,
"OverrideNamedEngramEntries=(EngramClassName=""EngramEntry_Saddle_Leedsichthys_C"",EngramLevelRequirement=0,EngramPointsCost=0,EngramHidden=False,RemoveEngramPreReq=True)",,82,42,No Untameables,,
"OverrideNamedEngramEntries=(EngramClassName=""EngramEntry_Saddle_Deathworm_C"",EngramLevelRequirement=0,EngramPointsCost=0,EngramHidden=False,RemoveEngramPreReq=True)",,87,45,,,
"OverrideNamedEngramEntries=(EngramClassName=""EngramEntry_DeathwormTrap_C"",EngramLevelRequirement=0,EngramPointsCost=0,EngramHidden=False,RemoveEngramPreReq=True)",,87,16,,,
"OverrideNamedEngramEntries=(EngramClassName=""PrimalEngramEntry_PortedAndrewSaddle_C"",EngramLevelRequirement=0,EngramPointsCost=0,EngramHidden=False,RemoveEngramPreReq=True)",,66,34,Shins Ported Creatures,,
"OverrideNamedEngramEntries=(EngramClassName=""EngramEntry_MagmasaurSaddle_C"",EngramLevelRequirement=0,EngramPointsCost=0,EngramHidden=False,RemoveEngramPreReq=True)",,95,45,,,
"OverrideNamedEngramEntries=(EngramClassName=""EngramEntry_Saddle_Amarga_C"",EngramLevelRequirement=0,EngramPointsCost=0,EngramHidden=False,RemoveEngramPreReq=True)",,54,18,,,
"OverrideNamedEngramEntries=(EngramClassName=""EngramEntry_PortedSaddle_Desmodus_C"",EngramLevelRequirement=0,EngramPointsCost=0,EngramHidden=False,RemoveEngramPreReq=True)",x,,,,,
"OverrideNamedEngramEntries=(EngramClassName=""PortedEngramEntry_Saddle_Tropeognathus_C"",EngramLevelRequirement=0,EngramPointsCost=0,EngramHidden=False,RemoveEngramPreReq=True)",,67,32,,,
"OverrideNamedEngramEntries=(EngramClassName=""EngramEntry_PrimalCrystal_C"",EngramLevelRequirement=0,EngramPointsCost=0,EngramHidden=False,RemoveEngramPreReq=True)",,65,8,Crystal Wyverns (Port),,