"OverrideNamedEngramEntries=(EngramClassName=""EngramEntry_Saddle_Phiomia_C"",EngramLevelRequirement=5,EngramPointsCost=6,EngramHidden=False,RemoveEngramPreReq=True)",5,x,PrimalItemArmor_PhiomiaSaddle_C,,,,
"OverrideNamedEngramEntries=(EngramClassName=""EngramEntry_Slingshot_C"",EngramLevelRequirement=5,EngramPointsCost=6,EngramHidden=False,RemoveEngramPreReq=True)",5,x,PrimalItem_WeaponSlingshot_C,,,,
"OverrideNamedEngramEntries=(EngramClassName=""EngramEntry_StoneClub_C"",EngramLevelRequirement=8,EngramPointsCost=4,EngramHidden=False,RemoveEngramPreReq=True)",8,x,PrimalItem_WeaponStoneClub_C,,,,
"OverrideNamedEngramEntries=(EngramClassName=""EngramEntry_Saddle_Para_C"",EngramLevelRequirement=9,EngramPointsCost=9,EngramHidden=False,RemoveEngramPreReq=True)",9,x,PrimalItemArmor_ParaSaddle_C,,,,
"OverrideNamedEngramEntries=(EngramClassName=""EngramEntry_Bow_C"",EngramLevelRequirement=10,EngramPointsCost=11,EngramHidden=False,RemoveEngramPreReq=True)",10,x,PrimalItem_WeaponBow_C,,,,
"OverrideNamedEngramEntries=(EngramClassName=""EngramEntry_Saddle_Turtle_C"",EngramLevelRequirement=10,EngramPointsCost=12,EngramHidden=False,RemoveEngramPreReq=True)",10,x,PrimalItemArmor_TurtleSaddle_C,,,,
"OverrideNamedEngramEntries=(EngramClassName=""EngramEntry_WoodShield_C"",EngramLevelRequirement=12,EngramPointsCost=7,EngramHidden=False,RemoveEngramPreReq=True)",12,x,PrimalItemArmor_WoodShield_C,,,,
"OverrideNamedEngramEntries=(EngramClassName=""EngramEntry_Saddle_Dolphin_C"",EngramLevelRequirement=13,EngramPointsCost=8,EngramHidden=False,RemoveEngramPreReq=True)",13,x,PrimalItemArmor_DolphinSaddle_C,,,,
"OverrideNamedEngramEntries=(EngramClassName=""EngramEntry_Saddle_Pachy_C"",EngramLevelRequirement=14,EngramPointsCost=9,EngramHidden=False,RemoveEngramPreReq=True)",14,x,PrimalItemArmor_PachySaddle_C,,,,
"OverrideNamedEngramEntries=(EngramClassName=""EngramEntry_HideBoots_C"",EngramLevelRequirement=15,EngramPointsCost=7,EngramHidden=False,RemoveEngramPreReq=True)",15,x,PrimalItemArmor_HideBoots_C,,,,
"OverrideNamedEngramEntries=(EngramClassName=""EngramEntry_HideGloves_C"",EngramLevelRequirement=15,EngramPointsCost=7,EngramHidden=False,RemoveEngramPreReq=True)",15,x,PrimalItemArmor_HideGloves_C,,,,
"OverrideNamedEngramEntries=(EngramClassName=""EngramEntry_HideHelmet_C"",EngramLevelRequirement=15,EngramPointsCost=9,EngramHidden=False,RemoveEngramPreReq=True)",15,x,PrimalItemArmor_HideHelmet_C,,,,
"OverrideNamedEngramEntries=(EngramClassName=""EngramEntry_HidePants_C"",EngramLevelRequirement=15,EngramPointsCost=9,EngramHidden=False,RemoveEngramPreReq=True)",15,x,PrimalItemArmor_HidePants_C,,,,
"OverrideNamedEngramEntries=(EngramClassName=""EngramEntry_HideShirt_C"",EngramLevelRequirement=15,EngramPointsCost=6,EngramHidden=False,RemoveEngramPreReq=True)",15,x,PrimalItemArmor_HideShirt_C,,,,
"OverrideNamedEngramEntries=(EngramClassName=""EngramEntry_Saddle_Trike_C"",EngramLevelRequirement=16,EngramPointsCost=12,EngramHidden=False,RemoveEngramPreReq=True)",16,x,PrimalItemArmor_TrikeSaddle_C,,,,
"OverrideNamedEngramEntries=(EngramClassName=""EngramEntry_FishingRod_C"",EngramLevelRequirement=18,EngramPointsCost=15,EngramHidden=False,RemoveEngramPreReq=True)",18,x,PrimalItem_WeaponFishingRod_C,,,,
"OverrideNamedEngramEntries=(EngramClassName=""EngramEntry_Saddle_Raptor_C"",EngramLevelRequirement=18,EngramPointsCost=9,EngramHidden=False,RemoveEngramPreReq=True)",18,x,PrimalItemArmor_RaptorSaddle_C,,,,
"OverrideNamedEngramEntries=(EngramClassName=""EngramEntry_Saddle_Hyaenodon_C"",EngramLevelRequirement=19,EngramPointsCost=14,EngramHidden=False,RemoveEngramPreReq=True)",19,x,PrimalItemArmor_HyaenodonSaddle_C,,,,
"OverrideNamedEngramEntries=(EngramClassName=""EngramEntry_Saddle_Equus_C"",EngramLevelRequirement=20,EngramPointsCost=22,EngramHidden=False,RemoveEngramPreReq=True)",20,x,PrimalItemArmor_EquusSaddle_C,,,,
"OverrideNamedEngramEntries=(EngramClassName=""EngramEntry_MetalHatchet_C"",EngramLevelRequirement=20,EngramPointsCost=6,EngramHidden=False,RemoveEngramPreReq=True)",20,x,PrimalItem_WeaponMetalHatchet_C,,,,
"OverrideNamedEngramEntries=(EngramClassName=""EngramEntry_MetalPick_C"",EngramLevelRequirement=20,EngramPointsCost=6,EngramHidden=False,RemoveEngramPreReq=True)",20,x,PrimalItem_WeaponMetalPick_C,,,,
"OverrideNamedEngramEntries=(EngramClassName=""EngramEntry_Maelizard_Saddle_C"",EngramLevelRequirement=21,EngramPointsCost=24,EngramHidden=False,RemoveEngramPreReq=True)",21,,PrimalItemArmor_MaelizardSaddle_C,,,,
"OverrideNamedEngramEntries=(EngramClassName=""EngramEntry_Scissors_C"",EngramLevelRequirement=21,EngramPointsCost=10,EngramHidden=False,RemoveEngramPreReq=True)",21,x,PrimalItem_WeaponScissors_C,,,,
"OverrideNamedEngramEntries=(EngramClassName=""EngramEntry_Saddle_Scorpion_C"",EngramLevelRequirement=22,EngramPointsCost=12,EngramHidden=False,RemoveEngramPreReq=True)",22,x,PrimalItemArmor_ScorpionSaddle_C,,,,
"OverrideNamedEngramEntries=(EngramClassName=""EngramEntry_FurBoots_C"",EngramLevelRequirement=23,EngramPointsCost=12,EngramHidden=False,RemoveEngramPreReq=True)",23,x,PrimalItemArmor_FurBoots_C,,,,
"OverrideNamedEngramEntries=(EngramClassName=""EngramEntry_FurHelmet_C"",EngramLevelRequirement=23,EngramPointsCost=14,EngramHidden=False,RemoveEngramPreReq=True)",23,x,PrimalItemArmor_FurHelmet_C,,,,
"OverrideNamedEngramEntries=(EngramClassName=""EngramEntry_FurShirt_C"",EngramLevelRequirement=23,EngramPointsCost=16,EngramHidden=False,RemoveEngramPreReq=True)",23,x,PrimalItemArmor_FurShirt_C,,,,
"OverrideNamedEngramEntries=(EngramClassName=""EngramEntry_FurGloves_C"",EngramLevelRequirement=23,EngramPointsCost=12,EngramHidden=False,RemoveEngramPreReq=True)",23,x,PrimalItemArmor_FurGloves_C,,,,
"OverrideNamedEngramEntries=(EngramClassName=""EngramEntry_FurPants_C"",EngramLevelRequirement=23,EngramPointsCost=16,EngramHidden=False,RemoveEngramPreReq=True)",23,x,PrimalItemArmor_FurPants_C,,,,
"OverrideNamedEngramEntries=(EngramClassName=""EngramEntry_Saddle_Procop_C"",EngramLevelRequirement=23,EngramPointsCost=35,EngramHidden=False,RemoveEngramPreReq=True)",23,x,PrimalItemArmor_ProcoptodonSaddle_C,,,,
"OverrideNamedEngramEntries=(EngramClassName=""EngramEntry_Crossbow_C"",EngramLevelRequirement=25,EngramPointsCost=12,EngramHidden=False,RemoveEngramPreReq=True)",25,x,PrimalItem_WeaponCrossbow_C,,,,
"OverrideNamedEngramEntries=(EngramClassName=""EngramEntry_Pike_C"",EngramLevelRequirement=25,EngramPointsCost=10,EngramHidden=False,RemoveEngramPreReq=True)",25,x,PrimalItem_WeaponPike_C,,,,
"OverrideNamedEngramEntries=(EngramClassName=""EngramEntry_Saddle_Stego_C"",EngramLevelRequirement=26,EngramPointsCost=15,EngramHidden=False,RemoveEngramPreReq=True)",26,x,PrimalItemArmor_StegoSaddle_C,,,,
"OverrideNamedEngramEntries=(EngramClassName=""EngramEntry_Saddle_PachyRhino_C"",EngramLevelRequirement=27,EngramPointsCost=18,EngramHidden=False,RemoveEngramPreReq=True)",27,x,PrimalItemArmor_PachyrhinoSaddle_C,,,,
"OverrideNamedEngramEntries=(EngramClassName=""EngramEntry_Saddle_Manta_C"",EngramLevelRequirement=28,EngramPointsCost=16,EngramHidden=False,RemoveEngramPreReq=True)",28,x,PrimalItemArmor_MantaSaddle_C,,,,
"OverrideNamedEngramEntries=(EngramClassName=""EngramEntry_Saddle_Galli_C"",EngramLevelRequirement=29,EngramPointsCost=20,EngramHidden=False,RemoveEngramPreReq=True)",29,x,PrimalItemArmor_Gallimimus_C,,,,
"OverrideNamedEngramEntries=(EngramClassName=""EngramEntry_Saddle_Iguanodon_C"",EngramLevelRequirement=30,EngramPointsCost=12,EngramHidden=False,RemoveEngramPreReq=True)",30,x,PrimalItemArmor_IguanodonSaddle_C,,,,
"OverrideNamedEngramEntries=(EngramClassName=""EngramEntry_Saddle_Stag_C"",EngramLevelRequirement=30,EngramPointsCost=20,EngramHidden=False,RemoveEngramPreReq=True)",30,x,PrimalItemArmor_StagSaddle_C,,,,
"OverrideNamedEngramEntries=(EngramClassName=""EngramEntry_MetalSickle_C"",EngramLevelRequirement=30,EngramPointsCost=12,EngramHidden=False,RemoveEngramPreReq=True)",30,x,PrimalItem_WeaponSickle_C,,,,
"OverrideNamedEngramEntries=(EngramClassName=""EngramEntry_Sword_C"",EngramLevelRequirement=30,EngramPointsCost=11,EngramHidden=False,RemoveEngramPreReq=True)",30,x,PrimalItem_WeaponSword_C,,,,
"OverrideNamedEngramEntries=(EngramClassName=""EngramEntry_Saddle_Mammoth_C"",EngramLevelRequirement=31,EngramPointsCost=18,EngramHidden=False,RemoveEngramPreReq=True)",31,x,PrimalItemArmor_MammothSaddle_C,,,,
"OverrideNamedEngramEntries=(EngramClassName=""EngramEntry_Saddle_Diplodocus_C"",EngramLevelRequirement=32,EngramPointsCost=30,EngramHidden=False,RemoveEngramPreReq=True)",32,x,PrimalItemArmor_DiplodocusSaddle_C,,,,
"OverrideNamedEngramEntries=(EngramClassName=""EngramEntry_Lance_C"",EngramLevelRequirement=32,EngramPointsCost=30,EngramHidden=False,RemoveEngramPreReq=True)",32,x,PrimalItem_WeaponLance_C,,,,
"OverrideNamedEngramEntries=(EngramClassName=""EngramEntry_Saddle_Deinonychus_C"",EngramLevelRequirement=32,EngramPointsCost=30,EngramHidden=False,RemoveEngramPreReq=True)",32,,PrimalItemArmor_DeinonychusSaddle_C,,,,
"OverrideNamedEngramEntries=(EngramClassName=""EngramEntry_GhillieBoots_C"",EngramLevelRequirement=33,EngramPointsCost=11,EngramHidden=False,RemoveEngramPreReq=True)",33,x,PrimalItemArmor_GhillieBoots_C,,,,
"OverrideNamedEngramEntries=(EngramClassName=""EngramEntry_GhillieShirt_C"",EngramLevelRequirement=33,EngramPointsCost=11,EngramHidden=False,RemoveEngramPreReq=True)",33,x,PrimalItemArmor_GhillieShirt_C,,,,
"OverrideNamedEngramEntries=(EngramClassName=""EngramEntry_GhillieGloves_C"",EngramLevelRequirement=33,EngramPointsCost=11,EngramHidden=False,RemoveEngramPreReq=True)",33,x,PrimalItemArmor_GhillieGloves_C,,,,
"OverrideNamedEngramEntries=(EngramClassName=""EngramEntry_GhilliePants_C"",EngramLevelRequirement=33,EngramPointsCost=11,EngramHidden=False,RemoveEngramPreReq=True)",33,x,PrimalItemArmor_GhilliePants_C,,,,
"OverrideNamedEngramEntries=(EngramClassName=""EngramEntry_GhillieHelmet_C"",EngramLevelRequirement=33,EngramPointsCost=13,EngramHidden=False,RemoveEngramPreReq=True)",33,x,PrimalItemArmor_GhillieHelmet_C,,,,
"OverrideNamedEngramEntries=(EngramClassName=""EngramEntry_Saddle_TerrorBird_C"",EngramLevelRequirement=33,EngramPointsCost=15,EngramHidden=False,RemoveEngramPreReq=True)",33,x,PrimalItemArmor_TerrorBirdSaddle_C,,,,
"OverrideNamedEngramEntries=(EngramClassName=""EngramEntry_Saddle_Doed_C"",EngramLevelRequirement=34,EngramPointsCost=20,EngramHidden=False,RemoveEngramPreReq=True)",34,x,PrimalItemArmor_DoedSaddle_C,,,,
"OverrideNamedEngramEntries=(EngramClassName=""EngramEntry_Pistol_C"",EngramLevelRequirement=34,EngramPointsCost=15,EngramHidden=False,RemoveEngramPreReq=True)",34,x,PrimalItem_WeaponGun_C,,,,
"OverrideNamedEngramEntries=(EngramClassName=""EngramEntry_SimpleRifle_C"",EngramLevelRequirement=35,EngramPointsCost=18,EngramHidden=False,RemoveEngramPreReq=True)",35,x,PrimalItem_WeaponOneShotRifle_C,,,,
"OverrideNamedEngramEntries=(EngramClassName=""EngramEntry_Saddle_Sarco_C"",EngramLevelRequirement=35,EngramPointsCost=15,EngramHidden=False,RemoveEngramPreReq=True)",35,x,PrimalItemArmor_SarcoSaddle_C,,,,
"OverrideNamedEngramEntries=(EngramClassName=""EngramEntry_Saddle_Ankylo_C"",EngramLevelRequirement=36,EngramPointsCost=18,EngramHidden=False,RemoveEngramPreReq=True)",36,x,PrimalItemArmor_AnkyloSaddle_C,,,,
"OverrideNamedEngramEntries=(EngramClassName=""EngramEntry_ChitinBoots_C"",EngramLevelRequirement=37,EngramPointsCost=15,EngramHidden=False,RemoveEngramPreReq=True)",37,x,PrimalItemArmor_ChitinBoots_C,,,,
"OverrideNamedEngramEntries=(EngramClassName=""EngramEntry_ChitinShirt_C"",EngramLevelRequirement=37,EngramPointsCost=18,EngramHidden=False,RemoveEngramPreReq=True)",37,x,PrimalItemArmor_ChitinShirt_C,,,,
"OverrideNamedEngramEntries=(EngramClassName=""EngramEntry_ChitinGloves_C"",EngramLevelRequirement=37,EngramPointsCost=15,EngramHidden=False,RemoveEngramPreReq=True)",37,x,PrimalItemArmor_ChitinGloves_C,,,,
"OverrideNamedEngramEntries=(EngramClassName=""EngramEntry_ChitinHelmet_C"",EngramLevelRequirement=37,EngramPointsCost=18,EngramHidden=False,RemoveEngramPreReq=True)",37,x,PrimalItemArmor_ChitinHelmet_C,,,,
"OverrideNamedEngramEntries=(EngramClassName=""EngramEntry_ChitinPants_C"",EngramLevelRequirement=37,EngramPointsCost=15,EngramHidden=False,RemoveEngramPreReq=True)",37,x,PrimalItemArmor_ChitinPants_C,,,,
"OverrideNamedEngramEntries=(EngramClassName=""EngramEntry_Saddle_Saber_C"",EngramLevelRequirement=37,EngramPointsCost=18,EngramHidden=False,RemoveEngramPreReq=True)",37,x,PrimalItemArmor_SaberSaddle_C,,,,
"OverrideNamedEngramEntries=(EngramClassName=""EngramEntry_Saddle_Ptero_C"",EngramLevelRequirement=38,EngramPointsCost=15,EngramHidden=False,RemoveEngramPreReq=True)",38,x,PrimalItemArmor_PteroSaddle_C,,,,
"OverrideNamedEngramEntries=(EngramClassName=""EngramEntry_Saddle_Kaprosuchus_C"",EngramLevelRequirement=39,EngramPointsCost=28,EngramHidden=False,RemoveEngramPreReq=True)",39,x,PrimalItemArmor_KaprosuchusSaddle_C,,,,
"OverrideNamedEngramEntries=(EngramClassName=""EngramEntry_MetalShield_C"",EngramLevelRequirement=39,EngramPointsCost=9,EngramHidden=False,RemoveEngramPreReq=True)",39,x,PrimalItemArmor_MetalShield_C,,,,
"OverrideNamedEngramEntries=(EngramClassName=""EngramEntry_SimpleShotgun_C"",EngramLevelRequirement=39,EngramPointsCost=18,EngramHidden=False,RemoveEngramPreReq=True)",39,x,PrimalItem_WeaponShotgun_C,,,,
"OverrideNamedEngramEntries=(EngramClassName=""EngramEntry_Saddle_Spider_C"",EngramLevelRequirement=40,EngramPointsCost=18,EngramHidden=False,RemoveEngramPreReq=True)",40,x,PrimalItemArmor_SpiderSaddle_C,,,,
"OverrideNamedEngramEntries=(EngramClassName=""EngramEntry_Saddle_Toad_C"",EngramLevelRequirement=40,EngramPointsCost=16,EngramHidden=False,RemoveEngramPreReq=True)",40,x,PrimalItemArmor_ToadSaddle_C,,,,
"OverrideNamedEngramEntries=(EngramClassName=""EngramEntry_Saddle_Paracer_C"",EngramLevelRequirement=41,EngramPointsCost=18,EngramHidden=False,RemoveEngramPreReq=True)",41,x,PrimalItemArmor_Paracer_Saddle_C,,,,
"OverrideNamedEngramEntries=(EngramClassName=""EngramEntry_Saddle_Chalico_C"",EngramLevelRequirement=42,EngramPointsCost=30,EngramHidden=False,RemoveEngramPreReq=True)",42,x,PrimalItemArmor_ChalicoSaddle_C,,,,
"OverrideNamedEngramEntries=(EngramClassName=""EngramEntry_HarpoonGun_C"",EngramLevelRequirement=43,EngramPointsCost=38,EngramHidden=False,RemoveEngramPreReq=True)",43,x,PrimalItem_WeaponHarpoon_C,,,,
"OverrideNamedEngramEntries=(EngramClassName=""EngramEntry_Saddle_Pela_C"",EngramLevelRequirement=43,EngramPointsCost=30,EngramHidden=False,RemoveEngramPreReq=True)",43,x,PrimalItemArmor_PelaSaddle_C,,,,
"OverrideNamedEngramEntries=(EngramClassName=""EngramEntry_Saddle_Dunkle_C"",EngramLevelRequirement=44,EngramPointsCost=20,EngramHidden=False,RemoveEngramPreReq=True)",44,x,PrimalItemArmor_DunkleosteusSaddle_C,,,,
"OverrideNamedEngramEntries=(EngramClassName=""EngramEntry_Saddle_Archelon_ASA_C"",EngramLevelRequirement=45,EngramPointsCost=44,EngramHidden=False,RemoveEngramPreReq=True)",45,x,PrimalItem_Armor_Archelon_Saddle_ASA_C,,,,
"OverrideNamedEngramEntries=(EngramClassName=""EngramEntry_Saddle_Direbear_C"",EngramLevelRequirement=45,EngramPointsCost=24,EngramHidden=False,RemoveEngramPreReq=True)",45,x,PrimalItemArmor_DireBearSaddle_C,,,,
"OverrideNamedEngramEntries=(EngramClassName=""EngramEntry_Saddle_Carno_C"",EngramLevelRequirement=46,EngramPointsCost=21,EngramHidden=False,RemoveEngramPreReq=True)",46,x,PrimalItemArmor_CarnoSaddle_C,,,,
"OverrideNamedEngramEntries=(EngramClassName=""EngramEntry_Saddle_Megalodon_C"",EngramLevelRequirement=47,EngramPointsCost=18,EngramHidden=False,RemoveEngramPreReq=True)",47,x,PrimalItemArmor_MegalodonSaddle_C,,,,
"OverrideNamedEngramEntries=(EngramClassName=""EngramEntry_Saddle_Baryonyx_C"",EngramLevelRequirement=49,EngramPointsCost=24,EngramHidden=False,RemoveEngramPreReq=True)",49,x,PrimalItemArmor_BaryonyxSaddle_C,,,,
"OverrideNamedEngramEntries=(EngramClassName=""EngramEntry_Saddle_Paracer_Platform_C"",EngramLevelRequirement=50,EngramPointsCost=24,EngramHidden=False,RemoveEngramPreReq=True)",50,x,PrimalItemArmor_ParacerSaddle_Platform_C,,,,
"OverrideNamedEngramEntries=(EngramClassName=""EngramEntry_Saddle_YiLing_C"",EngramLevelRequirement=50,EngramPointsCost=35,EngramHidden=False,RemoveEngramPreReq=True)",50,,PrimalItemArmor_YiLingSaddle_C,,,,
"OverrideNamedEngramEntries=(EngramClassName=""EngramEntry_Saddle_Thylaco_C"",EngramLevelRequirement=51,EngramPointsCost=18,EngramHidden=False,RemoveEngramPreReq=True)",51,x,PrimalItemArmor_ThylacoSaddle_C,,,,
"OverrideNamedEngramEntries=(EngramClassName=""EngramEntry_Saddle_Megatherium_C"",EngramLevelRequirement=52,EngramPointsCost=24,EngramHidden=False,RemoveEngramPreReq=True)",52,x,PrimalItemArmor_MegatheriumSaddle_C,,,,
"OverrideNamedEngramEntries=(EngramClassName=""EngramEntry_Saddle_Rhino_C"",EngramLevelRequirement=53,EngramPointsCost=24,EngramHidden=False,RemoveEngramPreReq=True)",53,x,PrimalItemArmor_RhinoSaddle_C,,,,
"OverrideNamedEngramEntries=(EngramClassName=""EngramEntry_Saddle_Arthro_C"",EngramLevelRequirement=54,EngramPointsCost=30,EngramHidden=False,RemoveEngramPreReq=True)",54,x,PrimalItemArmor_ArthroSaddle_C,,,,
"OverrideNamedEngramEntries=(EngramClassName=""EngramEntry_MachinedPistol_C"",EngramLevelRequirement=55,EngramPointsCost=18,EngramHidden=False,RemoveEngramPreReq=True)",55,x,PrimalItem_WeaponMachinedPistol_C,,,,
"OverrideNamedEngramEntries=(EngramClassName=""EngramEntry_MachinedShotgun_C"",EngramLevelRequirement=55,EngramPointsCost=18,EngramHidden=False,RemoveEngramPreReq=True)",55,x,PrimalItem_WeaponMachinedShotgun_C,,,,
"OverrideNamedEngramEntries=(EngramClassName=""EngramEntry_Saddle_Tapejara_C"",EngramLevelRequirement=55,EngramPointsCost=21,EngramHidden=False,RemoveEngramPreReq=True)",55,x,PrimalItemArmor_TapejaraSaddle_C,,,,
"OverrideNamedEngramEntries=(EngramClassName=""EngramEntry_Saddle_Xiphactinus_ASA_C"",EngramLevelRequirement=55,EngramPointsCost=15,EngramHidden=False,RemoveEngramPreReq=True)",55,x,PrimalItemArmor_XiphSaddle_ASA_C,,,,
"OverrideNamedEngramEntries=(EngramClassName=""EngramEntry_MetalBoots_C"",EngramLevelRequirement=56,EngramPointsCost=16,EngramHidden=False,RemoveEngramPreReq=True)",56,x,PrimalItemArmor_MetalBoots_C,,,,
"OverrideNamedEngramEntries=(EngramClassName=""EngramEntry_MetalShirt_C"",EngramLevelRequirement=56,EngramPointsCost=18,EngramHidden=False,RemoveEngramPreReq=True)",56,x,PrimalItemArmor_MetalShirt_C,,,,
"OverrideNamedEngramEntries=(EngramClassName=""EngramEntry_MetalGloves_C"",EngramLevelRequirement=56,EngramPointsCost=16,EngramHidden=False,RemoveEngramPreReq=True)",56,x,PrimalItemArmor_MetalGloves_C,,,,
"OverrideNamedEngramEntries=(EngramClassName=""EngramEntry_MetalHelmet_C"",EngramLevelRequirement=56,EngramPointsCost=20,EngramHidden=False,RemoveEngramPreReq=True)",56,x,PrimalItemArmor_MetalHelmet_C,,,,
"OverrideNamedEngramEntries=(EngramClassName=""EngramEntry_MetalPants_C"",EngramLevelRequirement=56,EngramPointsCost=15,EngramHidden=False,RemoveEngramPreReq=True)",56,x,PrimalItemArmor_MetalPants_C,,,,
"OverrideNamedEngramEntries=(EngramClassName=""EngramEntry_Saddle_Megalosaurus_C"",EngramLevelRequirement=57,EngramPointsCost=50,EngramHidden=False,RemoveEngramPreReq=True)",57,x,PrimalItemArmor_MegalosaurusSaddle_C,,,,
"OverrideNamedEngramEntries=(EngramClassName=""EngramEntry_MachinedRifle_C"",EngramLevelRequirement=58,EngramPointsCost=24,EngramHidden=False,RemoveEngramPreReq=True)",58,x,PrimalItem_WeaponRifle_C,,,,
"OverrideNamedEngramEntries=(EngramClassName=""EngramEntry_Saddle_Daeodon_C"",EngramLevelRequirement=59,EngramPointsCost=24,EngramHidden=False,RemoveEngramPreReq=True)",59,x,PrimalItemArmor_DaeodonSaddle_C,,,,
"OverrideNamedEngramEntries=(EngramClassName=""EngramEntry_Saddle_Basilosaurus_C"",EngramLevelRequirement=60,EngramPointsCost=30,EngramHidden=False,RemoveEngramPreReq=True)",60,x,PrimalItemArmor_BasiloSaddle_C,,,,
"OverrideNamedEngramEntries=(EngramClassName=""EngramEntry_CeratosaurusSaddle_ASA_C"",EngramLevelRequirement=60,EngramPointsCost=40,EngramHidden=False,RemoveEngramPreReq=True)",60,x,PrimalItemArmor_CeratosaurusSaddle_ASA_C,,,,
"OverrideNamedEngramEntries=(EngramClassName=""EngramEntry_Saddle_Beaver_C"",EngramLevelRequirement=61,EngramPointsCost=50,EngramHidden=False,RemoveEngramPreReq=True)",61,x,PrimalItemArmor_BeaverSaddle_C,,,,
"OverrideNamedEngramEntries=(EngramClassName=""EngramEntry_Saddle_Argentavis_C"",EngramLevelRequirement=62,EngramPointsCost=21,EngramHidden=False,RemoveEngramPreReq=True)",62,x,PrimalItemArmor_ArgentavisSaddle_C,,,,
"OverrideNamedEngramEntries=(EngramClassName=""EngramEntry_Saddle_Sauro_C"",EngramLevelRequirement=63,EngramPointsCost=21,EngramHidden=False,RemoveEngramPreReq=True)",63,x,PrimalItemArmor_SauroSaddle_C,,,,
"OverrideNamedEngramEntries=(EngramClassName=""EngramEntry_MinersHelmet_C"",EngramLevelRequirement=63,EngramPointsCost=35,EngramHidden=False,RemoveEngramPreReq=True)",63,x,PrimalItemArmor_MinersHelmet_C,,,,
"OverrideNamedEngramEntries=(EngramClassName=""EngramEntry_Saddle_Plesia_C"",EngramLevelRequirement=64,EngramPointsCost=40,EngramHidden=False,RemoveEngramPreReq=True)",64,x,PrimalItemArmor_PlesiaSaddle_C,,,,
"OverrideNamedEngramEntries=(EngramClassName=""EngramEntry_Saddle_Allo_C"",EngramLevelRequirement=67,EngramPointsCost=35,EngramHidden=False,RemoveEngramPreReq=True)",67,x,PrimalItemArmor_AlloSaddle_C,,,,
"OverrideNamedEngramEntries=(EngramClassName=""EngramEntry_Saddle_Gigantoraptor_C"",EngramLevelRequirement=69,EngramPointsCost=40,EngramHidden=False,RemoveEngramPreReq=True)",69,x,PrimalItemArmor_GigantoraptorSaddle_C,,,,
"OverrideNamedEngramEntries=(EngramClassName=""EngramEntry_Saddle_Therizino_C"",EngramLevelRequirement=69,EngramPointsCost=40,EngramHidden=False,RemoveEngramPreReq=True)",69,x,PrimalItemArmor_TherizinosaurusSaddle_C,,,,
"OverrideNamedEngramEntries=(EngramClassName=""EngramEntry_Saddle_Fasola_C"",EngramLevelRequirement=70,EngramPointsCost=40,EngramHidden=False,RemoveEngramPreReq=True)",70,x,PrimalItemArmor_FasolaSaddle_C,,,,
"OverrideNamedEngramEntries=(EngramClassName=""EngramEntry_Saddle_Spino_C"",EngramLevelRequirement=71,EngramPointsCost=40,EngramHidden=False,RemoveEngramPreReq=True)",71,x,PrimalItemArmor_SpinoSaddle_C,,,,
"OverrideNamedEngramEntries=(EngramClassName=""EngramEntry_Saddle_Megalania_C"",EngramLevelRequirement=73,EngramPointsCost=65,EngramHidden=False,RemoveEngramPreReq=True)",43,x,PrimalItemArmor_MegalaniaSaddle_C,,,,
"OverrideNamedEngramEntries=(EngramClassName=""EngramEntry_Saddle_Deinosuchus_ASA_C"",EngramLevelRequirement=74,EngramPointsCost=40,EngramHidden=False,RemoveEngramPreReq=True)",74,x,PrimalItemArmor_Deinosuchus_Saddle_ASA_C,,,,
"OverrideNamedEngramEntries=(EngramClassName=""EngramEntry_Saddle_Rex_C"",EngramLevelRequirement=74,EngramPointsCost=40,EngramHidden=False,RemoveEngramPreReq=True)",74,x,PrimalItemArmor_RexSaddle_C,,,,
"OverrideNamedEngramEntries=(EngramClassName=""EngramEntry_Saddle_Quetz_C"",EngramLevelRequirement=76,EngramPointsCost=44,EngramHidden=False,RemoveEngramPreReq=True)",76,x,PrimalItemArmor_QuetzSaddle_C,,,,
"OverrideNamedEngramEntries=(EngramClassName=""EngramEntry_Saddle_Mosa_C"",EngramLevelRequirement=78,EngramPointsCost=60,EngramHidden=False,RemoveEngramPreReq=True)",78,x,PrimalItemArmor_MosaSaddle_C,,,,
"OverrideNamedEngramEntries=(EngramClassName=""EngramEntry_CompoundBow_C"",EngramLevelRequirement=79,EngramPointsCost=40,EngramHidden=False,RemoveEngramPreReq=True)",79,x,PrimalItem_WeaponCompoundBow_C,,,,
"OverrideNamedEngramEntries=(EngramClassName=""EngramEntry_Saddle_Yuty_C"",EngramLevelRequirement=80,EngramPointsCost=50,EngramHidden=False,RemoveEngramPreReq=True)",80,x,PrimalItemArmor_YutySaddle_C,,,,
"OverrideNamedEngramEntries=(EngramClassName=""EngramEntry_ScubaBoots_Flippers_C"",EngramLevelRequirement=81,EngramPointsCost=20,EngramHidden=False,RemoveEngramPreReq=True)",81,x,PrimalItemArmor_ScubaBoots_Flippers_C,,,,
"OverrideNamedEngramEntries=(EngramClassName=""EngramEntry_ScubaPants_C"",EngramLevelRequirement=81,EngramPointsCost=35,EngramHidden=False,RemoveEngramPreReq=True)",81,x,PrimalItemArmor_ScubaPants_C,,,,
"OverrideNamedEngramEntries=(EngramClassName=""EngramEntry_ScubaHelmet_Goggles_C"",EngramLevelRequirement=81,EngramPointsCost=25,EngramHidden=False,RemoveEngramPreReq=True)",81,x,PrimalItemArmor_ScubaHelmet_Goggles_C,,,,
"OverrideNamedEngramEntries=(EngramClassName=""EngramEntry_ScubaShirt_SuitWithTank_C"",EngramLevelRequirement=81,EngramPointsCost=35,EngramHidden=False,RemoveEngramPreReq=True)",81,x,PrimalItemArmor_ScubaShirt_SuitWithTank_C,,,,
"OverrideNamedEngramEntries=(EngramClassName=""EngramEntry_Saddle_Sauro_Platform_C"",EngramLevelRequirement=82,EngramPointsCost=35,EngramHidden=False,RemoveEngramPreReq=True)",82,x,PrimalItemArmor_SauroSaddle_Platform_C,,,,
"OverrideNamedEngramEntries=(EngramClassName=""EngramEntry_MachinedSniper_C"",EngramLevelRequirement=83,EngramPointsCost=36,EngramHidden=False,RemoveEngramPreReq=True)",83,x,PrimalItem_WeaponMachinedSniper_C,,,,
"OverrideNamedEngramEntries=(EngramClassName=""EngramEntry_Saddle_Plesio_Platform_C"",EngramLevelRequirement=84,EngramPointsCost=80,EngramHidden=False,RemoveEngramPreReq=True)",84,x,PrimalItemArmor_PlesiSaddle_Platform_C,,,,
"OverrideNamedEngramEntries=(EngramClassName=""EngramEntry_SaddleDeinotherium_ASA_C"",EngramLevelRequirement=85,EngramPointsCost=50,EngramHidden=False,RemoveEngramPreReq=True)",85,x,PrimalItemArmor_DeinotheriumSaddle_C,,,,
"OverrideNamedEngramEntries=(EngramClassName=""EngramEntry_GasMask_C"",EngramLevelRequirement=85,EngramPointsCost=100,EngramHidden=False,RemoveEngramPreReq=True)",85,x,PrimalItemArmor_GasMask_C,,,,
"OverrideNamedEngramEntries=(EngramClassName=""EngramEntry_NightVisionGoggles_C"",EngramLevelRequirement=86,EngramPointsCost=100,EngramHidden=False,RemoveEngramPreReq=True)",86,x,PrimalItemArmor_NightVisionGoggles_C,,,,
"OverrideNamedEngramEntries=(EngramClassName=""EngramEntry_RocketLauncher_C"",EngramLevelRequirement=87,EngramPointsCost=32,EngramHidden=False,RemoveEngramPreReq=True)",87,x,PrimalItem_WeaponRocketLauncher_C,,,,
"OverrideNamedEngramEntries=(EngramClassName=""EngramEntry_Saddle_Rhynio_C"",EngramLevelRequirement=90,EngramPointsCost=65,EngramHidden=False,RemoveEngramPreReq=True)",90,x,PrimalItemArmor_RhynioSaddle_C,,,,
"OverrideNamedEngramEntries=(EngramClassName=""EngramEntry_Saddle_Tuso_C"",EngramLevelRequirement=91,EngramPointsCost=40,EngramHidden=False,RemoveEngramPreReq=True)",91,x,PrimalItemArmor_TusoSaddle_C,,,,
"OverrideNamedEngramEntries=(EngramClassName=""EngramEntry_RiotShield_C"",EngramLevelRequirement=92,EngramPointsCost=35,EngramHidden=False,RemoveEngramPreReq=True)",92,x,PrimalItemArmor_TransparentRiotShield_C,,,,
"OverrideNamedEngramEntries=(EngramClassName=""EngramEntry_Saddle_Mosa_Platform_C"",EngramLevelRequirement=93,EngramPointsCost=80,EngramHidden=False,RemoveEngramPreReq=True)",95,x,PrimalItemArmor_MosaSaddle_Platform_C,,,,
"OverrideNamedEngramEntries=(EngramClassName=""EngramEntry_ElectricProd_C"",EngramLevelRequirement=95,EngramPointsCost=60,EngramHidden=False,RemoveEngramPreReq=True)",96,x,PrimalItem_WeaponProd_C,,,,
"OverrideNamedEngramEntries=(EngramClassName=""EngramEntry_Saddle_Carcha_C"",EngramLevelRequirement=96,EngramPointsCost=75,EngramHidden=False,RemoveEngramPreReq=True)",96,x,PrimalItemArmor_CarchaSaddle_C,,,,
"OverrideNamedEngramEntries=(EngramClassName=""EngramEntry_Saddle_Gigant_C"",EngramLevelRequirement=96,EngramPointsCost=75,EngramHidden=False,RemoveEngramPreReq=True)",96,x,PrimalItemArmor_GigantSaddle_C,,,,
"OverrideNamedEngramEntries=(EngramClassName=""EngramEntry_Saddle_Quetz_Platform_C"",EngramLevelRequirement=97,EngramPointsCost=80,EngramHidden=False,RemoveEngramPreReq=True)",97,x,PrimalItemArmor_QuetzSaddle_Platform_C,,,,
"OverrideNamedEngramEntries=(EngramClassName=""EngramEntry_RiotBoots_C"",EngramLevelRequirement=98,EngramPointsCost=40,EngramHidden=False,RemoveEngramPreReq=True)",98,x,PrimalItemArmor_RiotBoots_C,,,,
"OverrideNamedEngramEntries=(EngramClassName=""EngramEntry_RiotShirt_C"",EngramLevelRequirement=98,EngramPointsCost=40,EngramHidden=False,RemoveEngramPreReq=True)",98,x,PrimalItemArmor_RiotShirt_C,,,,
"OverrideNamedEngramEntries=(EngramClassName=""EngramEntry_RiotGloves_C"",EngramLevelRequirement=98,EngramPointsCost=40,EngramHidden=False,RemoveEngramPreReq=True)",98,x,PrimalItemArmor_RiotGloves_C,,,,
"OverrideNamedEngramEntries=(EngramClassName=""EngramEntry_RiotHelmet_C"",EngramLevelRequirement=98,EngramPointsCost=40,EngramHidden=False,RemoveEngramPreReq=True)",98,x,PrimalItemArmor_RiotHelmet_C,,,,
"OverrideNamedEngramEntries=(EngramClassName=""EngramEntry_RiotPants_C"",EngramLevelRequirement=98,EngramPointsCost=40,EngramHidden=False,RemoveEngramPreReq=True)",98,x,PrimalItemArmor_RiotPants_C,,,,
"OverrideNamedEngramEntries=(EngramClassName=""EngramEntry_DreadSaddle_C"",EngramLevelRequirement=100,EngramPointsCost=100,EngramHidden=False,RemoveEngramPreReq=True)",100,,PrimalItemArmor_DreadSaddle_Platform_C,,,,
"OverrideNamedEngramEntries=(EngramClassName=""EngramEntry_ShastaSaddle_C"",EngramLevelRequirement=100,EngramPointsCost=70,EngramHidden=False,RemoveEngramPreReq=True)",100,,PrimalItemArmor_ShastaSaddle_Submarine_C,,,,
"OverrideNamedEngramEntries=(EngramClassName=""EngramEntry_Saddle_Titano_Platform_C"",EngramLevelRequirement=100,EngramPointsCost=120,EngramHidden=False,RemoveEngramPreReq=True)",100,,PrimalItemArmor_TitanSaddle_Platform_C,,,,
"OverrideNamedEngramEntries=(EngramClassName=""EngramEntry_Wasteland_DoggoArmor_Saddle_C"",EngramLevelRequirement=21,EngramPointsCost=10,EngramHidden=False,RemoveEngramPreReq=True)",21,,PrimalItemArmor_DinoCompanionSaddle_Doggo_C,,,,
"OverrideNamedEngramEntries=(EngramClassName=""EngramEntry_Frontier_Saddle_Carriage_C"",EngramLevelRequirement=22,EngramPointsCost=10,EngramHidden=False,RemoveEngramPreReq=True)",22,x,PrimalItemArmor_SaddleCart_C,,,,
"OverrideNamedEngramEntries=(EngramClassName=""EngramEntry_Boomerang_C"",EngramLevelRequirement=9,EngramPointsCost=2,EngramHidden=False,RemoveEngramPreReq=True)",9,x,PrimalItem_WeaponBoomerang_C,,,,
"OverrideNamedEngramEntries=(EngramClassName=""EngramEntry_Saddle_Camelsaurus_C"",EngramLevelRequirement=11,EngramPointsCost=11,EngramHidden=False,RemoveEngramPreReq=True)",11,x,PrimalItemArmor_CamelsaurusSaddle_C,,,,
"OverrideNamedEngramEntries=(EngramClassName=""EngramEntry_DesertClothBoots_C"",EngramLevelRequirement=28,EngramPointsCost=7,EngramHidden=False,RemoveEngramPreReq=True)",28,x,PrimalItemArmor_DesertClothBoots_C,,,,
"OverrideNamedEngramEntries=(EngramClassName=""EngramEntry_DesertClothGloves_C"",EngramLevelRequirement=28,EngramPointsCost=7,EngramHidden=False,RemoveEngramPreReq=True)",28,x,PrimalItemArmor_DesertClothGloves_C,,,,
"OverrideNamedEngramEntries=(EngramClassName=""EngramEntry_DesertClothPants_C"",EngramLevelRequirement=28,EngramPointsCost=5,EngramHidden=False,RemoveEngramPreReq=True)",28,x,PrimalItemArmor_DesertClothPants_C,,,,
"OverrideNamedEngramEntries=(EngramClassName=""EngramEntry_DesertClothShirt_C"",EngramLevelRequirement=28,EngramPointsCost=4,EngramHidden=False,RemoveEngramPreReq=True)",28,x,PrimalItemArmor_DesertClothShirt_C,,,,
"OverrideNamedEngramEntries=(EngramClassName=""EngramEntry_DesertClothGooglesHelmet_C"",EngramLevelRequirement=28,EngramPointsCost=7,EngramHidden=False,RemoveEngramPreReq=True)",28,x,PrimalItemArmor_DesertClothGogglesHelmet_C,,,,
"OverrideNamedEngramEntries=(EngramClassName=""EngramEntry_Saddle_Moth_C"",EngramLevelRequirement=36,EngramPointsCost=12,EngramHidden=False,RemoveEngramPreReq=True)",36,x,PrimalItemArmor_MothSaddle_C,,,,
"OverrideNamedEngramEntries=(EngramClassName=""EngramEntry_Saddle_SpineyLizard_C"",EngramLevelRequirement=40,EngramPointsCost=18,EngramHidden=False,RemoveEngramPreReq=True)",40,x,PrimalItemArmor_SpineyLizardSaddle_C,,,,
"OverrideNamedEngramEntries=(EngramClassName=""EngramEntry_Saddle_Mantis_C"",EngramLevelRequirement=45,EngramPointsCost=18,EngramHidden=False,RemoveEngramPreReq=True)",45,x,PrimalItemArmor_MantisSaddle_C,,,,
"OverrideNamedEngramEntries=(EngramClassName=""EngramEntry_ChainSaw_C"",EngramLevelRequirement=55,EngramPointsCost=21,EngramHidden=False,RemoveEngramPreReq=True)",55,x,PrimalItem_ChainSaw_C,,,,
"OverrideNamedEngramEntries=(EngramClassName=""EngramEntry_Flamethrower_C"",EngramLevelRequirement=65,EngramPointsCost=25,EngramHidden=False,RemoveEngramPreReq=True)",65,x,PrimalItem_WeapFlamethrower_C,,,,
"OverrideNamedEngramEntries=(EngramClassName=""EngramEntry_Saddle_RockGolem_C"",EngramLevelRequirement=70,EngramPointsCost=40,EngramHidden=False,RemoveEngramPreReq=True)",70,x,PrimalItemArmor_RockGolemSaddle_C,,,,
"OverrideNamedEngramEntries=(EngramClassName=""EngramEntry_RavagerSaddle_C"",EngramLevelRequirement=47,EngramPointsCost=20,EngramHidden=False,RemoveEngramPreReq=True)",47,,PrimalItemArmor_CavewolfSaddle_C,,,,
"OverrideNamedEngramEntries=(EngramClassName=""EngramEntry_RollratSaddle_C"",EngramLevelRequirement=58,EngramPointsCost=26,EngramHidden=False,RemoveEngramPreReq=True)",58,,PrimalItemArmor_MoleRatSaddle_C,,,,
"OverrideNamedEngramEntries=(EngramClassName=""EngramEntry_KarkinoSaddle_C"",EngramLevelRequirement=65,EngramPointsCost=28,EngramHidden=False,RemoveEngramPreReq=True)",65,,PrimalItemArmor_CrabSaddle_C,,,,
"OverrideNamedEngramEntries=(EngramClassName=""EngramEntry_HazardSuit_Boots_C"",EngramLevelRequirement=68,EngramPointsCost=16,EngramHidden=False,RemoveEngramPreReq=True)",68,x,PrimalItemArmor_HazardSuitBoots_C,,,,
"OverrideNamedEngramEntries=(EngramClassName=""EngramEntry_HazardSuit_Gloves_C"",EngramLevelRequirement=68,EngramPointsCost=16,EngramHidden=False,RemoveEngramPreReq=True)",68,x,PrimalItemArmor_HazardSuitGloves_C,,,,
"OverrideNamedEngramEntries=(EngramClassName=""EngramEntry_HazardSuit_Helmet_C"",EngramLevelRequirement=68,EngramPointsCost=28,EngramHidden=False,RemoveEngramPreReq=True)",68,x,PrimalItemArmor_HazardSuitHelmet_C,,,,
"OverrideNamedEngramEntries=(EngramClassName=""EngramEntry_HazardSuit_Pants_C"",EngramLevelRequirement=68,EngramPointsCost=22,EngramHidden=False,RemoveEngramPreReq=True)",68,x,PrimalItemArmor_HazardSuitPants_C,,,,
"OverrideNamedEngramEntries=(EngramClassName=""EngramEntry_HazardSuit_Chest_C"",EngramLevelRequirement=68,EngramPointsCost=22,EngramHidden=False,RemoveEngramPreReq=True)",68,x,PrimalItemArmor_HazardSuitShirt_C,,,,
"OverrideNamedEngramEntries=(EngramClassName=""EngramEntry_ShadowDrakeSaddle_C"",EngramLevelRequirement=75,EngramPointsCost=26,EngramHidden=False,RemoveEngramPreReq=True)",75,,PrimalItemArmor_RockDrakeSaddle_C,,,,
"OverrideNamedEngramEntries=(EngramClassName=""EngramEntry_BasiliskSaddle_C"",EngramLevelRequirement=85,EngramPointsCost=28,EngramHidden=False,RemoveEngramPreReq=True)",85,,PrimalItemArmor_BasiliskSaddle_C,,,,
"OverrideNamedEngramEntries=(EngramClassName=""EngramEntry_SpindlesSaddle_C"",EngramLevelRequirement=27,EngramPointsCost=8,EngramHidden=False,RemoveEngramPreReq=True)",27,,PrimalItemArmor_SpindlesSaddle_C,,,,
"OverrideNamedEngramEntries=(EngramClassName=""EngramEntry_GachaSaddle_C"",EngramLevelRequirement=38,EngramPointsCost=6,EngramHidden=False,RemoveEngramPreReq=True)",38,,PrimalItemArmor_GachaSaddle_C,,,,
"OverrideNamedEngramEntries=(EngramClassName=""EngramEntry_GasBagsSaddle_C"",EngramLevelRequirement=43,EngramPointsCost=6,EngramHidden=False,RemoveEngramPreReq=True)",43,,PrimalItemArmor_GasBagsSaddle_C,,,,
"OverrideNamedEngramEntries=(EngramClassName=""EngramEntry_OwlSaddle_C"",EngramLevelRequirement=61,EngramPointsCost=6,EngramHidden=False,RemoveEngramPreReq=True)",61,,PrimalItemArmor_OwlSaddle_C,,,,
"OverrideNamedEngramEntries=(EngramClassName=""EngramEntry_IceJumperSaddle_C"",EngramLevelRequirement=66,EngramPointsCost=8,EngramHidden=False,RemoveEngramPreReq=True)",66,,PrimalItemArmor_IceJumperSaddle_C,,,,
"OverrideNamedEngramEntries=(EngramClassName=""EngramEntry_MekSpawner_C"",EngramLevelRequirement=91,EngramPointsCost=38,EngramHidden=False,RemoveEngramPreReq=True)",91,,PrimalItem_Spawner_Mek_C,,,,
"OverrideNamedEngramEntries=(EngramClassName=""EngramEntry_LostColony_BossBatSaddle_C"",EngramLevelRequirement=0,EngramPointsCost=0,EngramHidden=False,RemoveEngramPreReq=True)",0,x,PrimalItemArmor_BossBatSaddle_C,Gigadesmodus Saddle,,,
"OverrideNamedEngramEntries=(EngramClassName=""EngramEntry_LostColony_BossBatSaddle_Platform_C"",EngramLevelRequirement=0,EngramPointsCost=0,EngramHidden=False,RemoveEngramPreReq=True)",0,x,PrimalItemArmor_BossBatSaddle_Platform_C,Gigadesmodus Platform Saddle,,,
"OverrideNamedEngramEntries=(EngramClassName=""EngramEntry_ArcticGloves_C"",EngramLevelRequirement=19,EngramPointsCost=9,EngramHidden=False,RemoveEngramPreReq=True)",19,x,PrimalItemArmor_ArcticGloves_C,Arctic Armor,,,
"OverrideNamedEngramEntries=(EngramClassName=""EngramEntry_ArcticShirt_C"",EngramLevelRequirement=19,EngramPointsCost=9,EngramHidden=False,RemoveEngramPreReq=True)",19,x,PrimalItemArmor_ArcticShirt_C,Arctic Armor,,,
"OverrideNamedEngramEntries=(EngramClassName=""EngramEntry_ArcticBoots_C"",EngramLevelRequirement=19,EngramPointsCost=9,EngramHidden=False,RemoveEngramPreReq=True)",19,x,PrimalItemArmor_ArcticBoots_C,Arctic Armor,,,
"OverrideNamedEngramEntries=(EngramClassName=""EngramEntry_ArcticPants_C"",EngramLevelRequirement=19,EngramPointsCost=9,EngramHidden=False,RemoveEngramPreReq=True)",19,x,PrimalItemArmor_ArcticPants_C,Arctic Armor,,,
"OverrideNamedEngramEntries=(EngramClassName=""EngramEntry_ArcticHelmet_C"",EngramLevelRequirement=19,EngramPointsCost=9,EngramHidden=False,RemoveEngramPreReq=True)",19,x,PrimalItemArmor_ArcticHelmet_C,Arctic Armor,,,
"OverrideNamedEngramEntries=(EngramClassName=""EngramEntry_LostColony_Saddle_AngelFox_C"",EngramLevelRequirement=58,EngramPointsCost=40,EngramHidden=False,RemoveEngramPreReq=True)",58,,PrimalItemArmor_AngelFoxSaddle_C,Veilwyn Saddle,,,
"OverrideNamedEngramEntries=(EngramClassName=""EngramEntry_LostColony_FabCrossbow_C"",EngramLevelRequirement=58,EngramPointsCost=18,EngramHidden=False,RemoveEngramPreReq=True)",58,,PrimalItem_WeaponCrossbow_Fab_C,Fabricated Crossbow,,,
"OverrideNamedEngramEntries=(EngramClassName=""EngramEntry_LostColony_Saddle_DevilFox_C"",EngramLevelRequirement=65,EngramPointsCost=40,EngramHidden=False,RemoveEngramPreReq=True)",65,,PrimalItemArmor_DevilFoxSaddle_C,Malwyn Saddle,,,
"OverrideNamedEngramEntries=(EngramClassName=""EngramEntry_LostColony_Saddle_SnowMonster_C"",EngramLevelRequirement=74,EngramPointsCost=40,EngramHidden=False,RemoveEngramPreReq=True)",74,,PrimalItemArmor_SnowMonsterSaddle_C,Ossidon Saddle,,,
"OverrideNamedEngramEntries=(EngramClassName=""EngramEntry_LostColony_Saddle_SnowDragon_C"",EngramLevelRequirement=85,EngramPointsCost=40,EngramHidden=False,RemoveEngramPreReq=True)",85,,PrimalItemArmor_SnowDragonSaddle_C,Aureliax Saddle,,,
"OverrideNamedEngramEntries=(EngramClassName=""EngramEntry_TekBoots_C"",EngramLevelRequirement=0,EngramPointsCost=0,EngramHidden=False,RemoveEngramPreReq=True)",200,,PrimalItemArmor_TekBoots_C,,,,
"OverrideNamedEngramEntries=(EngramClassName=""EngramEntry_TekGloves_C"",EngramLevelRequirement=0,EngramPointsCost=0,EngramHidden=False,RemoveEngramPreReq=True)",200,,PrimalItemArmor_TekGloves_C,,,,
"OverrideNamedEngramEntries=(EngramClassName=""EngramEntry_TekHelmet_C"",EngramLevelRequirement=0,EngramPointsCost=0,EngramHidden=False,RemoveEngramPreReq=True)",200,,PrimalItemArmor_TekHelmet_C,,,,
"OverrideNamedEngramEntries=(EngramClassName=""EngramEntry_TekPants_C"",EngramLevelRequirement=0,EngramPointsCost=0,EngramHidden=False,RemoveEngramPreReq=True)",200,,PrimalItemArmor_TekPants_C,,,,
"OverrideNamedEngramEntries=(EngramClassName=""EngramEntry_TekShirt_C"",EngramLevelRequirement=0,EngramPointsCost=0,EngramHidden=False,RemoveEngramPreReq=True)",200,,PrimalItemArmor_TekShirt_C,,,,
"OverrideNamedEngramEntries=(EngramClassName=""EngramEntry_TekRifle_C"",EngramLevelRequirement=0,EngramPointsCost=0,EngramHidden=False,RemoveEngramPreReq=True)",200,,PrimalItem_TekRifle_C,,,,
"OverrideNamedEngramEntries=(EngramClassName=""EngramEntry_TekRexSaddle_C"",EngramLevelRequirement=0,EngramPointsCost=0,EngramHidden=False,RemoveEngramPreReq=True)",200,,PrimalItemArmor_RexSaddle_Tek_C,,,,
"OverrideNamedEngramEntries=(EngramClassName=""EngramEntry_TekMegalodonSaddle_C"",EngramLevelRequirement=0,EngramPointsCost=0,EngramHidden=False,RemoveEngramPreReq=True)",200,,PrimalItemArmor_MegalodonSaddle_Tek_C,,,,
"OverrideNamedEngramEntries=(EngramClassName=""EngramEntry_TekMosaSaddle_C"",EngramLevelRequirement=0,EngramPointsCost=0,EngramHidden=False,RemoveEngramPreReq=True)",200,,PrimalItemArmor_MosaSaddle_Tek_C,,,,
"OverrideNamedEngramEntries=(EngramClassName=""EngramEntry_TekTapejaraSaddle_C"",EngramLevelRequirement=0,EngramPointsCost=0,EngramHidden=False,RemoveEngramPreReq=True)",200,,PrimalItemArmor_Tapejara_Tek_C,,,,
"OverrideNamedEngramEntries=(EngramClassName=""EngramEntry_TekSword_C"",EngramLevelRequirement=0,EngramPointsCost=0,EngramHidden=False,RemoveEngramPreReq=True)",200,,PrimalItem_WeaponTekSword_C,,,,
"OverrideNamedEngramEntries=(EngramClassName=""EngramEntry_TekShieldArmor_C"",EngramLevelRequirement=0,EngramPointsCost=0,EngramHidden=False,RemoveEngramPreReq=True)",200,,PrimalItemArmor_ShieldTek_C,,,,
"OverrideNamedEngramEntries=(EngramClassName=""EngramEntry_TekSniper_C"",EngramLevelRequirement=0,EngramPointsCost=0,EngramHidden=False,RemoveEngramPreReq=True)",200,,PrimalItem_TekSniper_C,,,,
"OverrideNamedEngramEntries=(EngramClassName=""EngramEntry_TekRockDrakeSaddle_C"",EngramLevelRequirement=0,EngramPointsCost=0,EngramHidden=False,RemoveEngramPreReq=True)",200,,PrimalItemArmor_RockDrakeSaddle_Tek_C,,,,
"OverrideNamedEngramEntries=(EngramClassName=""EngramEntry_TekGrenadeLauncher_C"",EngramLevelRequirement=0,EngramPointsCost=0,EngramHidden=False,RemoveEngramPreReq=True)",200,,PrimalItem_WeaponTekGrenadeLauncher_C,,,,
"OverrideNamedEngramEntries=(EngramClassName=""EngramEntry_TekExosuit_C"",EngramLevelRequirement=0,EngramPointsCost=0,EngramHidden=False,RemoveEngramPreReq=True)",200,,PrimalItem_Spawner_Exosuit_C,Exo Mek,,,
"OverrideNamedEngramEntries=(EngramClassName=""EngramEntry_GiantTurtleSaddle_C"",EngramLevelRequirement=45,EngramPointsCost=35,EngramHidden=False,RemoveEngramPreReq=True)",45,x,PrimalItemArmor_GiantTurtleSaddle_C,,,,
"OverrideNamedEngramEntries=(EngramClassName=""EngramEntry_TekClaws_C"",EngramLevelRequirement=80,EngramPointsCost=15,EngramHidden=False,RemoveEngramPreReq=True)",200,x,PrimalItem_WeaponTekClaws_C,,,,
"OverrideNamedEngramEntries=(EngramClassName=""EngramEntry_ShoulderCannon_C"",EngramLevelRequirement=0,EngramPointsCost=0,EngramHidden=False,RemoveEngramPreReq=True)",200,x,PrimalItemArmor_ShoulderCannon_C,,,,
"OverrideNamedEngramEntries=(EngramClassName=""EngramEntry_MiningDrill_C"",EngramLevelRequirement=80,EngramPointsCost=35,EngramHidden=False,RemoveEngramPreReq=True)",80,x,PrimalItem_WeaponMiningDrill_C,,,,
"OverrideNamedEngramEntries=(EngramClassName=""EngramEntry_CherufeSaddle_C"",EngramLevelRequirement=95,EngramPointsCost=35,EngramHidden=False,RemoveEngramPreReq=True)",95,x,PrimalItemArmor_CherufeSaddle_C,,,,
"OverrideNamedEngramEntries=(EngramClassName=""EngramEntry_TekSpaceWhaleSaddle_C"",EngramLevelRequirement=0,EngramPointsCost=0,EngramHidden=False,RemoveEngramPreReq=True)",200,x,PrimalItemArmor_SpaceWhaleSaddle_Tek_C,,,,
"OverrideNamedEngramEntries=(EngramClassName=""EngramEntry_Milkglider_Saddle_New_C"",EngramLevelRequirement=19,EngramPointsCost=24,EngramHidden=False,RemoveEngramPreReq=True)",19,x,PrimalItemArmor_MilkgliderSaddle_C,,,,
"OverrideNamedEngramEntries=(EngramClassName=""EngramEntry_Minigun_C"",EngramLevelRequirement=94,EngramPointsCost=35,EngramHidden=False,RemoveEngramPreReq=True)",35,x,PrimalItem_WeaponMinigun_C,,,,
"OverrideNamedEngramEntries=(EngramClassName=""EngramEntry_TekBow_C"",EngramLevelRequirement=116,EngramPointsCost=53,EngramHidden=False,RemoveEngramPreReq=True)",200,x,PrimalItem_WeaponTekBow_C,,,,
"OverrideNamedEngramEntries=(EngramClassName=""EngramEntry_TekPistol_C"",EngramLevelRequirement=118,EngramPointsCost=55,EngramHidden=False,RemoveEngramPreReq=True)",200,x,PrimalItem_WeaponTekPistol_C,,,,
"OverrideNamedEngramEntries=(EngramClassName=""EngramEntry_SpaceDolphin_Saddle_C"",EngramLevelRequirement=120,EngramPointsCost=60,EngramHidden=False,RemoveEngramPreReq=True)",200,x,PrimalItemArmor_SpaceDolphinSaddle_Tek_C,,,,
"OverrideNamedEngramEntries=(EngramClassName=""EngramEntry_SaddleAcro_C"",EngramLevelRequirement=76,EngramPointsCost=43,EngramHidden=False,RemoveEngramPreReq=True)",76,x,PrimalItemArmor_AcroSaddle_C,,,,
"OverrideNamedEngramEntries=(EngramClassName=""EngramEntry_Saddle_GrandTortugar_C"",EngramLevelRequirement=43,EngramPointsCost=18,EngramHidden=False,RemoveEngramPreReq=True)",43,x,PrimalItemArmor_GrandTortugaSaddle_C,,,,
"OverrideNamedEngramEntries=(EngramClassName=""EngramEntry_Saddle_GrandTortugar_Platform_C"",EngramLevelRequirement=52,EngramPointsCost=18,EngramHidden=False,RemoveEngramPreReq=True)",52,x,PrimalItemArmor_GrandTortugar_Platform_C,,,,
"OverrideNamedEngramEntries=(EngramClassName=""EngramEntry_Saddle_Axolotl_C"",EngramLevelRequirement=0,EngramPointsCost=0,EngramHidden=False,RemoveEngramPreReq=True)",36,,PrimalItemArmor_AxolotlSaddle_C,,,,
"OverrideNamedEngramEntries=(EngramClassName=""EngramEntry_TOF_Saddle_Paleoctopus_C"",EngramLevelRequirement=0,EngramPointsCost=0,EngramHidden=False,RemoveEngramPreReq=True)",66,,PrimalItemArmor_PalaeoctopusSaddle_C,,,,
"OverrideNamedEngramEntries=(EngramClassName=""EngramEntry_Saddle_Lumina_C"",EngramLevelRequirement=0,EngramPointsCost=0,EngramHidden=False,RemoveEngramPreReq=True)",66,x,PrimalItemArmor_LuminaSaddle_C,,,,
"OverrideNamedEngramEntries=(EngramClassName=""EngramEntry_Dragontopia_Saddle_Umbra_C"",EngramLevelRequirement=0,EngramPointsCost=0,EngramHidden=False,RemoveEngramPreReq=True)",66,x,PrimalItemArmor_UmbraSaddle_C,,,,
"OverrideNamedEngramEntries=(EngramClassName=""EngramEntry_Saddle_ElderLumina_C"",EngramLevelRequirement=0,EngramPointsCost=0,EngramHidden=False,RemoveEngramPreReq=True)",66,,PrimalItemArmor_ElderLuminaSaddle_C,,,,
"OverrideNamedEngramEntries=(EngramClassName=""EngramEntry_Dragontopia_Saddle_ElderUmbra_C"",EngramLevelRequirement=0,EngramPointsCost=0,EngramHidden=False,RemoveEngramPreReq=True)",66,,PrimalItemArmor_ElderUmbraSaddle_C,,,,
"OverrideNamedEngramEntries=(EngramClassName=""EngramEntry_Saddle_Postosuchus_C"",EngramLevelRequirement=0,EngramPointsCost=0,EngramHidden=False,RemoveEngramPreReq=True)",39,,PrimalItemArmor_PostoSaddle_C,,,Prehistoric Beasts,
"OverrideNamedEngramEntries=(EngramClassName=""EngramEntry_Saddle_Neovenator_C"",EngramLevelRequirement=0,EngramPointsCost=0,EngramHidden=False,RemoveEngramPreReq=True)",74,,PrimalItemArmor_NeovenatorSaddle_C,,,,
"OverrideNamedEngramEntries=(EngramClassName=""EngramEntry_TekSaddle_Neovenator_C"",EngramLevelRequirement=0,EngramPointsCost=0,EngramHidden=False,RemoveEngramPreReq=True)",200,,PrimalItemArmor_NeovenatorSaddle_Tek_C,,,,
"OverrideNamedEngramEntries=(EngramClassName=""EngramEntry_Saddle_Nasutoceratops_C"",EngramLevelRequirement=0,EngramPointsCost=0,EngramHidden=False,RemoveEngramPreReq=True)",32,,PrimalItemArmor_NasutoceratopsSaddle_C,,,,
"OverrideNamedEngramEntries=(EngramClassName=""EngramEntry_Saddle_Nasutoceratops_Tek_C"",EngramLevelRequirement=0,EngramPointsCost=0,EngramHidden=False,RemoveEngramPreReq=True)",200,,PrimalItemArmor_NasutoceratopsSaddle_Tek_C,,,,
"OverrideNamedEngramEntries=(EngramClassName=""EngramEntry_Saddle_Yang_C"",EngramLevelRequirement=0,EngramPointsCost=0,EngramHidden=False,RemoveEngramPreReq=True)",74,,PrimalItemArmor_YangchuanosaurusSaddle_C,,,,
"OverrideNamedEngramEntries=(EngramClassName=""EngramEntry_Saddle_Tsintaosaurus_C"",EngramLevelRequirement=0,EngramPointsCost=0,EngramHidden=False,RemoveEngramPreReq=True)",3,,PrimalItemArmor_TsintaosaurusSaddle_C,,,,
"OverrideNamedEngramEntries=(EngramClassName=""EngramEntry_BagNeimongosaurus_C"",EngramLevelRequirement=0,EngramPointsCost=0,EngramHidden=False,RemoveEngramPreReq=True)",17,,PrimalItemArmor_NeimongosaurusBags_C,,,,
"OverrideNamedEngramEntries=(EngramClassName=""EngramEntry_Saddle_Ino_C"",EngramLevelRequirement=0,EngramPointsCost=0,EngramHidden=False,RemoveEngramPreReq=True)",47,,PrimalItemArmor_InostranceviaSaddle_C,,,,
"OverrideNamedEngramEntries=(EngramClassName=""EngramEntry_Saddle_Pyroraptor_C"",EngramLevelRequirement=0,EngramPointsCost=0,EngramHidden=False,RemoveEngramPreReq=True)",24,,PrimalItemArmor_PyroraptorSaddle_C,,,,
"OverrideNamedEngramEntries=(EngramClassName=""EngramEntry_Saddle_Dearc_C"",EngramLevelRequirement=0,EngramPointsCost=0,EngramHidden=False,RemoveEngramPreReq=True)",47,,PrimalItemArmor_DearcSaddle_C,,,,
"OverrideNamedEngramEntries=(EngramClassName=""EngramEntry_Saddle_Siamosaurus_C"",EngramLevelRequirement=0,EngramPointsCost=0,EngramHidden=False,RemoveEngramPreReq=True)",60,,PrimalItemArmor_SiamosaurusSaddle_C,,,,
"OverrideNamedEngramEntries=(EngramClassName=""EngramEntry_Saddle_Mapu_C"",EngramLevelRequirement=0,EngramPointsCost=0,EngramHidden=False,RemoveEngramPreReq=True)",78,,PrimalItemArmor_MapusaurusSaddle_C,,,Prehistoric Beasts 2,
"OverrideNamedEngramEntries=(EngramClassName=""EngramEntry_Saddle_Genyodectes_C"",EngramLevelRequirement=0,EngramPointsCost=0,EngramHidden=False,RemoveEngramPreReq=True)",52,,PrimalItemArmor_GenyodectesSaddle_C,,,,
"OverrideNamedEngramEntries=(EngramClassName=""EngramEntry_Saddle_GenyodectesHelmet_C"",EngramLevelRequirement=0,EngramPointsCost=0,EngramHidden=False,RemoveEngramPreReq=True)",71,,PrimalItemArmor_GenyodectesHelmet_C,,,,
"OverrideNamedEngramEntries=(EngramClassName=""EngramEntry_Saddle_Zuniceratops_C"",EngramLevelRequirement=0,EngramPointsCost=0,EngramHidden=False,RemoveEngramPreReq=True)",21,,PrimalItemArmor_ZuniceratopsSaddle_C,,,,
"OverrideNamedEngramEntries=(EngramClassName=""EngramEntry_Saddle_Zuniceratops_Advanced_C"",EngramLevelRequirement=0,EngramPointsCost=0,EngramHidden=False,RemoveEngramPreReq=True)",64,,PrimalItemArmor_ZuniceratopsSaddle_Advanced_C,,,,
"OverrideNamedEngramEntries=(EngramClassName=""EngramEntry_Saddle_Zuniceratops_Tek_C"",EngramLevelRequirement=0,EngramPointsCost=0,EngramHidden=False,RemoveEngramPreReq=True)",200,,PrimalItemArmor_ZuniceratopsSaddle_Tek_C,,,,
"OverrideNamedEngramEntries=(EngramClassName=""EngramEntry_SaddleOuranosaurus_C"",EngramLevelRequirement=0,EngramPointsCost=0,EngramHidden=False,RemoveEngramPreReq=True)",43,,PrimalItemArmor_OuranosaurusSaddle_C,,,,
"OverrideNamedEngramEntries=(EngramClassName=""EngramEntry_SaddleOuranosaurus_Egg_C"",EngramLevelRequirement=0,EngramPointsCost=0,EngramHidden=False,RemoveEngramPreReq=True)",49,,PrimalItemArmor_OuranosaurusSaddle_Egg_C,,,Saddle with Egg incub extension,
"OverrideNamedEngramEntries=(EngramClassName=""EngramEntry_Saddle_Baculites_C"",EngramLevelRequirement=0,EngramPointsCost=0,EngramHidden=False,RemoveEngramPreReq=True)",30,,PrimalItemArmor_BaculitesSaddle_C,,,,
"OverrideNamedEngramEntries=(EngramClassName=""EngramEntry_Saddle_Duck_C"",EngramLevelRequirement=0,EngramPointsCost=0,EngramHidden=False,RemoveEngramPreReq=True)",50,,PrimalItemArmor_ParaxenisaurusSaddle_C,,,,
"OverrideNamedEngramEntries=(EngramClassName=""EngramEntry_Saddle_Orn_C"",EngramLevelRequirement=0,EngramPointsCost=0,EngramHidden=False,RemoveEngramPreReq=True)",60,,PrimalItemArmor_OrnSaddle_C,,,,
"OverrideNamedEngramEntries=(EngramClassName=""EngramEntry_Saddle_Advanced_Orn_C"",EngramLevelRequirement=0,EngramPointsCost=0,EngramHidden=False,RemoveEngramPreReq=True)",78,,PrimalItemArmor_OrnSaddle_Advanced_C,,,,
"OverrideNamedEngramEntries=(EngramClassName=""EngramEntry_Saddle_Jiangjunosaurus_C"",EngramLevelRequirement=0,EngramPointsCost=0,EngramHidden=False,RemoveEngramPreReq=True)",75,,PrimalItemArmor_JiangjunosaurusSaddle_C,,,,
"OverrideNamedEngramEntries=(EngramClassName=""EngramEntry_Saddle_Anzu_Tek_C"",EngramLevelRequirement=0,EngramPointsCost=0,EngramHidden=False,RemoveEngramPreReq=True)",200,,PrimalItemArmor_AnzuSaddle_Tek_C,,,,
"OverrideNamedEngramEntries=(EngramClassName=""EngramEntry_Saddle_Axel_C"",EngramLevelRequirement=0,EngramPointsCost=0,EngramHidden=False,RemoveEngramPreReq=True)",16,,PrimalItemArmor_AxelrodichthysSaddle_C,,,Prehistoric Beasts 3,
"OverrideNamedEngramEntries=(EngramClassName=""EngramEntry_Saddle_Haino_C"",EngramLevelRequirement=0,EngramPointsCost=0,EngramHidden=False,RemoveEngramPreReq=True)",75,,PrimalItemArmor_HainoSaddle_C,,,,
"OverrideNamedEngramEntries=(EngramClassName=""EngramEntry_Saddle_Pinacosaurus_C"",EngramLevelRequirement=0,EngramPointsCost=0,EngramHidden=False,RemoveEngramPreReq=True)",41,,PrimalItemArmor_PinacosaurusSaddle_C,,,,
"OverrideNamedEngramEntries=(EngramClassName=""EngramEntry_Saddle_Koola_C"",EngramLevelRequirement=0,EngramPointsCost=0,EngramHidden=False,RemoveEngramPreReq=True)",55,,PrimalItemArmor_KoolaSaddle_C,,,,
"OverrideNamedEngramEntries=(EngramClassName=""EngramEntry_Saddle_KoolaArmored_C"",EngramLevelRequirement=0,EngramPointsCost=0,EngramHidden=False,RemoveEngramPreReq=True)",65,,PrimalItemArmor_KoolaSaddle_Armored_C,,,,
"OverrideNamedEngramEntries=(EngramClassName=""EngramEntry_Saddle_Salty_C"",EngramLevelRequirement=0,EngramPointsCost=0,EngramHidden=False,RemoveEngramPreReq=True)",44,,PrimalItemArmor_SaltasaurusSaddle_C,,,,
"OverrideNamedEngramEntries=(EngramClassName=""EngramEntry_Saddle_Doli_C"",EngramLevelRequirement=0,EngramPointsCost=0,EngramHidden=False,RemoveEngramPreReq=True)",27,,PrimalItemArmor_DolichorhynchopsSaddle_C,,,,
"OverrideNamedEngramEntries=(EngramClassName=""EngramEntry_Saddle_Doli_Jaw_C"",EngramLevelRequirement=0,EngramPointsCost=0,EngramHidden=False,RemoveEngramPreReq=True)",32,,PrimalItemArmor_Dolichorhynchops_BoneJaw_C,,,,
"OverrideNamedEngramEntries=(EngramClassName=""EngramEntry_Saddle_Lythronax_C"",EngramLevelRequirement=0,EngramPointsCost=0,EngramHidden=False,RemoveEngramPreReq=True)",71,,PrimalItemArmor_LythronaxSaddle_C,,,,
"OverrideNamedEngramEntries=(EngramClassName=""EngramEntry_Saddle_LythronaxTek_C"",EngramLevelRequirement=0,EngramPointsCost=0,EngramHidden=False,RemoveEngramPreReq=True)",200,,PrimalItemArmor_LythronaxSaddle_Tek_C,,,,
"OverrideNamedEngramEntries=(EngramClassName=""EngramEntry_Saddle_Prionosuchus_C"",EngramLevelRequirement=0,EngramPointsCost=0,EngramHidden=False,RemoveEngramPreReq=True)",60,,PrimalItemArmor_PrionosuchusSaddle_C,,,,
"OverrideNamedEngramEntries=(EngramClassName=""EngramEntry_Saddle_Cryo_C"",EngramLevelRequirement=0,EngramPointsCost=0,EngramHidden=False,RemoveEngramPreReq=True)",82,,PrimalItemArmor_CryodrakonSaddle_C,,,,
"OverrideNamedEngramEntries=(EngramClassName=""EngramEntry_Saddle_Liraionosaurus_C"",EngramLevelRequirement=0,EngramPointsCost=0,EngramHidden=False,RemoveEngramPreReq=True)",15,,PrimalItemArmor_LirainosaurusSaddle_C,,,Prehistoric Beasts 4,
"OverrideNamedEngramEntries=(EngramClassName=""EngramEntry_DilongCollar_C"",EngramLevelRequirement=0,EngramPointsCost=0,EngramHidden=False,RemoveEngramPreReq=True)",27,x,PrimalItemArmor_DilongCollar_C,,,doesnt show up in inventory?,
"OverrideNamedEngramEntries=(EngramClassName=""EngramEntry_Saddle_Massospondylus_C"",EngramLevelRequirement=0,EngramPointsCost=0,EngramHidden=False,RemoveEngramPreReq=True)",41,,PrimalItemArmor_MassospondylusSaddle_C,,,,
"OverrideNamedEngramEntries=(EngramClassName=""EngramEntry_Saddle_Dracovenator_C"",EngramLevelRequirement=0,EngramPointsCost=0,EngramHidden=False,RemoveEngramPreReq=True)",64,,PrimalItemArmor_DracovenatorSaddle_C,,,,
"OverrideNamedEngramEntries=(EngramClassName=""EngramEntry_Saddle_Kelenken_C"",EngramLevelRequirement=0,EngramPointsCost=0,EngramHidden=False,RemoveEngramPreReq=True)",65,,PrimalItemArmor_KelenkenSaddle_C,,,,
"OverrideNamedEngramEntries=(EngramClassName=""EngramEntry_Greeves_Kelenken_C"",EngramLevelRequirement=0,EngramPointsCost=0,EngramHidden=False,RemoveEngramPreReq=True)",40,,PrimalItemArmor_KelenkenGreeves_C,,,,
"OverrideNamedEngramEntries=(EngramClassName=""EngramEntry_Saddle_Venenosaurus_C"",EngramLevelRequirement=0,EngramPointsCost=0,EngramHidden=False,RemoveEngramPreReq=True)",40,,PrimalItemArmor_VenenosaurusSaddle_C,,,,
"OverrideNamedEngramEntries=(EngramClassName=""EngramEntry_Saddle_Hyneria_C"",EngramLevelRequirement=0,EngramPointsCost=0,EngramHidden=False,RemoveEngramPreReq=True)",72,,PrimalItemArmor_HyneriaSaddle_C,,,,
"OverrideNamedEngramEntries=(EngramClassName=""EngramEntry_Saddle_Thresher_C"",EngramLevelRequirement=0,EngramPointsCost=0,EngramHidden=False,RemoveEngramPreReq=True)",42,,PrimalItemArmor_ThresherSaddle_C,,,,
"OverrideNamedEngramEntries=(EngramClassName=""EngramEntry_Saddle_Eotrike_C"",EngramLevelRequirement=0,EngramPointsCost=0,EngramHidden=False,RemoveEngramPreReq=True)",74,,PrimalItemArmor_EotrikeSaddle_C,,,Prehistoric Beasts 5,
"OverrideNamedEngramEntries=(EngramClassName=""EngramEntry_Saddle_Eotrike_Advanced_C"",EngramLevelRequirement=0,EngramPointsCost=0,EngramHidden=False,RemoveEngramPreReq=True)",94,,PrimalItemArmor_EotrikeSaddle_Advanced_C,,,,
"OverrideNamedEngramEntries=(EngramClassName=""EngramEntry_Saddle_HaastEagle_C"",EngramLevelRequirement=0,EngramPointsCost=0,EngramHidden=False,RemoveEngramPreReq=True)",51,,PrimalItemArmor_HaastEagleSaddle_C,,,,
"OverrideNamedEngramEntries=(EngramClassName=""EngramEntry_Saddle_Gandakasia_C"",EngramLevelRequirement=0,EngramPointsCost=0,EngramHidden=False,RemoveEngramPreReq=True)",22,,PrimalItemArmor_GandakasiaSaddle_C,,,,
"OverrideNamedEngramEntries=(EngramClassName=""EngramEntry_Saddle_Angulomastacator_C"",EngramLevelRequirement=0,EngramPointsCost=0,EngramHidden=False,RemoveEngramPreReq=True)",70,,PrimalItemArmor_AngulomastacatorSaddle_C,,,,
"OverrideNamedEngramEntries=(EngramClassName=""EngramEntry_Saddle_Puru_C"",EngramLevelRequirement=0,EngramPointsCost=0,EngramHidden=False,RemoveEngramPreReq=True)",74,,PrimalItemArmor_PurussaurusSaddle_C,,,,
"OverrideNamedEngramEntries=(EngramClassName=""EngramEntry_Saddle_Edmonto_C"",EngramLevelRequirement=0,EngramPointsCost=0,EngramHidden=False,RemoveEngramPreReq=True)",72,,PrimalItemArmor_EdmontosaurusSaddle_C,,,,
"OverrideNamedEngramEntries=(EngramClassName=""EngramEntry_Saddle_Edmonto_Transport_C"",EngramLevelRequirement=0,EngramPointsCost=0,EngramHidden=False,RemoveEngramPreReq=True)",90,,PrimalItemArmor_EdmontosaurusSaddle_Transport_C,,,,
"OverrideNamedEngramEntries=(EngramClassName=""EngramEntry_Saddle_Gomphotherium_C"",EngramLevelRequirement=0,EngramPointsCost=0,EngramHidden=False,RemoveEngramPreReq=True)",43,,PrimalItemArmor_GomphotheriumSaddle_C,,,,
"OverrideNamedEngramEntries=(EngramClassName=""EngramEntry_Saddle_GomphotheriumArmor_C"",EngramLevelRequirement=0,EngramPointsCost=0,EngramHidden=False,RemoveEngramPreReq=True)",55,,PrimalItemArmor_GomphotheriumArmor_C,,,,
"OverrideNamedEngramEntries=(EngramClassName=""EngramEntry_Saddle_GompMedKit_C"",EngramLevelRequirement=0,EngramPointsCost=0,EngramHidden=False,RemoveEngramPreReq=True)",43,x,PrimalItemArmor_GomphotheriumMedKit_C,,,,
"OverrideNamedEngramEntries=(EngramClassName=""EngramEntry_Saddle_GompPacks_C"",EngramLevelRequirement=0,EngramPointsCost=0,EngramHidden=False,RemoveEngramPreReq=True)",43,x,PrimalItemArmor_GomphotheriumPacks_C,,,,
"OverrideNamedEngramEntries=(EngramClassName=""EngramEntry_Saddle_Acrophoca_C"",EngramLevelRequirement=0,EngramPointsCost=0,EngramHidden=False,RemoveEngramPreReq=True)",34,,PrimalItemArmor_AcrophocaSaddle_C,,,WIP i think,
"OverrideNamedEngramEntries=(EngramClassName=""EngramEntry_Saddle_Acrophoca_Tek_C"",EngramLevelRequirement=0,EngramPointsCost=0,EngramHidden=False,RemoveEngramPreReq=True)",200,,PrimalItemArmor_AcrophocaSaddle_Tek_C,,,,
"OverrideNamedEngramEntries=(EngramClassName=""EngramEntry_Saddle_AC2Dibble_C"",EngramLevelRequirement=0,EngramPointsCost=0,EngramHidden=False,RemoveEngramPreReq=True)",66,,PrimalItemArmor_DibbleSaddle_C,,,,
"OverrideNamedEngramEntries=(EngramClassName=""EngramEntry_Saddle_Anteo_C"",EngramLevelRequirement=0,EngramPointsCost=0,EngramHidden=False,RemoveEngramPreReq=True)",68,,PrimalItemArmor_VeronicaSaddle_C,,,,
"OverrideNamedEngramEntries=(EngramClassName=""EngramEntry_Saddle_BigPaul_C"",EngramLevelRequirement=0,EngramPointsCost=0,EngramHidden=False,RemoveEngramPreReq=True)",96,,PrimalItemArmor_MegapauliaSaddle_C,,,,
"OverrideNamedEngramEntries=(EngramClassName=""EngramEntry_Saddle_BloodyAeros_C"",EngramLevelRequirement=0,EngramPointsCost=0,EngramHidden=False,RemoveEngramPreReq=True)",87,,PrimalItemArmor_BloodyAerosSaddle_C,,,,
"OverrideNamedEngramEntries=(EngramClassName=""EngramEntry_Saddle_Gigatitan_C"",EngramLevelRequirement=0,EngramPointsCost=0,EngramHidden=False,RemoveEngramPreReq=True)",62,,PrimalItemArmor_LorgeMantisSaddle_C,,,,
"OverrideNamedEngramEntries=(EngramClassName=""EngramEntry_Saddle_Goyle_C"",EngramLevelRequirement=0,EngramPointsCost=0,EngramHidden=False,RemoveEngramPreReq=True)",52,,PrimalItemArmor_GoyleSaddle_C,,,,
"OverrideNamedEngramEntries=(EngramClassName=""EngramEntry_Saddle_KamiInostran_C"",EngramLevelRequirement=0,EngramPointsCost=0,EngramHidden=False,RemoveEngramPreReq=True)",77,,PrimalItemArmor_InostranSaddle_C,,,,
"OverrideNamedEngramEntries=(EngramClassName=""EngramEntry_Saddle_OgreDarner_C"",EngramLevelRequirement=0,EngramPointsCost=0,EngramHidden=False,RemoveEngramPreReq=True)",67,,PrimalItemArmor_OgreDarnerSaddle_C,,,,
"OverrideNamedEngramEntries=(EngramClassName=""EngramEntry_Saddle_Phosphato_C"",EngramLevelRequirement=0,EngramPointsCost=0,EngramHidden=False,RemoveEngramPreReq=True)",35,,PrimalItemArmor_PhosphatoSaddle_C,,,,
"OverrideNamedEngramEntries=(EngramClassName=""EngramEntry_Saddle_Skorpio_C"",EngramLevelRequirement=0,EngramPointsCost=0,EngramHidden=False,RemoveEngramPreReq=True)",28,,PrimalItemArmor_SkorpioSaddle_C,,,,
"OverrideNamedEngramEntries=(EngramClassName=""EngramEntry_Saddle_Tarchia_C"",EngramLevelRequirement=0,EngramPointsCost=0,EngramHidden=False,RemoveEngramPreReq=True)",71,,PrimalItemArmor_TarchiaSaddle_C,,,,
"OverrideNamedEngramEntries=(EngramClassName=""EngramEntry_Saddle_Toro_C"",EngramLevelRequirement=0,EngramPointsCost=0,EngramHidden=False,RemoveEngramPreReq=True)",40,,PrimalItemArmor_ToroSaddle_C,,,,
"OverrideNamedEngramEntries=(EngramClassName=""EngramEntry_Saddle_Xuan_C"",EngramLevelRequirement=0,EngramPointsCost=0,EngramHidden=False,RemoveEngramPreReq=True)",46,,PrimalItemArmor_XuanSaddle_C,,,,
"OverrideNamedEngramEntries=(EngramClassName=""EngramEntry_Saddle_Eryops_C"",EngramLevelRequirement=0,EngramPointsCost=0,EngramHidden=False,RemoveEngramPreReq=True)",47,,PrimalItemArmor_EryopsSaddle_C,,,,
"OverrideNamedEngramEntries=(EngramClassName=""EngramEntry_Saddle_Succ_C"",EngramLevelRequirement=0,EngramPointsCost=0,EngramHidden=False,RemoveEngramPreReq=True)",63,,PrimalItemArmor_SuccSaddle_C,,,,
"OverrideNamedEngramEntries=(EngramClassName=""EngramEntry_Saddle_AC2Fasola_C"",EngramLevelRequirement=0,EngramPointsCost=0,EngramHidden=False,RemoveEngramPreReq=True)",71,,PrimalItemArmor_AC2FasolaSaddle_C,,,,
"OverrideNamedEngramEntries=(EngramClassName=""EngramEntry_Saddle_AC2Edmont_C"",EngramLevelRequirement=0,EngramPointsCost=0,EngramHidden=False,RemoveEngramPreReq=True)",66,,PrimalItemArmor_EdmontoSaddleAC2_C,,,,
"OverrideNamedEngramEntries=(EngramClassName=""EngramEntry_Saddle_Deinoch_C"",EngramLevelRequirement=0,EngramPointsCost=0,EngramHidden=False,RemoveEngramPreReq=True)",92,,PrimalItemArmor_DeinochSaddle_C,,,,
"OverrideNamedEngramEntries=(EngramClassName=""EngramEntry_Saddle_Brachau_C"",EngramLevelRequirement=0,EngramPointsCost=0,EngramHidden=False,RemoveEngramPreReq=True)",86,,PrimalItemArmor_BrachauSaddle_C,,,,
"OverrideNamedEngramEntries=(EngramClassName=""EngramEntry_Saddle_HornedNurse_C"",EngramLevelRequirement=0,EngramPointsCost=0,EngramHidden=False,RemoveEngramPreReq=True)",41,,PrimalItemArmor_HornedNurseSaddle_C,,,,
"OverrideNamedEngramEntries=(EngramClassName=""EngramEntry_Saddle_Vallibon_C"",EngramLevelRequirement=0,EngramPointsCost=0,EngramHidden=False,RemoveEngramPreReq=True)",76,,PrimalItemArmor_ValliSaddle_C,,,,
"OverrideNamedEngramEntries=(EngramClassName=""EngramEntry_Saddle_Delta_C"",EngramLevelRequirement=0,EngramPointsCost=0,EngramHidden=False,RemoveEngramPreReq=True)",25,,PrimalItemArmor_DeltaSaddle_C,,,,
"OverrideNamedEngramEntries=(EngramClassName=""EngramEntry_Saddle_Kaikaifilu_C"",EngramLevelRequirement=0,EngramPointsCost=0,EngramHidden=False,RemoveEngramPreReq=True)",47,,PrimalItemArmor_KaikaifiluSaddle_C,,,,
"OverrideNamedEngramEntries=(EngramClassName=""EngramEntry_Saddle_AC2Yang_C"",EngramLevelRequirement=0,EngramPointsCost=0,EngramHidden=False,RemoveEngramPreReq=True)",73,,PrimalItemArmor_ShadYangSaddle_C,,,,
"OverrideNamedEngramEntries=(EngramClassName=""EngramEntry_Saddle_Tyrmimus_C"",EngramLevelRequirement=0,EngramPointsCost=0,EngramHidden=False,RemoveEngramPreReq=True)",43,,PrimalItemArmor_TyrannomimusSaddle_C,,,,
"OverrideNamedEngramEntries=(EngramClassName=""EngramEntry_Saddle_BigIggy_C"",EngramLevelRequirement=0,EngramPointsCost=0,EngramHidden=False,RemoveEngramPreReq=True)",44,,PrimalItemArmor_BigIggySaddle_C,,,,
"OverrideNamedEngramEntries=(EngramClassName=""EngramEntry_Saddle_Cedaro_C"",EngramLevelRequirement=0,EngramPointsCost=0,EngramHidden=False,RemoveEngramPreReq=True)",51,,PrimalItemArmor_CedaroSaddle_C,,,,
"OverrideNamedEngramEntries=(EngramClassName=""EngramEntry_Saddle_Albert_C"",EngramLevelRequirement=0,EngramPointsCost=0,EngramHidden=False,RemoveEngramPreReq=True)",26,,PrimalItemArmor_AlbertSaddle_C,,,,
"OverrideNamedEngramEntries=(EngramClassName=""EngramEntry_Saddle_Apato_C"",EngramLevelRequirement=0,EngramPointsCost=0,EngramHidden=False,RemoveEngramPreReq=True)",61,,PrimalItemArmor_ApatoSaddle_C,,,,
"OverrideNamedEngramEntries=(EngramClassName=""EngramEntry_Saddle_Epanterias_C"",EngramLevelRequirement=0,EngramPointsCost=0,EngramHidden=False,RemoveEngramPreReq=True)",83,,PrimalItemArmor_EpanteriasSaddle_C,,,,
"OverrideNamedEngramEntries=(EngramClassName=""EngramEntry_Saddle_AC2Tyrannotitan_C"",EngramLevelRequirement=0,EngramPointsCost=0,EngramHidden=False,RemoveEngramPreReq=True)",74,,PrimalItemArmor_ShadTyrTitanSaddle_C,,,,
"OverrideNamedEngramEntries=(EngramClassName=""EngramEntry_Saddle_Anga_C"",EngramLevelRequirement=0,EngramPointsCost=0,EngramHidden=False,RemoveEngramPreReq=True)",40,,PrimalItemArmor_AngaSaddle_C,,,,
"OverrideNamedEngramEntries=(EngramClassName=""EngramEntry_Saddle_Austro_C"",EngramLevelRequirement=0,EngramPointsCost=0,EngramHidden=False,RemoveEngramPreReq=True)",18,,PrimalItemArmor_AustroRaptorSaddle_C,,,,
"OverrideNamedEngramEntries=(EngramClassName=""EngramEntry_Saddle_ChunkyKing_C"",EngramLevelRequirement=0,EngramPointsCost=0,EngramHidden=False,RemoveEngramPreReq=True)",59,,PrimalItemArmor_ChunkyKingSaddle_C,,,,
"OverrideNamedEngramEntries=(EngramClassName=""EngramEntry_Saddle_Hadal_C"",EngramLevelRequirement=0,EngramPointsCost=0,EngramHidden=False,RemoveEngramPreReq=True)",77,,PrimalItemArmor_HadalSaddle_C,,,,
"OverrideNamedEngramEntries=(EngramClassName=""EngramEntry_ErythroCombatSaddle_C"",EngramLevelRequirement=0,EngramPointsCost=0,EngramHidden=False,RemoveEngramPreReq=True)",64,,PrimalItemArmor_ACErythroCombatSaddle_C,,,,
"OverrideNamedEngramEntries=(EngramClassName=""EngramEntry_ErythroStandardSaddle_C"",EngramLevelRequirement=0,EngramPointsCost=0,EngramHidden=False,RemoveEngramPreReq=True)",56,,PrimalItemArmor_ACErythroSaddle_C,,,,
"OverrideNamedEngramEntries=(EngramClassName=""EngramEntry_Saddle_Saurovindico_C"",EngramLevelRequirement=0,EngramPointsCost=0,EngramHidden=False,RemoveEngramPreReq=True)",105,,PrimalItemArmor_SmokSaddle_C,,,,
"OverrideNamedEngramEntries=(EngramClassName=""EngramEntry_Saddle_Niger_C"",EngramLevelRequirement=0,EngramPointsCost=0,EngramHidden=False,RemoveEngramPreReq=True)",17,,PrimalItemArmor_NigerSaddle_C,,,,
"OverrideNamedEngramEntries=(EngramClassName=""EngramEntry_Saddle_Thalasso_C"",EngramLevelRequirement=0,EngramPointsCost=0,EngramHidden=False,RemoveEngramPreReq=True)",63,,PrimalItemArmor_ThalassoSaddle_C,,,,
"OverrideNamedEngramEntries=(EngramClassName=""EngramEntry_Saddle_WANothro_C"",EngramLevelRequirement=0,EngramPointsCost=0,EngramHidden=False,RemoveEngramPreReq=True)",63,,PrimalItemArmor_WANothroSaddle_C,,,,
"OverrideNamedEngramEntries=(EngramClassName=""EngramEntry_Saddle_Rhizodus_C"",EngramLevelRequirement=0,EngramPointsCost=0,EngramHidden=False,RemoveEngramPreReq=True)",91,,PrimalItemArmor_RhizoSaddle_C,,,,
"OverrideNamedEngramEntries=(EngramClassName=""EngramEntry_Saddle_AC2Spinorap_C"",EngramLevelRequirement=0,EngramPointsCost=0,EngramHidden=False,RemoveEngramPreReq=True)",55,,PrimalItemArmor_AC2SpinoRapSaddle_C,,,,
"OverrideNamedEngramEntries=(EngramClassName=""EngramEntry_Saddle_AcrophAQ_C"",EngramLevelRequirement=0,EngramPointsCost=0,EngramHidden=False,RemoveEngramPreReq=True)",18,,PrimalItemArmor_AQAcrophSaddle_C,,,Additional Creatures: Aquaria,
"OverrideNamedEngramEntries=(EngramClassName=""EngramEntry_Saddle_AqLeopardSeal_C"",EngramLevelRequirement=0,EngramPointsCost=0,EngramHidden=False,RemoveEngramPreReq=True)",35,,PrimalItemArmor_AqLeopardSealSaddle_C,,,,
"OverrideNamedEngramEntries=(EngramClassName=""EngramEntry_Saddle_AqWalrus_C"",EngramLevelRequirement=0,EngramPointsCost=0,EngramHidden=False,RemoveEngramPreReq=True)",39,,PrimalItemArmor_AQWalrusSaddle_C,,,,
"OverrideNamedEngramEntries=(EngramClassName=""EngramEntry_Saddle_AQCrypto_C"",EngramLevelRequirement=0,EngramPointsCost=0,EngramHidden=False,RemoveEngramPreReq=True)",16,,PrimalItemArmor_CryptoSaddle_C,,,,
"OverrideNamedEngramEntries=(EngramClassName=""EngramEntry_Saddle_Edestus_C"",EngramLevelRequirement=0,EngramPointsCost=0,EngramHidden=False,RemoveEngramPreReq=True)",53,,PrimalItemArmor_EdestusSaddle_C,,,,
"OverrideNamedEngramEntries=(EngramClassName=""EngramEntry_Saddle_Goonch_C"",EngramLevelRequirement=0,EngramPointsCost=0,EngramHidden=False,RemoveEngramPreReq=True)",54,,PrimalItemArmor_GoonchSaddle_C,,,,
"OverrideNamedEngramEntries=(EngramClassName=""EngramEntry_Saddle_HelicoprionAQ_C"",EngramLevelRequirement=0,EngramPointsCost=0,EngramHidden=False,RemoveEngramPreReq=True)",41,,PrimalItemArmor_HelicoprionSaddleAQ_C,,,,
"OverrideNamedEngramEntries=(EngramClassName=""EngramEntry_Saddle_Hydrothero_C"",EngramLevelRequirement=0,EngramPointsCost=0,EngramHidden=False,RemoveEngramPreReq=True)",49,,PrimalItemArmor_HydrotheroSaddle_C,,,,
"OverrideNamedEngramEntries=(EngramClassName=""EngramEntry_Saddle_Ophthal_C"",EngramLevelRequirement=0,EngramPointsCost=0,EngramHidden=False,RemoveEngramPreReq=True)",32,,PrimalItemArmor_OphthalSaddle_C,,,,
"OverrideNamedEngramEntries=(EngramClassName=""EngramEntry_Saddle_Piraiba_C"",EngramLevelRequirement=0,EngramPointsCost=0,EngramHidden=False,RemoveEngramPreReq=True)",54,,PrimalItemArmor_PiraibaSaddle_C,,,,
"OverrideNamedEngramEntries=(EngramClassName=""EngramEntry_Saddle_Protostega_C"",EngramLevelRequirement=0,EngramPointsCost=0,EngramHidden=False,RemoveEngramPreReq=True)",30,,PrimalItemArmor_ProtostegaSaddle_C,,,,
"OverrideNamedEngramEntries=(EngramClassName=""EngramEntry_Saddle_Tigerfish_C"",EngramLevelRequirement=0,EngramPointsCost=0,EngramHidden=False,RemoveEngramPreReq=True)",52,,PrimalItemArmor_TigerfishSaddle_C,,,,
"OverrideNamedEngramEntries=(EngramClassName=""EngramEntry_Saddle_Tylosaur_C"",EngramLevelRequirement=0,EngramPointsCost=0,EngramHidden=False,RemoveEngramPreReq=True)",84,,PrimalItemArmor_TyloSaddle_C,,,,
"OverrideNamedEngramEntries=(EngramClassName=""EngramEntry_Saddle_Orca_C"",EngramLevelRequirement=0,EngramPointsCost=0,EngramHidden=False,RemoveEngramPreReq=True)",42,x,PrimalItemArmor_OrcaSaddle_C,,,,
"OverrideNamedEngramEntries=(EngramClassName=""EngramEntry_Saddle_Diploceras_C"",EngramLevelRequirement=0,EngramPointsCost=0,EngramHidden=False,RemoveEngramPreReq=True)",13,,PrimalItemArmor_CeraspisSaddle_C,,,Additional Creatures Endemics,
"OverrideNamedEngramEntries=(EngramClassName=""EngramEntry_Saddle_Hector_C"",EngramLevelRequirement=0,EngramPointsCost=0,EngramHidden=False,RemoveEngramPreReq=True)",13,,PrimalItemArmor_HectorDolSaddle_C,,,,
"OverrideNamedEngramEntries=(EngramClassName=""EngramEntry_Saddle_Pakasucc_C"",EngramLevelRequirement=0,EngramPointsCost=0,EngramHidden=False,RemoveEngramPreReq=True)",15,,PrimalItemArmor_PakasuchusSaddle_C,,,,
"OverrideNamedEngramEntries=(EngramClassName=""EngramEntry_Saddle_WHAT_C"",EngramLevelRequirement=0,EngramPointsCost=0,EngramHidden=False,RemoveEngramPreReq=True)",18,,PrimalItemArmor_WhatSaddle_C,,,,
"OverrideNamedEngramEntries=(EngramClassName=""EngramEntry_Saddle_Onchopristis_C"",EngramLevelRequirement=0,EngramPointsCost=0,EngramHidden=False,RemoveEngramPreReq=True)",35,,PrimalItemArmor_OnchoSaddle_C,,,,
"OverrideNamedEngramEntries=(EngramClassName=""EngramEntry_Saddle_AHammer_C"",EngramLevelRequirement=0,EngramPointsCost=0,EngramHidden=False,RemoveEngramPreReq=True)",63,,PrimalItemArmor_AHammerSaddle_C,,,Shads Atlas Imports,
"OverrideNamedEngramEntries=(EngramClassName=""EngramEntry_Saddle_Kodiak_C"",EngramLevelRequirement=0,EngramPointsCost=0,EngramHidden=False,RemoveEngramPreReq=True)",52,,PrimalItemArmor_KodiakSaddle_C,,,,
"OverrideNamedEngramEntries=(EngramClassName=""EngramEntry_Saddle_NormCyclops_C"",EngramLevelRequirement=0,EngramPointsCost=0,EngramHidden=False,RemoveEngramPreReq=True)",,x,PrimalItemArmor_ACyclopsNormSaddle_C,,,,
"OverrideNamedEngramEntries=(EngramClassName=""EngramEntry_Saddle_ArmoredCyclops_C"",EngramLevelRequirement=0,EngramPointsCost=0,EngramHidden=False,RemoveEngramPreReq=True)",,x,PrimalItemArmor_ACyclopsArmoredSaddle_C,,,,
"OverrideNamedEngramEntries=(EngramClassName=""EngramEntry_Saddle_Croc_C"",EngramLevelRequirement=0,EngramPointsCost=0,EngramHidden=False,RemoveEngramPreReq=True)",,x,PrimalItemArmor_ACrocSaddle_C,,,croc saddle,
"OverrideNamedEngramEntries=(EngramClassName=""EngramEntry_Saddle_Abat_C"",EngramLevelRequirement=0,EngramPointsCost=0,EngramHidden=False,RemoveEngramPreReq=True)",44,,PrimalItemArmor_ABatImplant_C,,,,
"OverrideNamedEngramEntries=(EngramClassName=""EngramEntry_Saddle_AIBoneBrute_C"",EngramLevelRequirement=0,EngramPointsCost=0,EngramHidden=False,RemoveEngramPreReq=True)",,x,PrimalItemArmor_AIBoneBruteSaddle_C,,,,
"OverrideNamedEngramEntries=(EngramClassName=""EngramEntry_Saddle_Atlasuchus_C"",EngramLevelRequirement=0,EngramPointsCost=0,EngramHidden=False,RemoveEngramPreReq=True)",38,,PrimalItemArmor_Saddle_Atlasuchus_C,,,Ports of Atlas,
"OverrideNamedEngramEntries=(EngramClassName=""EngramEntry_Saddle_GrandTortugar_C"",EngramLevelRequirement=43,EngramPointsCost=18,EngramHidden=False,RemoveEngramPreReq=True)",43,,PrimalItemArmor_Saddle_GrandTortugar_C,,,its the modded one ,
"OverrideNamedEngramEntries=(EngramClassName=""EngramEntry_SaddlePlatform_GrandTortugar_C"",EngramLevelRequirement=52,EngramPointsCost=18,EngramHidden=False,RemoveEngramPreReq=True)",52,,PrimalItemArmor_SaddlePlatform_GrandTortugar_C,,,modded,
"OverrideNamedEngramEntries=(EngramClassName=""EngramEntry_Saddle_Olfend_C"",EngramLevelRequirement=0,EngramPointsCost=0,EngramHidden=False,RemoveEngramPreReq=True)",38,,PrimalItemArmor_Saddle_Olfend_C,,,,
"OverrideNamedEngramEntries=(EngramClassName=""EngramEntry_Saddle_Ostrich_C"",EngramLevelRequirement=0,EngramPointsCost=0,EngramHidden=False,RemoveEngramPreReq=True)",22,,PrimalItemArmor_Saddle_Ostrich_C,,,,
"OverrideNamedEngramEntries=(EngramClassName=""EngramEntry_Saddle_Seahorse_C"",EngramLevelRequirement=0,EngramPointsCost=0,EngramHidden=False,RemoveEngramPreReq=True)",42,,PrimalItemArmor_Saddle_Seahorse_C,,,,
"OverrideNamedEngramEntries=(EngramClassName=""EngramEntry_MeanWhale_Platform_C"",EngramLevelRequirement=0,EngramPointsCost=0,EngramHidden=False,RemoveEngramPreReq=True)",93,,PrimalItemArmor_Atlas_MeanWhale_Platform_C,,,,
"OverrideNamedEngramEntries=(EngramClassName=""EngramEntry_MeanWhale_TekArmor_C"",EngramLevelRequirement=0,EngramPointsCost=0,EngramHidden=False,RemoveEngramPreReq=True)",200,,PrimalItemArmor_Atlas_MeanWhale_TekArmor_C,,,,
"OverrideNamedEngramEntries=(EngramClassName=""EngramEntry_Saddle_HorseReborn_C"",EngramLevelRequirement=0,EngramPointsCost=0,EngramHidden=False,RemoveEngramPreReq=True)",,x,PrimalItemArmor_Atlas_HorseEquus_Saddle_C,,,,
"OverrideNamedEngramEntries=(EngramClassName=""EngramEntry_AmbulocetusSaddle_C"",EngramLevelRequirement=0,EngramPointsCost=0,EngramHidden=False,RemoveEngramPreReq=True)",23,,PrimalItemArmor_AmbulocetusSaddle_C,,,The Sunken World Additions,
"OverrideNamedEngramEntries=(EngramClassName=""EngramEntry_SphyrnaSaddle_C"",EngramLevelRequirement=0,EngramPointsCost=0,EngramHidden=False,RemoveEngramPreReq=True)",19,,PrimalItemArmor_SphyrnaSaddle_C,,,,
"OverrideNamedEngramEntries=(EngramClassName=""EngramEntry_EdestusSaddle_C"",EngramLevelRequirement=0,EngramPointsCost=0,EngramHidden=False,RemoveEngramPreReq=True)",71,,PrimalItemArmor_EdestusSaddle_C,,,,
"OverrideNamedEngramEntries=(EngramClassName=""EngramEntry_ProtoceratopsSaddle_C"",EngramLevelRequirement=0,EngramPointsCost=0,EngramHidden=False,RemoveEngramPreReq=True)",8,,PrimalItemArmor_ProtoceratopsSaddle_C,,,,
"OverrideNamedEngramEntries=(EngramClassName=""EngramEntry_Saddle_Acrophyseter_C"",EngramLevelRequirement=0,EngramPointsCost=0,EngramHidden=False,RemoveEngramPreReq=True)",26,,PrimalItemArmor_AcrophyseterSaddle_C,,,,
"OverrideNamedEngramEntries=(EngramClassName=""EngramEntry_Saddle_Boar_C"",EngramLevelRequirement=0,EngramPointsCost=0,EngramHidden=False,RemoveEngramPreReq=True)",18,,PrimalItemArmor_BoarHogSaddle_C,,,,
"OverrideNamedEngramEntries=(EngramClassName=""EngramEntry_GreaterUrsusImplant_C"",EngramLevelRequirement=0,EngramPointsCost=0,EngramHidden=False,RemoveEngramPreReq=True)",,x,PrimalItemArmor_GreaterUrsusImplant_C,,,,
"OverrideNamedEngramEntries=(EngramClassName=""EngramEntry_UrsusImplant_C"",EngramLevelRequirement=0,EngramPointsCost=0,EngramHidden=False,RemoveEngramPreReq=True)",19,,PrimalItemArmor_UrsusImplant_C,,,,
"OverrideNamedEngramEntries=(EngramClassName=""EngramEntry_Saddle_GFCow_C"",EngramLevelRequirement=0,EngramPointsCost=0,EngramHidden=False,RemoveEngramPreReq=True)",17,,PrimalItemArmor_GFCowSaddle_C,,,no engram,
"OverrideNamedEngramEntries=(EngramClassName=""EngramEntry_Saddle_AppalachianIguanodon_C"",EngramLevelRequirement=0,EngramPointsCost=0,EngramHidden=False,RemoveEngramPreReq=True)",34,,PrimalItemArmor_AppalachianIguanodonSaddle_C,,,Kaluga's Appalachian Denizens,
"OverrideNamedEngramEntries=(EngramClassName=""EngramEntry_Saddle_AppalachianPara_C"",EngramLevelRequirement=0,EngramPointsCost=0,EngramHidden=False,RemoveEngramPreReq=True)",,x,PrimalItemArmor_AppalachianParaSaddle_C,,,,
"OverrideNamedEngramEntries=(EngramClassName=""EngramEntry_Saddle_Megaloceros_C"",EngramLevelRequirement=0,EngramPointsCost=0,EngramHidden=False,RemoveEngramPreReq=True)",36,,PrimalItemArmor_AppalachianMegalocerosSaddle_C,,,,
"OverrideNamedEngramEntries=(EngramClassName=""EngramEntry_Saddle_AppalachianRhinoPlatform_C"",EngramLevelRequirement=0,EngramPointsCost=0,EngramHidden=False,RemoveEngramPreReq=True)",56,,PrimalItemArmor_AppalachianRhinoSaddle_Platform_C,,,,
"OverrideNamedEngramEntries=(EngramClassName=""EngramEntry_Saddle_AppalachianMammoth_C"",EngramLevelRequirement=0,EngramPointsCost=0,EngramHidden=False,RemoveEngramPreReq=True)",28,,PrimalItemArmor_AppalachianMammothSaddle_C,,,,
"OverrideNamedEngramEntries=(EngramClassName=""EngramEntry_Saddle_DireWolf_Basic_C"",EngramLevelRequirement=0,EngramPointsCost=0,EngramHidden=False,RemoveEngramPreReq=True)",41,,PrimalItemArmor_AppalachianDireWolf_Basic_C,,,,
"OverrideNamedEngramEntries=(EngramClassName=""EngramEntry_Saddle_DireWolf_Storage_C"",EngramLevelRequirement=0,EngramPointsCost=0,EngramHidden=False,RemoveEngramPreReq=True)",,x,PrimalItemArmor_AppalachianDireWolf_Storage_C,,,,
"OverrideNamedEngramEntries=(EngramClassName=""EngramEntry_Saddle_DireWolf_Armored_C"",EngramLevelRequirement=0,EngramPointsCost=0,EngramHidden=False,RemoveEngramPreReq=True)",,x,PrimalItemArmor_AppalachianDireWolf_Armored_C,,,,
"OverrideNamedEngramEntries=(EngramClassName=""EngramEntry_Saddle_AppalachianCarno_C"",EngramLevelRequirement=0,EngramPointsCost=0,EngramHidden=False,RemoveEngramPreReq=True)",,x,PrimalItemArmor_AppalachianCarnoSaddle_C,,,,
"OverrideNamedEngramEntries=(EngramClassName=""EngramEntry_Saddle_AppalachianGigantoraptor_C"",EngramLevelRequirement=0,EngramPointsCost=0,EngramHidden=False,RemoveEngramPreReq=True)",75,,PrimalItemArmor_AppalachianGigantoraptorSaddle_C,,,,
"OverrideNamedEngramEntries=(EngramClassName=""EngramEntry_Saddle_AppalachianChalico_C"",EngramLevelRequirement=0,EngramPointsCost=0,EngramHidden=False,RemoveEngramPreReq=True)",49,,PrimalItemArmor_AppalachianChalicoSaddle_C,,,,
"OverrideNamedEngramEntries=(EngramClassName=""EngramEntry_AppalachianCeratosaurusSaddle_ASA_C"",EngramLevelRequirement=0,EngramPointsCost=0,EngramHidden=False,RemoveEngramPreReq=True)",49,,PrimalItemArmor_AppalachianCeratosaurusSaddle_ASA_C,,,,
"OverrideNamedEngramEntries=(EngramClassName=""EngramEntry_Saddle_AppalachianPara_Chitin_C"",EngramLevelRequirement=0,EngramPointsCost=0,EngramHidden=False,RemoveEngramPreReq=True)",18,,PrimalItemArmor_AppalachianParaChitinSaddle_C,,,,
"OverrideNamedEngramEntries=(EngramClassName=""EngramEntry_Saddle_AppalachianDirebear_C"",EngramLevelRequirement=0,EngramPointsCost=0,EngramHidden=False,RemoveEngramPreReq=True)",49,,PrimalItemArmor_AppalachianDireBearSaddle_C,,,,
"OverrideNamedEngramEntries=(EngramClassName=""EngramEntry_Saddle_AppalachianRhino_C"",EngramLevelRequirement=0,EngramPointsCost=0,EngramHidden=False,RemoveEngramPreReq=True)",41,,PrimalItemArmor_AppalachianRhinoSaddle_C,,,,
"OverrideNamedEngramEntries=(EngramClassName=""EngramEntry_Saddle_AppalachianEquus_C"",EngramLevelRequirement=0,EngramPointsCost=0,EngramHidden=False,RemoveEngramPreReq=True)",7,,PrimalItemArmor_AppalachianEquusSaddle_C,,,,
"OverrideNamedEngramEntries=(EngramClassName=""EngramEntry_Saddle_AppalachianSauro_C"",EngramLevelRequirement=0,EngramPointsCost=0,EngramHidden=False,RemoveEngramPreReq=True)",60,,PrimalItemArmor_AppalachianSauroSaddle_C,,,,
"OverrideNamedEngramEntries=(EngramClassName=""EngramEntry_Saddle_AppalachianSauro_Platform_C"",EngramLevelRequirement=0,EngramPointsCost=0,EngramHidden=False,RemoveEngramPreReq=True)",78,,PrimalItemArmor_AppalachianSauroSaddle_Platform_C,,,,
"OverrideNamedEngramEntries=(EngramClassName=""EngramEntry_Saddle_AppalachianStego_C"",EngramLevelRequirement=0,EngramPointsCost=0,EngramHidden=False,RemoveEngramPreReq=True)",29,,PrimalItemArmor_AppalachianStegoSaddle_C,,,,
"OverrideNamedEngramEntries=(EngramClassName=""EngramEntry_Saddle_AppalachianTrike_C"",EngramLevelRequirement=0,EngramPointsCost=0,EngramHidden=False,RemoveEngramPreReq=True)",22,,PrimalItemArmor_AppalachianTrikeSaddle_C,,,,
"OverrideNamedEngramEntries=(EngramClassName=""EngramEntry_Saddle_Hyaenodon_Basic_C"",EngramLevelRequirement=0,EngramPointsCost=0,EngramHidden=False,RemoveEngramPreReq=True)",39,,PrimalItemArmor_AppalachianHyaenodon_Basic_C,,,,
"OverrideNamedEngramEntries=(EngramClassName=""EngramEntry_Saddle_AppalachianCarnoChitin_C"",EngramLevelRequirement=0,EngramPointsCost=0,EngramHidden=False,RemoveEngramPreReq=True)",53,,PrimalItemArmor_AppalachianCarnoChitinSaddle_C,,,,
"OverrideNamedEngramEntries=(EngramClassName=""EngramEntry_Pyroraptor_Saddle_C"",EngramLevelRequirement=0,EngramPointsCost=0,EngramHidden=False,RemoveEngramPreReq=True)",,x,PrimalItemArmor_Pyroraptor_Saddle_C,,,,pyro saddle
"OverrideNamedEngramEntries=(EngramClassName=""EngramEntry_Cryoraptor_Saddle_C"",EngramLevelRequirement=0,EngramPointsCost=0,EngramHidden=False,RemoveEngramPreReq=True)",39,,PrimalItemArmor_Cryoraptor_Saddle_C,,,,
"OverrideNamedEngramEntries=(EngramClassName=""EngramEntry_Venoraptor_Saddle_C"",EngramLevelRequirement=0,EngramPointsCost=0,EngramHidden=False,RemoveEngramPreReq=True)",30,,PrimalItemArmor_Venoraptor_Saddle_C,,,,
"OverrideNamedEngramEntries=(EngramClassName=""EngramEntry_Hydrovanta_Saddle_C"",EngramLevelRequirement=0,EngramPointsCost=0,EngramHidden=False,RemoveEngramPreReq=True)",64,,PrimalItemArmor_Hydrovanta_Saddle_C,,,Moro's Hydrovanta,
"OverrideNamedEngramEntries=(EngramClassName=""EngramEntry_SaddleLivyatan_Siege_C"",EngramLevelRequirement=0,EngramPointsCost=0,EngramHidden=False,RemoveEngramPreReq=True)",99,,PrimalItemArmor_MoroLivyatanSaddle_DefaultLivy_C,,,,default saddle is 97
"OverrideNamedEngramEntries=(EngramClassName=""EngramEntry_BoneSaddleLivyatan_C"",EngramLevelRequirement=0,EngramPointsCost=0,EngramHidden=False,RemoveEngramPreReq=True)",98,,PrimalItemArmor_MoroLivyatanSaddle_Bone_C,,,,bone saddle 98
"OverrideNamedEngramEntries=(EngramClassName=""EngramEntry_SaddleLivyatanDefault_C"",EngramLevelRequirement=0,EngramPointsCost=0,EngramHidden=False,RemoveEngramPreReq=True)",200,x,PrimalItemArmor_MoroLivyatanSaddle_Siege_C,,,,
"OverrideNamedEngramEntries=(EngramClassName=""EngramEntry_MorosGigantophis_BasicSaddle_C"",EngramLevelRequirement=0,EngramPointsCost=0,EngramHidden=False,RemoveEngramPreReq=True)",64,,PrimalItemArmor_Gigantophis_BaseSaddle_C,,,Moro's Gigantophis,
"OverrideNamedEngramEntries=(EngramClassName=""EngramEntry_SulfurTitanSaddle_C"",EngramLevelRequirement=0,EngramPointsCost=0,EngramHidden=False,RemoveEngramPreReq=True)",100,,PrimalItemArmor_SulfurTitan_C,,,,
"OverrideNamedEngramEntries=(EngramClassName=""EngramEntry_Saddle_Torvosaurus_BC_C"",EngramLevelRequirement=0,EngramPointsCost=0,EngramHidden=False,RemoveEngramPreReq=True)",80,,PrimalItemArmor_TorvosaurusSaddle_BC_C,,,Birdwatcher's Collection,
"OverrideNamedEngramEntries=(EngramClassName=""EngramEntry_Saddle_GiantSpino_BC_C"",EngramLevelRequirement=0,EngramPointsCost=0,EngramHidden=False,RemoveEngramPreReq=True)",97,,PrimalItemArmor_GiantSpinoSaddle_BC_C,,,,
"OverrideNamedEngramEntries=(EngramClassName=""EngramEntry_Saddle_Shoni_Platform_BC_C"",EngramLevelRequirement=0,EngramPointsCost=0,EngramHidden=False,RemoveEngramPreReq=True)",93,,PrimalItemArmor_ShoniSaddle_Platform_BC_C,,,,
"OverrideNamedEngramEntries=(EngramClassName=""EngramEntry_Saddle_Saurophaganax_BC_C"",EngramLevelRequirement=0,EngramPointsCost=0,EngramHidden=False,RemoveEngramPreReq=True)",79,,PrimalItemArmor_SaurophaganaxSaddle_BC_C,,,,
"OverrideNamedEngramEntries=(EngramClassName=""EngramEntry_Saddle_Austroraptor_BC_C"",EngramLevelRequirement=0,EngramPointsCost=0,EngramHidden=False,RemoveEngramPreReq=True)",34,,PrimalItemArmor_AustroraptorSaddle_BC_C,,,,
"OverrideNamedEngramEntries=(EngramClassName=""EngramEntry_Saddle_Maip_BC_C"",EngramLevelRequirement=0,EngramPointsCost=0,EngramHidden=False,RemoveEngramPreReq=True)",76,,PrimalItemArmor_MaipSaddle_BC_C,,,,
"OverrideNamedEngramEntries=(EngramClassName=""EngramEntry_Vecti-1-Saddle_C"",EngramLevelRequirement=0,EngramPointsCost=0,EngramHidden=False,RemoveEngramPreReq=True)",69,,PrimalItemArmor_Vecti-1-Saddle_C,,,[T.A.C] Vectispinus,
"OverrideNamedEngramEntries=(EngramClassName=""EngramEntry_Vecti-3-Saddle_C"",EngramLevelRequirement=0,EngramPointsCost=0,EngramHidden=False,RemoveEngramPreReq=True)",,x,PrimalItemArmor_Vecti-3-Saddle_C,,,,rocket saddle
"OverrideNamedEngramEntries=(EngramClassName=""EngramEntry_Antro-Saddle_T0_C"",EngramLevelRequirement=0,EngramPointsCost=0,EngramHidden=False,RemoveEngramPreReq=True)",65,,PrimalItemArmor_Antro_C,,,,
"OverrideNamedEngramEntries=(EngramClassName=""EngramEntry_EocarchSaddle0_C"",EngramLevelRequirement=0,EngramPointsCost=0,EngramHidden=False,RemoveEngramPreReq=True)",55,,PrimalItemArmor_Eocarcharia_Level0_C,,,[T.A.C] Eocarcharia,
"OverrideNamedEngramEntries=(EngramClassName=""EngramEntry_BB_Female_Base_Saddle_C"",EngramLevelRequirement=0,EngramPointsCost=0,EngramHidden=False,RemoveEngramPreReq=True)",41,,PrimalItemArmor_BBFemale_Saddle_C,,,[T.A.C] Bastion Beetle,
"OverrideNamedEngramEntries=(EngramClassName=""EngramEntry_BB_Male_Base_Saddle_C"",EngramLevelRequirement=0,EngramPointsCost=0,EngramHidden=False,RemoveEngramPreReq=True)",41,,PrimalItemArmor_BBMale_Saddle_C,,,,
"OverrideNamedEngramEntries=(EngramClassName=""EngramEntry_Saddle_Tyranno_C"",EngramLevelRequirement=0,EngramPointsCost=0,EngramHidden=False,RemoveEngramPreReq=True)",78,,PrimalItemArmor_BaseSaddle-Tyranno_C,,,Cosmics Cohorts - Tyrannodominator,
"OverrideNamedEngramEntries=(EngramClassName=""EngramEntry_Saddle_Sanguivern_C"",EngramLevelRequirement=0,EngramPointsCost=0,EngramHidden=False,RemoveEngramPreReq=True)",84,,PrimalItemArmor_SanguivernSaddle_C,,,ARKOLOGY: OE - Sanguivern,
"OverrideNamedEngramEntries=(EngramClassName=""EngramEntry_Saddle_Hapipalus_C"",EngramLevelRequirement=0,EngramPointsCost=0,EngramHidden=False,RemoveEngramPreReq=True)",94,,PrimalItemArmor_HapipalusSaddle_C,,,ARKOLOGY: OE - Hapipalus,
"OverrideNamedEngramEntries=(EngramClassName=""EngramEntry_Saddle_Desolatitan_C"",EngramLevelRequirement=0,EngramPointsCost=0,EngramHidden=False,RemoveEngramPreReq=True)",102,,PrimalItemArmor_DesolatitanSaddle_C,,,,
"OverrideNamedEngramEntries=(EngramClassName=""EngramEntry_Saddle_Meraxes_C"",EngramLevelRequirement=0,EngramPointsCost=0,EngramHidden=False,RemoveEngramPreReq=True)",77,,PrimalItemArmor_Meraxes_Saddle_C,,,BigAL's: Meraxes,
"OverrideNamedEngramEntries=(EngramClassName=""RW_EngramEntry_Saddle_C"",EngramLevelRequirement=0,EngramPointsCost=0,EngramHidden=False,RemoveEngramPreReq=True)",33,,PrimalItemArmor_RWSaddle_C,,,,
"OverrideNamedEngramEntries=(EngramClassName=""EngramEntry_Saddle_Leopard_C"",EngramLevelRequirement=0,EngramPointsCost=0,EngramHidden=False,RemoveEngramPreReq=True)",,x,PrimalItemArmor_LeopardSaddle_C,,,Cliffans Additional Critters (& Creatures),
"OverrideNamedEngramEntries=(EngramClassName=""EngramEntry_TetraSaddle_C"",EngramLevelRequirement=0,EngramPointsCost=0,EngramHidden=False,RemoveEngramPreReq=True)",96,x,PrimalItemArmor_TetraSaddle_C,,,Veridian Forge: Stegotetrabelodon,platform saddle
"OverrideNamedEngramEntries=(EngramClassName=""EngramEntry_TetraSaddleDwarf_C"",EngramLevelRequirement=0,EngramPointsCost=0,EngramHidden=False,RemoveEngramPreReq=True)",49,x,PrimalItemArmor_TetraSaddleDwarf_C,,,,
"OverrideNamedEngramEntries=(EngramClassName=""EngramEntry_RR_Elephant_Saddle_C"",EngramLevelRequirement=0,EngramPointsCost=0,EngramHidden=False,RemoveEngramPreReq=True)",,x,PrimalItemArmor_RR_Elephant_Saddle_C,,,,
"OverrideNamedEngramEntries=(EngramClassName=""EngramEntry_RR_Giraffe_Saddle_C"",EngramLevelRequirement=0,EngramPointsCost=0,EngramHidden=False,RemoveEngramPreReq=True)",,x,PrimalItemArmor_RR_Giraffe_Saddle_C,,,,
"OverrideNamedEngramEntries=(EngramClassName=""EngramEntry_RR_StarLion_Saddle_C"",EngramLevelRequirement=0,EngramPointsCost=0,EngramHidden=False,RemoveEngramPreReq=True)",,x,PrimalItemArmor_RR_StarLion_Saddle_C,,,,
"OverrideNamedEngramEntries=(EngramClassName=""EngramEntry_RR_Olfend_Saddle_C"",EngramLevelRequirement=0,EngramPointsCost=0,EngramHidden=False,RemoveEngramPreReq=True)",,x,PrimalItemArmor_RR_Olfend_Saddle_C,,,,
"OverrideNamedEngramEntries=(EngramClassName=""EngramEntry_RR_Rhino_Saddle_C"",EngramLevelRequirement=0,EngramPointsCost=0,EngramHidden=False,RemoveEngramPreReq=True)",,x,PrimalItemArmor_RR_Rhino_Saddle_C,,,,
"OverrideNamedEngramEntries=(EngramClassName=""EngramEntry_RR_StarTiger_Saddle_C"",EngramLevelRequirement=0,EngramPointsCost=0,EngramHidden=False,RemoveEngramPreReq=True)",,x,PrimalItemArmor_RR_StarTiger_Saddle_C,,,,
"OverrideNamedEngramEntries=(EngramClassName=""EngramEntry_RR_HammerheadShark_Saddle_C"",EngramLevelRequirement=0,EngramPointsCost=0,EngramHidden=False,RemoveEngramPreReq=True)",,x,PrimalItemArmor_RR_HammerheadShark_C,,,RR-StarAnimals,
"OverrideNamedEngramEntries=(EngramClassName=""EngramEntry_RR_Saddle_Leatherwing_C"",EngramLevelRequirement=0,EngramPointsCost=0,EngramHidden=False,RemoveEngramPreReq=True)",49,,PrimalItemArmor_RR_StarLeatherwing_Saddle_C,,,,
"OverrideNamedEngramEntries=(EngramClassName=""EngramEntry_RR_Saddle_Razortooth_C"",EngramLevelRequirement=0,EngramPointsCost=0,EngramHidden=False,RemoveEngramPreReq=True)",,x,PrimalItemArmor_RazortoothSaddle_C,,,,
"OverrideNamedEngramEntries=(EngramClassName=""EngramEntry_RR_Saddle_StarOstrich_C"",EngramLevelRequirement=0,EngramPointsCost=0,EngramHidden=False,RemoveEngramPreReq=True)",,x,PrimalItemArmor_RR_StarOstrich_Saddle_C,,,,
"OverrideNamedEngramEntries=(EngramClassName=""EngramEntry_RR_Saddle_StarShieldhorn_C"",EngramLevelRequirement=0,EngramPointsCost=0,EngramHidden=False,RemoveEngramPreReq=True)",,x,PrimalItemArmor_RR_Shieldhorn_Saddle_C,,,,
"OverrideNamedEngramEntries=(EngramClassName=""EngramEntry_RR_Saddle_StarTrikehorn_C"",EngramLevelRequirement=0,EngramPointsCost=0,EngramHidden=False,RemoveEngramPreReq=True)",,x,PrimalItemArmor_RR_StarTrikehornSaddle_C,,,,
"OverrideNamedEngramEntries=(EngramClassName=""EngramEntry_Saddle_RR_StarCarrierTurtle_C"",EngramLevelRequirement=0,EngramPointsCost=0,EngramHidden=False,RemoveEngramPreReq=True)",,x,PrimalItemArmor_RR_StarCarrierTurtle_C,,,,
"OverrideNamedEngramEntries=(EngramClassName=""EngramEntry_RR_Saddle_StarCowBull_C"",EngramLevelRequirement=0,EngramPointsCost=0,EngramHidden=False,RemoveEngramPreReq=True)",,x,PrimalItemArmor_RR_StarCowBull_Saddle_C,,,RR-StarFarmAnimals,
"OverrideNamedEngramEntries=(EngramClassName=""EngramEntry_RR_Saddle_StarHorse_C"",EngramLevelRequirement=0,EngramPointsCost=0,EngramHidden=False,RemoveEngramPreReq=True)",,x,PrimalItemArmor_RR_StarHorse_Saddle_C,,,,
"OverrideNamedEngramEntries=(EngramClassName=""EngramEntry_RR_Saddle_Pig_C"",EngramLevelRequirement=0,EngramPointsCost=0,EngramHidden=False,RemoveEngramPreReq=True)",,x,PrimalItemArmor_RR_StarPigSaddle_C,,,,
"OverrideNamedEngramEntries=(EngramClassName=""EngramEntry_Saddle_Krono_C"",EngramLevelRequirement=0,EngramPointsCost=0,EngramHidden=False,RemoveEngramPreReq=True)",83,x,Krono_Saddle_C,,,Oceania Content,dino broken rn
"OverrideNamedEngramEntries=(EngramClassName=""EngramEntry_Saddle_Archelon_AEM_C"",EngramLevelRequirement=0,EngramPointsCost=0,EngramHidden=False,RemoveEngramPreReq=True)",26,,Archelon_Saddle_C,,,,
"OverrideNamedEngramEntries=(EngramClassName=""EngramEntry_Saddle_Dugong_C"",EngramLevelRequirement=0,EngramPointsCost=0,EngramHidden=False,RemoveEngramPreReq=True)",16,,DugongSaddle_C,,,,
"OverrideNamedEngramEntries=(EngramClassName=""EngramEntry_Saddle_TurretBallistaBrachyura_C"",EngramLevelRequirement=0,EngramPointsCost=0,EngramHidden=False,RemoveEngramPreReq=True)",,x,PrimalItemArmor_BrachyuraTurretSaddle_Ballista_C,,,,
"OverrideNamedEngramEntries=(EngramClassName=""EngramEntry_Saddle_TurretCannonBrachyura_C"",EngramLevelRequirement=0,EngramPointsCost=0,EngramHidden=False,RemoveEngramPreReq=True)",,x,PrimalItemArmor_BrachyuraTurretSaddleParent_Cannon_C,,,,
"OverrideNamedEngramEntries=(EngramClassName=""EngramEntry_Saddle_TurretCatapultBrachyura_C"",EngramLevelRequirement=0,EngramPointsCost=0,EngramHidden=False,RemoveEngramPreReq=True)",,x,PrimalItemArmor_BrachyuraTurretSaddle_Catapult_C,,,,
"OverrideNamedEngramEntries=(EngramClassName=""EngramEntry_Saddle_TurretMinigunBrachyura_C"",EngramLevelRequirement=0,EngramPointsCost=0,EngramHidden=False,RemoveEngramPreReq=True)",,x,PrimalItemArmor_BrachyuraTurretSaddle_Minigun_C,,,,
"OverrideNamedEngramEntries=(EngramClassName=""EngramEntry_Saddle_TurretRocketBrachyura_C"",EngramLevelRequirement=0,EngramPointsCost=0,EngramHidden=False,RemoveEngramPreReq=True)",,x,PrimalItemArmor_BrachyuraTurretSaddle_Rocket_C,,,,
"OverrideNamedEngramEntries=(EngramClassName=""EngramEntry_Saddle_Wak_Spino_C"",EngramLevelRequirement=0,EngramPointsCost=0,EngramHidden=False,RemoveEngramPreReq=True)",96,,PrimalItemArmor_Wak_Spino_Saddle_C,,,Wak Spino,
"OverrideNamedEngramEntries=(EngramClassName=""EngramEntry_HatzSaddle_C"",EngramLevelRequirement=0,EngramPointsCost=0,EngramHidden=False,RemoveEngramPreReq=True)",92,,PrimalItemArmor_HatzSaddle_C,,,Hatzegopteryx Kukulkan,
"OverrideNamedEngramEntries=(EngramClassName=""EngramEntry_HatzSaddle_Battle_C"",EngramLevelRequirement=0,EngramPointsCost=0,EngramHidden=False,RemoveEngramPreReq=True)",96,,PrimalItemArmor_HatzSaddle_Battle_C,,,,
"OverrideNamedEngramEntries=(EngramClassName=""EngramEntry_EdmontoniaSaddle_C"",EngramLevelRequirement=0,EngramPointsCost=0,EngramHidden=False,RemoveEngramPreReq=True)",59,,PrimalItemArmor_EdmontoniaSaddle_C,,,Additions: Edmontonia,
"OverrideNamedEngramEntries=(EngramClassName=""EngramEntry_EdFlamethrowerSaddle_C"",EngramLevelRequirement=0,EngramPointsCost=0,EngramHidden=False,RemoveEngramPreReq=True)",69,,PrimalItemArmor_EdmontoniaSaddle_Flamethrower_C,,,,
"OverrideNamedEngramEntries=(EngramClassName=""EngramEntry_AnomalocarisSaddle_C"",EngramLevelRequirement=0,EngramPointsCost=0,EngramHidden=False,RemoveEngramPreReq=True)",44,,PrimalItemArmor_AnomalocarisSaddle_C,,,Additions: Anomalocaris,
"OverrideNamedEngramEntries=(EngramClassName=""EngramEntry_DraconyxSaddle_C"",EngramLevelRequirement=0,EngramPointsCost=0,EngramHidden=False,RemoveEngramPreReq=True)",14,,PrimalItemArmor_DraconyxSaddle_C,,,Arketypes: Draconyx,
"OverrideNamedEngramEntries=(EngramClassName=""EngramEntry_BombardierBeetleSaddle_C"",EngramLevelRequirement=0,EngramPointsCost=0,EngramHidden=False,RemoveEngramPreReq=True)",47,,PrimalItemArmor_BombardierBeetleSaddle_C,,,Arketypes: Bombardier Beetle,
"OverrideNamedEngramEntries=(EngramClassName=""EngramEntry_Saddle_Lyco_C"",EngramLevelRequirement=0,EngramPointsCost=0,EngramHidden=False,RemoveEngramPreReq=True)",9,,PrimalItemArmor_LycoSaddle_C,,,Piggle's Lycosuchus,
"OverrideNamedEngramEntries=(EngramClassName=""EngramEntry_Saddle_Ada_C"",EngramLevelRequirement=0,EngramPointsCost=0,EngramHidden=False,RemoveEngramPreReq=True)",24,,PrimalItemArmor_AdaSaddle_C,,,,
"OverrideNamedEngramEntries=(EngramClassName=""EngramEntry_Saddle_EVO_Giga_C"",EngramLevelRequirement=0,EngramPointsCost=0,EngramHidden=False,RemoveEngramPreReq=True)",94,,PrimalItemArmor_EVO_Giga_Saddle_C,,,Paleo: Apex Predators,
"OverrideNamedEngramEntries=(EngramClassName=""EngramEntry_Saddle_EVO_Rex_C"",EngramLevelRequirement=0,EngramPointsCost=0,EngramHidden=False,RemoveEngramPreReq=True)",77,,PrimalItemArmor_EVO_Rex_Saddle_C,,,,
"OverrideNamedEngramEntries=(EngramClassName=""EngramEntry_Saddle_EVO_Tarbo_C"",EngramLevelRequirement=0,EngramPointsCost=0,EngramHidden=False,RemoveEngramPreReq=True)",,x,PrimalItemArmor_EVO_Tarbo_Saddle_C,,,,Tarbo Saddle
"OverrideNamedEngramEntries=(EngramClassName=""EngramEntry_Saddle_Tek_EVO_Rex_C"",EngramLevelRequirement=0,EngramPointsCost=0,EngramHidden=False,RemoveEngramPreReq=True)",200,x,PrimalItemArmor_Tek_EVO_Rex_Saddle_C,,,WIP,tek
"OverrideNamedEngramEntries=(EngramClassName=""EngramEntry_Saddle_EVO_Mosa_C"",EngramLevelRequirement=0,EngramPointsCost=0,EngramHidden=False,RemoveEngramPreReq=True)",81,,PrimalItemArmor_EVO_Mosa_Saddle_C,,,Paleo: Dangerous Depths,
"OverrideNamedEngramEntries=(EngramClassName=""EngramEntry_Saddle_EVO_Mosa_Platform_C"",EngramLevelRequirement=0,EngramPointsCost=0,EngramHidden=False,RemoveEngramPreReq=True)",91,,PrimalItemArmor_EVO_Mosa_Saddle_Platform_C,,,,
"OverrideNamedEngramEntries=(EngramClassName=""EngramEntry_EVO_Mosa_Tek_Saddle_C"",EngramLevelRequirement=0,EngramPointsCost=0,EngramHidden=False,RemoveEngramPreReq=True)",200,,PrimalItemArmor_EVO_Mosa_Saddle_Tek_C,,,,
"OverrideNamedEngramEntries=(EngramClassName=""EngramEntry_EVO_Bronto_Saddle_C"",EngramLevelRequirement=0,EngramPointsCost=0,EngramHidden=False,RemoveEngramPreReq=True)",75,,PrimalItemArmor_EVO_Bronto_Saddle_C,,,Paleo: Hard Hitting Herbivores,
"OverrideNamedEngramEntries=(EngramClassName=""EngramEntry_EVO_Bronto_Platform_Saddle_C"",EngramLevelRequirement=0,EngramPointsCost=0,EngramHidden=False,RemoveEngramPreReq=True)",85,,PrimalItemArmor_EVO_Bronto_Platform_Saddle_C,,,,
"OverrideNamedEngramEntries=(EngramClassName=""EngramEntry_Saddle_EVO_Therizino_C"",EngramLevelRequirement=0,EngramPointsCost=0,EngramHidden=False,RemoveEngramPreReq=True)",73,,PrimalItemArmor_EVO_Therizino_Saddle_C,,,,
"OverrideNamedEngramEntries=(EngramClassName=""EngramEntry_Saddle_PA_Cryptoclidus_C"",EngramLevelRequirement=0,EngramPointsCost=0,EngramHidden=False,RemoveEngramPreReq=True)",27,,PrimalItemArmor_PA_Cryptoclidus_Saddle_C,,,Paleo: Native Aquatics,
"OverrideNamedEngramEntries=(EngramClassName=""EngramEntry_Saddle_PA_Empiro_C"",EngramLevelRequirement=0,EngramPointsCost=0,EngramHidden=False,RemoveEngramPreReq=True)",88,,PrimalItemArmor_PA_Empiro_Saddle_C,,,Paleo: Rulers of the Wastelands,
"OverrideNamedEngramEntries=(EngramClassName=""EngramEntry_Saddle_PA_Ledu_C"",EngramLevelRequirement=0,EngramPointsCost=0,EngramHidden=False,RemoveEngramPreReq=True)",88,,PrimalItemArmor_PA_Ledu_Saddle_C,,,,
"OverrideNamedEngramEntries=(EngramClassName=""EngramEntry_MegistotheriumSaddle_C"",EngramLevelRequirement=0,EngramPointsCost=0,EngramHidden=False,RemoveEngramPreReq=True)",74,,PrimalItemArmor_MegistotheriumSaddle_C,,,Xyphias' Creatures: Megistotherium,
"OverrideNamedEngramEntries=(EngramClassName=""EngramEntry_MeiolaniaSaddle_C"",EngramLevelRequirement=0,EngramPointsCost=0,EngramHidden=False,RemoveEngramPreReq=True)",34,,PrimalItemArmor_MeiolaniaClassicSaddle_C,,,Xyphias' Creatures: Meiolania,
"OverrideNamedEngramEntries=(EngramClassName=""EngramEntry_MeiolaniaMortarSaddle_C"",EngramLevelRequirement=0,EngramPointsCost=0,EngramHidden=False,RemoveEngramPreReq=True)",89,,PrimalItemArmor_MeiolaniaCannonSaddle_C,,,,
"OverrideNamedEngramEntries=(EngramClassName=""EngramEntry_MeiolaniaStonecutterSaddle_C"",EngramLevelRequirement=0,EngramPointsCost=0,EngramHidden=False,RemoveEngramPreReq=True)",,x,PrimalItemArmor_MeiolaniaStonecutterSaddle_C,,,,
"OverrideNamedEngramEntries=(EngramClassName=""EngramEntry_MischopteraSaddle_C"",EngramLevelRequirement=0,EngramPointsCost=0,EngramHidden=False,RemoveEngramPreReq=True)",67,,PrimalItemArmor_MischopteraSaddle_C,,,,
"OverrideNamedEngramEntries=(EngramClassName=""EngramEntry_Saddle_Titanophoneus_C"",EngramLevelRequirement=0,EngramPointsCost=0,EngramHidden=False,RemoveEngramPreReq=True)",53,,PrimalItemArmor_TitanophoneusSaddle_C,,,,
"OverrideNamedEngramEntries=(EngramClassName=""EngramEntry_Saddle_Kurupi_C"",EngramLevelRequirement=0,EngramPointsCost=0,EngramHidden=False,RemoveEngramPreReq=True)",17,,PrimalItemArmor_KurupiSaddle_C,,,,
"OverrideNamedEngramEntries=(EngramClassName=""EngramEntry_Saddle_Taniwhasaurus_C"",EngramLevelRequirement=0,EngramPointsCost=0,EngramHidden=False,RemoveEngramPreReq=True)",14,,PrimalItemArmor_TaniwhasaurusSaddle_C,,,,
"OverrideNamedEngramEntries=(EngramClassName=""EngramEntry_Saddle_Camarilla_C"",EngramLevelRequirement=0,EngramPointsCost=0,EngramHidden=False,RemoveEngramPreReq=True)",22,,PrimalItemArmor_CamarillaSaddle_C,,,,
"OverrideNamedEngramEntries=(EngramClassName=""EngramEntry_Saddle_Europa_C"",EngramLevelRequirement=0,EngramPointsCost=0,EngramHidden=False,RemoveEngramPreReq=True)",76,,PrimalItemArmor_EuropaSaddle_C,,,Neo Ark Ascended: Europasaurus,
"OverrideNamedEngramEntries=(EngramClassName=""EngramEntry_DinocrocutaSaddle_C"",EngramLevelRequirement=0,EngramPointsCost=0,EngramHidden=False,RemoveEngramPreReq=True)",52,,PrimalItemArmor_DinocrocutaSaddle_C,,,Feras Vanilla Edits: Dinocrocuta,
"OverrideNamedEngramEntries=(EngramClassName=""EngramEntry_SmilodonSaddle_C"",EngramLevelRequirement=0,EngramPointsCost=0,EngramHidden=False,RemoveEngramPreReq=True)",46,,PrimalItemArmor_Smilodonsaddle_C,,,Feras Vanilla Edits: Smilodon,
"OverrideNamedEngramEntries=(EngramClassName=""EngramEntry_ArcticFoxSaddle_C"",EngramLevelRequirement=0,EngramPointsCost=0,EngramHidden=False,RemoveEngramPreReq=True)",6,,PrimalItemArmor_ArcticfoxSaddle_C,,,Feras Fauna Foxes,
"OverrideNamedEngramEntries=(EngramClassName=""EngramEntry_TatzelwurmSaddle_C"",EngramLevelRequirement=0,EngramPointsCost=0,EngramHidden=False,RemoveEngramPreReq=True)",48,,PrimalItemArmor_TatzelwurmSaddle_C,,,Curious Cryptids,
"OverrideNamedEngramEntries=(EngramClassName=""EngramEntry_Saddle_Glaucus_C"",EngramLevelRequirement=0,EngramPointsCost=0,EngramHidden=False,RemoveEngramPreReq=True)",88,,PrimalItemArmor_GlaucusSaddle_C,,,Myrm's Custom Creations: Draconis Glaucus,
"OverrideNamedEngramEntries=(EngramClassName=""EngramEntry_Saddle_Drakara_C"",EngramLevelRequirement=0,EngramPointsCost=0,EngramHidden=False,RemoveEngramPreReq=True)",32,,PrimalItemArmor_DrakaraSaddle_C,,,,
"OverrideNamedEngramEntries=(EngramClassName=""EngramEntry_Saddle_Oxalaia_C"",EngramLevelRequirement=0,EngramPointsCost=0,EngramHidden=False,RemoveEngramPreReq=True)",76,,PrimalItemArmor_IoMOxalaiaSaddle_C,,,Isle of Myths: Oxalaia,
"OverrideNamedEngramEntries=(EngramClassName=""EngramEntry_Saddle_Spearcrest_C"",EngramLevelRequirement=0,EngramPointsCost=0,EngramHidden=False,RemoveEngramPreReq=True)",72,,PrimalItemArmor_Saddle_Spearcrest_C,,,Isle of Myths: Spearcrest,
"OverrideNamedEngramEntries=(EngramClassName=""EngramEntry_Saddle_Suchomimus_C"",EngramLevelRequirement=0,EngramPointsCost=0,EngramHidden=False,RemoveEngramPreReq=True)",56,,PrimalItemArmor_SuchomimusSaddle_C,,,Isle of Myths: Suchomimus,
"OverrideNamedEngramEntries=(EngramClassName=""EngramEntry_SaddleTylosaurus_C"",EngramLevelRequirement=0,EngramPointsCost=0,EngramHidden=False,RemoveEngramPreReq=True)",67,,PrimalItemArmor_MoroTyloSaddle_C,,,Moro's Tylosaurus,
"OverrideNamedEngramEntries=(EngramClassName=""EngramEntry_BaseSaddle_Notho_C"",EngramLevelRequirement=0,EngramPointsCost=0,EngramHidden=False,RemoveEngramPreReq=True)",47,,PrimalItemArmor_NothoBaseSaddle_C,,,Moro's Nothosaurus,
"OverrideNamedEngramEntries=(EngramClassName=""EngramEntry_RubidgeaOCSaddle_C"",EngramLevelRequirement=0,EngramPointsCost=0,EngramHidden=False,RemoveEngramPreReq=True)",54,,PrimalItemArmor_RubidgeaOCSaddle_C,,,Origin Creations - Rubidgea,
"OverrideNamedEngramEntries=(EngramClassName=""EngramEntry_Saddle_Daemonis_C"",EngramLevelRequirement=0,EngramPointsCost=0,EngramHidden=False,RemoveEngramPreReq=True)",47,,PrimalItemArmor_DaemonisSaddle_C,,,,
"OverrideNamedEngramEntries=(EngramClassName=""EngramEntry_Dzung-Standard-Saddle_C"",EngramLevelRequirement=0,EngramPointsCost=0,EngramHidden=False,RemoveEngramPreReq=True)",48,,PrimalItemArmor_BaseSaddle-Dzung_C,,,[T.A.C./DETV] Dzungariotherium,
"OverrideNamedEngramEntries=(EngramClassName=""EngramEntry_Dzung-Armor_C"",EngramLevelRequirement=0,EngramPointsCost=0,EngramHidden=False,RemoveEngramPreReq=True)",68,,PrimalItemArmor_Dzung-Armor_C,,,,
"OverrideNamedEngramEntries=(EngramClassName=""EngramEntry_Dzung-Platform_C"",EngramLevelRequirement=0,EngramPointsCost=0,EngramHidden=False,RemoveEngramPreReq=True)",58,,PrimalItemArmor_DzundariotheriumSaddle_Platform_C,,,,
"OverrideNamedEngramEntries=(EngramClassName=""EngramEntry_Saddle_Mono_C"",EngramLevelRequirement=0,EngramPointsCost=0,EngramHidden=False,RemoveEngramPreReq=True)",42,,PrimalItemArmor_MonoSaddle_C,,,Forgotten Fauna Monolophosaurus,
"OverrideNamedEngramEntries=(EngramClassName=""EngramEntry_Saddle_Noxcalva_C"",EngramLevelRequirement=0,EngramPointsCost=0,EngramHidden=False,RemoveEngramPreReq=True)",33,,PrimalItemArmor_NoxcalvaSaddle_C,,,Blazing's Noxcalvasaurus,
"OverrideNamedEngramEntries=(EngramClassName=""EngramEntry_RoyalArchaeImplant_C"",EngramLevelRequirement=0,EngramPointsCost=0,EngramHidden=False,RemoveEngramPreReq=True)",18,,PrimalItemArmor_RoyalArchaeImplant_C,,,Shad's Royal Archaeopteryx,
"OverrideNamedEngramEntries=(EngramClassName=""EngramEntry_Saddle_Plateo_C"",EngramLevelRequirement=0,EngramPointsCost=0,EngramHidden=False,RemoveEngramPreReq=True)",27,,PrimalItemArmor_PlateoSaddle_C,,,Faye's Ascended Menagerie,
"OverrideNamedEngramEntries=(EngramClassName=""EngramEntry_Saddle_Diamantino_C"",EngramLevelRequirement=0,EngramPointsCost=0,EngramHidden=False,RemoveEngramPreReq=True)",84,,PrimalItemArmor_NickDiamantinasaurus_Platform_C,,,Aussie Additions Diamantinasaurus,
"OverrideNamedEngramEntries=(EngramClassName=""EngramEntry_Saddle_Mutta_C"",EngramLevelRequirement=0,EngramPointsCost=0,EngramHidden=False,RemoveEngramPreReq=True)",57,,PrimalItemArmor_MinmiSaddle_C,,,Aussie Additions Muttaburrasaurus,
"OverrideNamedEngramEntries=(EngramClassName=""EngramEntry_Saddle_Minmi_C"",EngramLevelRequirement=0,EngramPointsCost=0,EngramHidden=False,RemoveEngramPreReq=True)",12,,PrimalItemArmor_MuttaSaddle_C,,,Aussie Additions Minmi,
"OverrideNamedEngramEntries=(EngramClassName=""EngramEntry_Saddle_Argentino_Platform_C"",EngramLevelRequirement=0,EngramPointsCost=0,EngramHidden=False,RemoveEngramPreReq=True)",99,,PrimalItemArmor_ArgentinosaurusSaddle_Platform_C,,,Ark Abi's Argentinosaurus Mod,
"OverrideNamedEngramEntries=(EngramClassName=""EngramEntry_Saddle_Majunga_C"",EngramLevelRequirement=0,EngramPointsCost=0,EngramHidden=False,RemoveEngramPreReq=True)",58,,PrimalItemArmor_MajungaSaddle_C,,,,
"OverrideNamedEngramEntries=(EngramClassName=""EngramEntry_Saddle_Majunga_Industrial_C"",EngramLevelRequirement=0,EngramPointsCost=0,EngramHidden=False,RemoveEngramPreReq=True)",,x,PrimalItemArmor_MajungaIndustrialSaddle_C,,,,ext variant saddle
"OverrideNamedEngramEntries=(EngramClassName=""EngramEntry_Saddle_Walliserops_C"",EngramLevelRequirement=0,EngramPointsCost=0,EngramHidden=False,RemoveEngramPreReq=True)",11,,PrimalItemArmor_WalliseropsArmor_C,,,Feral Fauna: Walliserops,
"OverrideNamedEngramEntries=(EngramClassName=""EngramEntry_Saddle_Barsboldia_C"",EngramLevelRequirement=0,EngramPointsCost=0,EngramHidden=False,RemoveEngramPreReq=True)",71,,PrimalItemArmor_BarsboldiaSaddle_C,,,Creature Compendium: Barsboldia ,
"OverrideNamedEngramEntries=(EngramClassName=""EngramEntry_Saddle_DarkedgeSaddle_C"",EngramLevelRequirement=0,EngramPointsCost=0,EngramHidden=False,RemoveEngramPreReq=True)",83,,PrimalItemArmor_DarkedgeSaddle_Platform_C,,,,
"OverrideNamedEngramEntries=(EngramClassName=""EngramEntry_Saddle_Sivatherium_C"",EngramLevelRequirement=0,EngramPointsCost=0,EngramHidden=False,RemoveEngramPreReq=True)",72,,PrimalItemArmor_SivatheriumSaddle_C,,,ARK Wilds: Sivatherium,
"OverrideNamedEngramEntries=(EngramClassName=""EngramEntry_Saddle_Cockatrice_C"",EngramLevelRequirement=0,EngramPointsCost=0,EngramHidden=False,RemoveEngramPreReq=True)",82,,PrimalItemArmor_CockatriceSaddle_C,,,ARK Wilds: Cockatrice,
"OverrideNamedEngramEntries=(EngramClassName=""EngramEntry_Saddle_AdditionsBrachio_C"",EngramLevelRequirement=0,EngramPointsCost=0,EngramHidden=False,RemoveEngramPreReq=True)",74,,PrimalItemArmor_BrachioSaddle_C,,,Additions Ascended: Brachiosaurus,
"OverrideNamedEngramEntries=(EngramClassName=""EngramEntry_Saddle_Styra_C"",EngramLevelRequirement=0,EngramPointsCost=0,EngramHidden=False,RemoveEngramPreReq=True)",12,,PrimalItemArmor_StyraSaddle_C,,,Neo Ark Ascended: Styracosaurus,
"OverrideNamedEngramEntries=(EngramClassName=""EngramEntry_Saddle_Stygi_C"",EngramLevelRequirement=0,EngramPointsCost=0,EngramHidden=False,RemoveEngramPreReq=True)",23,,PrimalItemArmor_StygiSaddle_C,,,Neo Ark Ascended: Stygimoloch,
"OverrideNamedEngramEntries=(EngramClassName=""EngramEntry_Saddle_Skjaldastordr_Ankylo_C"",EngramLevelRequirement=0,EngramPointsCost=0,EngramHidden=False,RemoveEngramPreReq=True)",36,,PrimalItemArmor_Skjaldastordr_AnkySaddle_C,,,MSVV Skjaldastordr,
"OverrideNamedEngramEntries=(EngramClassName=""EngramEntry_SaddleEX_EXSpino_C"",EngramLevelRequirement=0,EngramPointsCost=0,EngramHidden=False,RemoveEngramPreReq=True)",91,,gargantSpinoSaddleEX_C,,,Extreme Creatures: Spino,
"OverrideNamedEngramEntries=(EngramClassName=""EngramEntry_Saddle_EXSpino_C"",EngramLevelRequirement=0,EngramPointsCost=0,EngramHidden=False,RemoveEngramPreReq=True)",83,,gargantSpinoSaddle_C,,,,
"OverrideNamedEngramEntries=(EngramClassName=""EngramEntry_ThoraxSaddle_C"",EngramLevelRequirement=0,EngramPointsCost=0,EngramHidden=False,RemoveEngramPreReq=True)",54,,PrimalItemArmor_ThoraxSaddle_C,,,,
"OverrideNamedEngramEntries=(EngramClassName=""EngramEntry_Saddle_HuskyWolf_C"",EngramLevelRequirement=0,EngramPointsCost=0,EngramHidden=False,RemoveEngramPreReq=True)",57,,PrimalItemArmor_HuskyWolfSaddle_C,,,HuskyWolf,
"OverrideNamedEngramEntries=(EngramClassName=""EngramEntry_Saddle_Galva_C"",EngramLevelRequirement=0,EngramPointsCost=0,EngramHidden=False,RemoveEngramPreReq=True)",68,,PrimalItemArmor_GalvaSaddle_C,,,Project Anomaly - Galvarex,
"OverrideNamedEngramEntries=(EngramClassName=""EngramEntry_Saddle_MM_Owlgriffin_C"",EngramLevelRequirement=0,EngramPointsCost=0,EngramHidden=False,RemoveEngramPreReq=True)",28,,PrimalItemArmor_MM_OwlgriffinSaddle_C,,,MarniiMods Griffins,
"OverrideNamedEngramEntries=(EngramClassName=""EngramEntry_Saddle_Nycta_C"",EngramLevelRequirement=0,EngramPointsCost=0,EngramHidden=False,RemoveEngramPreReq=True)",79,,PrimalItemArmor_NyctaSaddle_C,,,Isla Nycta's Nyctatyrannus,
"OverrideNamedEngramEntries=(EngramClassName=""EngramEntry_Saddle_PSpino_C"",EngramLevelRequirement=0,EngramPointsCost=0,EngramHidden=False,RemoveEngramPreReq=True)",74,,PrimalItemArmor_PSpinoSaddle_C,,,Paddletail Spino,
"OverrideNamedEngramEntries=(EngramClassName=""Engram_OrycterocetusTotem_C"",EngramLevelRequirement=0,EngramPointsCost=0,EngramHidden=False,RemoveEngramPreReq=True)",49,,PrimalItemEquipable_Oryc_Totem_C,,,,
"OverrideNamedEngramEntries=(EngramClassName=""EngramEntry_Saddle_DShantungosaurus_C"",EngramLevelRequirement=0,EngramPointsCost=0,EngramHidden=False,RemoveEngramPreReq=True)",66,,PrimalItemArmor_Saddle_DShantungosaurus_C,,,Deimos variants: D-Shantungosaurus,
"OverrideNamedEngramEntries=(EngramClassName=""EngramEntry_GreaterAnkySaddle_C"",EngramLevelRequirement=0,EngramPointsCost=0,EngramHidden=False,RemoveEngramPreReq=True)",58,,Greater_Ankylo_saddle_C,,,ClaysAnkyloEdit,
"OverrideNamedEngramEntries=(EngramClassName=""EngramEntry_ClayAnkySaddle_C"",EngramLevelRequirement=0,EngramPointsCost=0,EngramHidden=False,RemoveEngramPreReq=True)",26,,ClayAnkylo_saddle_C,,,,
"OverrideNamedEngramEntries=(EngramClassName=""EngramEntry_Saddle_ClayLeed_C"",EngramLevelRequirement=0,EngramPointsCost=0,EngramHidden=False,RemoveEngramPreReq=True)",33,,PrimalItemArmor_ClayLeedSaddle_C,,,ClaysLeedsichthysEdit,
"OverrideNamedEngramEntries=(EngramClassName=""EngramEntry_Saddle_GreaterClayLeed_C"",EngramLevelRequirement=0,EngramPointsCost=0,EngramHidden=False,RemoveEngramPreReq=True)",,x,PrimalItemArmor_ClayGreaterLeedSaddle_C,,,,saddle for bigger variant
"OverrideNamedEngramEntries=(EngramClassName=""EngramEntry_Saddle_ClayPachyrhinosaddle_C"",EngramLevelRequirement=0,EngramPointsCost=0,EngramHidden=False,RemoveEngramPreReq=True)",26,,PrimalItemArmor_ClayPachyrhinoSaddle1_C,,,ClaysPachyrhinoEdit,saddle for same sized
"OverrideNamedEngramEntries=(EngramClassName=""EngramEntry_Saddle_GreaterClayPachyrhinosaddle_C"",EngramLevelRequirement=0,EngramPointsCost=0,EngramHidden=False,RemoveEngramPreReq=True)",37,,PrimalItemArmor_GreaterClayPachyrhinoSaddle1_C,,,,
"OverrideNamedEngramEntries=(EngramClassName=""EngramEntry_Saddle_ClayRex_C"",EngramLevelRequirement=0,EngramPointsCost=0,EngramHidden=False,RemoveEngramPreReq=True)",76,,PrimalitemArmor_NormalClayRexSaddle_C,,,ClaysRexEdit,does this work?
"OverrideNamedEngramEntries=(EngramClassName=""EngramEntry_Saddle_ClayTrike_C"",EngramLevelRequirement=0,EngramPointsCost=0,EngramHidden=False,RemoveEngramPreReq=True)",29,,PrimalItemArmor_ClayTrikeSaddle_C,,,ClaysTrikeEdit,
"OverrideNamedEngramEntries=(EngramClassName=""EngramEntry_Saddle_GreaterClayTrike_C"",EngramLevelRequirement=0,EngramPointsCost=0,EngramHidden=False,RemoveEngramPreReq=True)",66,,PrimalItemArmor_GreaterClayTrikeSaddle_C,,,,
"OverrideNamedEngramEntries=(EngramClassName=""EngramEntry_Saddle_GreaterClayTrike_Platform_C"",EngramLevelRequirement=0,EngramPointsCost=0,EngramHidden=False,RemoveEngramPreReq=True)",77,,PrimalItemArmor_GreaterTrike_Platform_C,,,,
"OverrideNamedEngramEntries=(EngramClassName=""EngramEntry_Saddle_PaleoMoschops_C"",EngramLevelRequirement=0,EngramPointsCost=0,EngramHidden=False,RemoveEngramPreReq=True)",6,,PrimalItemArmor_PaleoMoschopsSaddle_C,,,Paleo ARK Ascension,
"OverrideNamedEngramEntries=(EngramClassName=""EngramEntry_Saddle_PaleoKentro_C"",EngramLevelRequirement=0,EngramPointsCost=0,EngramHidden=False,RemoveEngramPreReq=True)",26,,PrimalItemArmor_Paleo_Kentro_Saddle_C,,,,
"OverrideNamedEngramEntries=(EngramClassName=""EngramEntry_KentriodonSaddle_C"",EngramLevelRequirement=0,EngramPointsCost=0,EngramHidden=False,RemoveEngramPreReq=True)",16,,PrimalItemArmor_KentriodonSaddle_C,,,Feras Creature Reforged: Wild Seas,
"OverrideNamedEngramEntries=(EngramClassName=""EngramEntry_XiphiorhynchusSaddle_C"",EngramLevelRequirement=0,EngramPointsCost=0,EngramHidden=False,RemoveEngramPreReq=True)",42,,PrimalItemArmor_XiphiorhynchusSaddle_C,,,,
"OverrideNamedEngramEntries=(EngramClassName=""EngramEntry_EusphyraSaddle_C"",EngramLevelRequirement=0,EngramPointsCost=0,EngramHidden=False,RemoveEngramPreReq=True)",36,,PrimalItemArmor_EusphyraSaddle_C,,,,
"OverrideNamedEngramEntries=(EngramClassName=""EngramEntry_Saddle_Enhydriodon_C"",EngramLevelRequirement=0,EngramPointsCost=0,EngramHidden=False,RemoveEngramPreReq=True)",18,,PrimalItemArmor_EnhydriodonSaddle_C,,,Feras Vanilla Edits: Enhydriodon,
"OverrideNamedEngramEntries=(EngramClassName=""EngramEntry_Saddle_Prenocephale_GSC_C"",EngramLevelRequirement=0,EngramPointsCost=0,EngramHidden=False,RemoveEngramPreReq=True)",17,,PrimalItemArmor_PrenocephaleSaddle_GSC_C,,,GuiShan Collection,
"OverrideNamedEngramEntries=(EngramClassName=""EngramEntry_Saddle_Arambourgiania_GSC_C"",EngramLevelRequirement=0,EngramPointsCost=0,EngramHidden=False,RemoveEngramPreReq=True)",88,,PrimalItemArmor_ArambourgianiaSaddle_GSC_C,,,,
"OverrideNamedEngramEntries=(EngramClassName=""EngramEntry_Saddle_Tarchia_GSC_C"",EngramLevelRequirement=0,EngramPointsCost=0,EngramHidden=False,RemoveEngramPreReq=True)",66,x,PrimalItemArmor_TarchiaSaddle_GSC_C,,,,
"OverrideNamedEngramEntries=(EngramClassName=""EngramEntry_Saddle_Probactrosaurus_GSC_C"",EngramLevelRequirement=0,EngramPointsCost=0,EngramHidden=False,RemoveEngramPreReq=True)",38,,PrimalItemArmor_ProbactrosaurusSaddle_GSC_C,,,,
"OverrideNamedEngramEntries=(EngramClassName=""EngramEntry_Saddle_Deinocheirus_GSC_C"",EngramLevelRequirement=0,EngramPointsCost=0,EngramHidden=False,RemoveEngramPreReq=True)",92,,PrimalItemArmor_DeinocheirusSaddle_GSC_C,,,,
"OverrideNamedEngramEntries=(EngramClassName=""EngramEntry_Saddle_Arganodus_GSC_C"",EngramLevelRequirement=0,EngramPointsCost=0,EngramHidden=False,RemoveEngramPreReq=True)",39,,PrimalItemArmor_ArganodusSaddle_GSC_C,,,,
"OverrideNamedEngramEntries=(EngramClassName=""EngramEntry_Saddle_Inostrancevia_GSC_C"",EngramLevelRequirement=0,EngramPointsCost=0,EngramHidden=False,RemoveEngramPreReq=True)",54,x,PrimalItemArmor_InostranceviaSaddle_GSC_C,,,,
"OverrideNamedEngramEntries=(EngramClassName=""EngramEntry_Saddle_Ichthyostega_GSC_C"",EngramLevelRequirement=0,EngramPointsCost=0,EngramHidden=False,RemoveEngramPreReq=True)",27,,PrimalItemArmor_IchthyostegaSaddle_GSC_C,,,,
"OverrideNamedEngramEntries=(EngramClassName=""EngramEntry_Saddle_Archelon_GSC_C"",EngramLevelRequirement=0,EngramPointsCost=0,EngramHidden=False,RemoveEngramPreReq=True)",63,,PrimalItemArmor_ArchelonSaddle_GSC_C,,,,
"OverrideNamedEngramEntries=(EngramClassName=""EngramEntry_Saddle_Mawsonia_GSC_C"",EngramLevelRequirement=0,EngramPointsCost=0,EngramHidden=False,RemoveEngramPreReq=True)",57,,PrimalItemArmor_MawsoniaSaddle_GSC_C,,,,
"OverrideNamedEngramEntries=(EngramClassName=""EngramEntry_Saddle_Oxalaia_GSC_C"",EngramLevelRequirement=0,EngramPointsCost=0,EngramHidden=False,RemoveEngramPreReq=True)",86,,PrimalItemArmor_OxalaiaSaddle_GSC_C,,,,
"OverrideNamedEngramEntries=(EngramClassName=""EngramEntry_Saddle_Chinlea_GSC_C"",EngramLevelRequirement=0,EngramPointsCost=0,EngramHidden=False,RemoveEngramPreReq=True)",13,,PrimalItemArmor_ChinelaSaddle_GSC_C,,,,
"OverrideNamedEngramEntries=(EngramClassName=""EngramEntry_Saddle__SeReborn_Sarco_ASA_C"",EngramLevelRequirement=0,EngramPointsCost=0,EngramHidden=False,RemoveEngramPreReq=True)",47,,PrimalItemArmor_SeReborn_Sarco_Saddle_ASA_C,,,Scorched Earth Reborn: Additions,
"OverrideNamedEngramEntries=(EngramClassName=""EngramEntry_Saddle_Mammoth_SEReborn_C"",EngramLevelRequirement=0,EngramPointsCost=0,EngramHidden=False,RemoveEngramPreReq=True)",55,,PrimalItemArmor_MammothSaddle_SEReborn_C,,,,
"OverrideNamedEngramEntries=(EngramClassName=""EngramEntry_SaddlePlatform_Mammoth_SEReborn_C"",EngramLevelRequirement=0,EngramPointsCost=0,EngramHidden=False,RemoveEngramPreReq=True)",68,,PrimalItemArmor_MammothPlatform_SEReborn_C,,,,
"OverrideNamedEngramEntries=(EngramClassName=""EngramEntry_Saddle_Megatherium_C"",EngramLevelRequirement=0,EngramPointsCost=0,EngramHidden=False,RemoveEngramPreReq=True)",67,,PrimalItemArmor_SEReborn_MegatheriumSaddle_C,,,,
"OverrideNamedEngramEntries=(EngramClassName=""EngramEntry_Saddle_SeReborn_Puru_ASA_C"",EngramLevelRequirement=0,EngramPointsCost=0,EngramHidden=False,RemoveEngramPreReq=True)",76,,PrimalItemArmor_SeReborn_Puru_Saddle_ASA_C,,,,
"OverrideNamedEngramEntries=(EngramClassName=""EngramEntry_Saddle_SERebornTurtle_C"",EngramLevelRequirement=0,EngramPointsCost=0,EngramHidden=False,RemoveEngramPreReq=True)",18,,PrimalItemArmor_TurtleSaddle_SEReborn_C,,,,
"OverrideNamedEngramEntries=(EngramClassName=""EngramEntry_Saddle_Stegotetra_SEReborn_C"",EngramLevelRequirement=0,EngramPointsCost=0,EngramHidden=False,RemoveEngramPreReq=True)",21,,PrimalItemArmor_StegotetraSaddle_SEReborn_C,,,,
"OverrideNamedEngramEntries=(EngramClassName=""EngramEntry_Saddle_SETitano_Platform_C"",EngramLevelRequirement=0,EngramPointsCost=0,EngramHidden=False,RemoveEngramPreReq=True)",95,,PrimalItemArmor_SETitanSaddle_Platform_C,,,,
"OverrideNamedEngramEntries=(EngramClassName=""EngramEntry_Saddle_Diru_C"",EngramLevelRequirement=0,EngramPointsCost=0,EngramHidden=False,RemoveEngramPreReq=True)",26,,PrimalItemArmor_DiruSaddle_C,,,AC Grand Hunt,
"OverrideNamedEngramEntries=(EngramClassName=""EngramEntry_Saddle_Kutsu_C"",EngramLevelRequirement=0,EngramPointsCost=0,EngramHidden=False,RemoveEngramPreReq=True)",34,,PrimalItemArmor_KutsuSaddle_C,,,,
craftable inside mod crafting bench,74,,PrimalItemArmor_ThraumbullSaddle_C,,,Radiant Genesis,
craftable inside mod crafting bench,64,,PrimalItemArmor_LumerisSaddle_C,,,,
craftable inside mod crafting bench,52,,PrimalItemArmor_OrrukalSaddle_C,,,,
craftable inside mod crafting bench,46,x,PrimalItemArmor_TurtleSaddle_C,,,Cindralith Iron Plate,
craftable inside mod crafting bench,92,,PrimalItemArmor_LuminaxSaddle_C,,,,
craftable inside mod crafting bench,72,x,PrimalItemArmor_BaryonyxSaddle_C,,,Ceratosuchops,
craftable inside mod crafting bench,105,,PrimalItemArmor_GreatWhite_Saddle_C,,,tek,
"OverrideNamedEngramEntries=(EngramClassName=""EngramEntry_IchthyotitanSaddle_C"",EngramLevelRequirement=0,EngramPointsCost=0,EngramHidden=False,RemoveEngramPreReq=True)",73,,PrimalItemArmor_IchtyotitanSaddle_C,,,Feras Vanilla Edits: Ichthyotitan,
"OverrideNamedEngramEntries=(EngramClassName=""EngramEntry_TekIchthyotitanSaddle_C"",EngramLevelRequirement=0,EngramPointsCost=0,EngramHidden=False,RemoveEngramPreReq=True)",105,,PrimalItemArmor_IchthyotitanTekSaddle_C,,,,
"OverrideNamedEngramEntries=(EngramClassName=""EngramEntry_Saddle_Machairodus_C"",EngramLevelRequirement=0,EngramPointsCost=0,EngramHidden=False,RemoveEngramPreReq=True)",39,,PrimalItemArmor_MachairodusSaddle_C,,,Machairodus,
"OverrideNamedEngramEntries=(EngramClassName=""EngramEntry_Saddle_RebirthRex_C"",EngramLevelRequirement=0,EngramPointsCost=0,EngramHidden=False,RemoveEngramPreReq=True)",87,,PrimalItemArmor_RebirthRexSaddle_C,,,,
"OverrideNamedEngramEntries=(EngramClassName=""Engram-PTZ_01S3-Plateosaurus_C"",EngramLevelRequirement=0,EngramPointsCost=0,EngramHidden=False,RemoveEngramPreReq=True)",67,,Saddle-PTZ_01S3-Plateosaurus_C,,,,
"OverrideNamedEngramEntries=(EngramClassName=""EngramEntry_Saddle_EdestusAbyssal_C"",EngramLevelRequirement=0,EngramPointsCost=0,EngramHidden=False,RemoveEngramPreReq=True)",56,,PrimalItemArmor_AbyssalEdestusSaddle_C,,,,
"OverrideNamedEngramEntries=(EngramClassName=""EngramEntry_Saddle_OceanEdestus_C"",EngramLevelRequirement=0,EngramPointsCost=0,EngramHidden=False,RemoveEngramPreReq=True)",36,x,PrimalItemArmor_OceanEdestusSaddle_C,,,,
"OverrideNamedEngramEntries=(EngramClassName=""EngramEntry_Saddle_Hiveopod_C"",EngramLevelRequirement=0,EngramPointsCost=0,EngramHidden=False,RemoveEngramPreReq=True)",50,,PrimalItemArmor_HiveopodSaddle_C,,,,
"OverrideNamedEngramEntries=(EngramClassName=""EngramEntry_HatzegSaddle_C"",EngramLevelRequirement=0,EngramPointsCost=0,EngramHidden=False,RemoveEngramPreReq=True)",81,,PrimalItemArmor_HatzegSaddle_C,,,,
"OverrideNamedEngramEntries=(EngramClassName=""EngramEntry_HatzegDesertSaddle_C"",EngramLevelRequirement=0,EngramPointsCost=0,EngramHidden=False,RemoveEngramPreReq=True)",81,x,PrimalItemArmor_HatzegDesertSaddle_C,,,,
"OverrideNamedEngramEntries=(EngramClassName=""EngramEntry_HatzegExtinctSaddle_C"",EngramLevelRequirement=0,EngramPointsCost=0,EngramHidden=False,RemoveEngramPreReq=True)",81,x,PrimalItemArmor_HatzegExtinctSaddle_C,,,,
"OverrideNamedEngramEntries=(EngramClassName=""EngramEntry_SupercephalosornisSaddle_C"",EngramLevelRequirement=0,EngramPointsCost=0,EngramHidden=False,RemoveEngramPreReq=True)",84,,PrimalItemArmor_Supercephalosornis_Saddle_C,,,,
"OverrideNamedEngramEntries=(EngramClassName=""EngramEntry_Saddle_Nanuq_C"",EngramLevelRequirement=0,EngramPointsCost=0,EngramHidden=False,RemoveEngramPreReq=True)",59,,PrimalItemArmor_NanuqSaddle_C,,,,
"OverrideNamedEngramEntries=(EngramClassName=""EngramEntry_Saddle_Orca_C"",EngramLevelRequirement=0,EngramPointsCost=0,EngramHidden=False,RemoveEngramPreReq=True)",42,,PrimalItemArmor_OrcaSaddle_C,,,,
"OverrideNamedEngramEntries=(EngramClassName=""EngramEntry_Saddle_DevastatingRex_WPC_C"",EngramLevelRequirement=0,EngramPointsCost=0,EngramHidden=False,RemoveEngramPreReq=True)",100,,PrimalItemArmor_DevastatingRexSaddle_WPC_C,,,,
"OverrideNamedEngramEntries=(EngramClassName=""EngramEntry_Milkglider_Saddle_ASEP_C"",EngramLevelRequirement=0,EngramPointsCost=0,EngramHidden=False,RemoveEngramPreReq=True)",19,,PrimalItemArmor_MilkGliderSaddle_ASEP_C,,,Maewing Port,
"OverrideNamedEngramEntries=(EngramClassName=""EngramEntry_Saddle_Leedsichthys_C"",EngramLevelRequirement=0,EngramPointsCost=0,EngramHidden=False,RemoveEngramPreReq=True)",82,,PrimalItemArmor_LeedsichthysSaddle_C,,,No Untameables,
"OverrideNamedEngramEntries=(EngramClassName=""EngramEntry_Saddle_Deathworm_C"",EngramLevelRequirement=0,EngramPointsCost=0,EngramHidden=False,RemoveEngramPreReq=True)",87,,PrimalItemArmor_DeathwormSaddle_C,,,,
"OverrideNamedEngramEntries=(EngramClassName=""PrimalEngramEntry_PortedAndrewSaddle_C"",EngramLevelRequirement=0,EngramPointsCost=0,EngramHidden=False,RemoveEngramPreReq=True)",66,,PrimalItem_PortedAndrewSaddle_C,,,Shins Ported Creatures,
"OverrideNamedEngramEntries=(EngramClassName=""EngramEntry_MagmasaurSaddle_C"",EngramLevelRequirement=0,EngramPointsCost=0,EngramHidden=False,RemoveEngramPreReq=True)",95,,PrimalItemArmor_MagmasaurSaddle_C,,,,
"OverrideNamedEngramEntries=(EngramClassName=""EngramEntry_Saddle_Amarga_C"",EngramLevelRequirement=0,EngramPointsCost=0,EngramHidden=False,RemoveEngramPreReq=True)",54,,PrimalItemArmor_AmargaSaddle_C,,,,
"OverrideNamedEngramEntries=(EngramClassName=""PortedEngramEntry_Saddle_Tropeognathus_C"",EngramLevelRequirement=0,EngramPointsCost=0,EngramHidden=False,RemoveEngramPreReq=True)",67,,PrimalItemArmor_PortedTropeSaddle_C,,,,
"OverrideNamedEngramEntries=(EngramClassName=""EngramEntry_PrimitiveShastaSaddle_C"",EngramLevelRequirement=0,EngramPointsCost=0,EngramHidden=False,RemoveEngramPreReq=True)",84,,PrimalItemArmor_ShastaSaddle_C,,,,
"OverrideNamedEngramEntries=(EngramClassName=""EngramEntry_Saddle_MegalaniaTLC_C"",EngramLevelRequirement=0,EngramPointsCost=0,EngramHidden=False,RemoveEngramPreReq=True)",55,,PrimalItemArmor_MegalaniaSaddleTLC_C,,,,
"OverrideNamedEngramEntries=(EngramClassName=""EngramEntry_Saddle_TLCMegalodonSaddle_C"",EngramLevelRequirement=0,EngramPointsCost=0,EngramHidden=False,RemoveEngramPreReq=True)",45,,PrimalItemArmor_TLCMegalodonSaddle_C,,,,
"OverrideNamedEngramEntries=(EngramClassName=""EngramEntry_TLCTekMegalodonSaddle_C"",EngramLevelRequirement=0,EngramPointsCost=0,EngramHidden=False,RemoveEngramPreReq=True)",100,,PrimalItemArmor_TLCMegalodonSaddle_Tek_C,,,,